Index,GrainYield
11,246.77042405400005
16,261.73327338
434,67.52742731650004
435,82.5500789791
436,78.0146814428
437,72.17410058720004
438,72.97103863400004
439,80.35159165319997
440,75.9285746371
441,74.42061891200001
442,77.87083844779998
443,79.44952481549998
444,82.81143022469998
445,78.67902267490001
446,74.78440631570002
447,72.25732011240001
448,81.76730704309999
449,74.27738670500005
450,88.78254885880004
451,95.75232410050003
452,98.39951069880003
453,85.02157333790002
454,97.69665825839995
455,98.93458546050002
456,110.8020740689
457,116.4936497395
458,133.8669051705
459,138.11153334600004
460,130.68212451550005
461,136.30981767989994
462,92.83338527400001
463,127.51371792939989
464,149.13088786070003
465,130.3535902691999
466,118.95229300519998
505,137.1813168175
506,139.25414238770006
507,145.23404450820001
508,138.08920736869993
541,152.76280773539997
641,150.29757959059992
642,151.6242037589
643,133.3262923697
644,134.58405420939994
645,138.69054468059997
646,137.34276942760005
647,136.21577449059996
648,144.0996436044
649,137.52212583509996
650,138.79072124959995
652,137.1020474463
653,139.84420439469997
654,135.13185466649998
656,137.106502507
657,136.74551904329996
658,137.6133571962
659,135.945621921
660,132.35234708710001
661,135.03666433649997
663,138.70355719620002
664,135.5992333283
665,137.90642234220002
666,142.01888791999997
667,138.1287571962
668,139.55142617030003
670,135.48132288449997
671,137.6709642338
672,142.25231040809996
799,215.50168043300005
800,218.88315162890004
806,224.44755099530008
807,205.85781057199998
809,135.590784426
811,204.42634826000005
813,198.07287408100004
816,195.984565421
820,227.05140395600012
821,213.52611461900008
824,217.831962571
825,205.25388135400007
828,201.66058013400007
888,218.80616584799992
892,212.74882838699995
895,225.49482241300012
1018,79.60279469249998
1019,81.65996471269996
1030,144.34141236579998
1031,143.48614285499997
1036,164.3169867870001
1047,155.86625100699996
1061,148.17374013099996
1126,125.72545944210007
1165,150.91471327589994
1166,152.7191417311999
1167,137.50874416659997
1168,159.8761271774
1179,69.74114419090002
1197,248.48142167400013
1320,77.02876640870001
1321,103.8039982068
1350,183.20579643399992
1419,122.7874692556
1420,140.13207535630002
1466,106.81790486790001
1468,163.11369024040005
1469,139.67399224640002
1482,87.45707756300004
1483,86.14855873270004
1484,157.64039825839996
1485,155.019075579
1502,242.11321924700013
1505,233.295989734
1506,217.39363078199992
1509,216.2802255320001
1510,214.30354178000007
1650,78.18697172159999
1651,72.30619286880001
1678,154.086275118
1743,117.88305798249998
1744,146.1301619359
1795,159.9775154121999
1796,170.1650051452
1801,174.61452515039997
1813,106.75011012060004
1833,246.40878058300004
1834,256.1605566239999
1838,242.81107973299981
1839,248.19943125899988
1841,255.99421387999996
1973,92.87289506110001
1974,103.7714850258999
1977,127.08626575529998
1978,125.65981510090002
2063,150.06281195020003
2064,176.15656181330004
2065,129.98852718660007
2078,68.11412981410002
2091,242.16838526999993
2094,173.94243369599994
2095,243.22992934799987
2098,226.47659326800004
2344,158.6195662417999
2369,246.38974030899993
2370,248.09693318600006
2373,235.2865347419997
2374,262.7446801139999
2376,238.4584153559999
2500,77.47339103440001
2501,82.0202295988
2526,170.7886912360001
2527,173.57261871600008
2593,129.8915751291001
2594,148.6067004612
2648,173.67125853879995
2649,130.6551517505
2662,104.62130651210002
2663,71.85219321970003
2681,250.94645834800002
2800,99.9662424603
2801,102.81595466240003
2813,136.4802788367
2815,138.93118283229998
2816,145.3796627867
2819,145.64286931409998
2820,148.54604049309998
2835,173.01157807200016
2836,141.27341052789998
2852,185.39886852800012
2921,136.8098590433
2977,182.6474441025
2991,105.10641242990003
2992,189.70343984699994
2993,175.40380629059996
3008,162.67586003169987
3013,152.9763351759999
3183,137.84323468189996
3208,118.70940602570005
3216,164.5282680076999
3217,178.2958946126999
3220,150.84711915499997
3223,217.8271860990001
3334,66.51425027530004
3335,73.60521828840002
3346,128.77993513419997
3347,146.57542800469994
3350,124.22213573599988
3351,124.634978924
3357,144.72142380919996
3366,114.32893559629996
3381,133.9295327602
3455,146.00498825169998
3486,144.55889608759998
3488,141.48913660419998
3489,142.91535892050004
3495,243.430786444
3623,104.81128340200003
3624,137.5630390919
3634,150.48420709899995
3635,147.73920377200002
3639,131.53444816819993
3640,140.83620429
3645,162.95262937099994
3654,153.46413814000002
3655,152.18504335849997
3668,182.31275515599987
3669,180.21503254799998
3739,122.37117975359998
3740,126.09624398610003
3789,157.33733915129997
3790,113.80767893590006
3791,153.78519367720006
3800,89.8833082779
3802,171.95975295699998
3976,70.04007679610001
3977,76.22994530150007
3982,157.20440783799998
3983,128.19367337590006
4064,149.80351590639998
4111,155.11256952180003
4112,129.32668478699998
4124,169.873639335
4139,235.16378553
4140,253.0891351660001
4259,77.23942327520002
4260,81.49771950910001
4269,138.36275421949995
4273,158.17542935279988
4282,169.05076214000002
4358,142.05351261140007
4359,135.51496507020002
4412,139.03416265620007
4417,133.4388075966001
4430,69.19744283979999
4432,138.86983301100005
4444,257.23063748
4445,229.98779124199987
4644,137.5667105566
4697,147.71391931110006
4698,175.9963669639
4703,187.13486948030004
4704,189.5812854913
4717,94.05170698949996
4719,134.5253584258
4720,184.660028335
4731,246.14400957799992
4732,237.97809029199988
4735,204.62788032600008
4736,209.746393131
4740,165.25509454059983
4864,80.22579264259997
4865,131.52503739680003
5030,138.95591108170004
5034,134.1425565744
5049,149.44950546189997
5050,126.68215749910004
5062,243.01957084599997
5070,223.8414622329998
5186,74.27678583680003
5187,92.15506375570004
5188,100.79543283909996
5189,99.41959227699998
5206,151.58389417629994
5214,166.23171992389996
5215,155.62878899109995
5216,151.11960630189998
5217,173.57120025199998
5227,187.07553659466666
5248,161.85201119959996
5249,173.84214295600003
5250,172.21501737799997
5251,173.84541796800005
5253,176.65237905900008
5254,160.92036281019992
5255,167.9381494001999
5284,185.35806823500002
5401,134.76274755199998
5452,145.11747797960004
5456,161.38996598760005
5457,144.57773862770003
5468,94.68495500569996
5470,185.60400739730002
5471,139.70396813719998
5524,240.0189962219999
5563,256.47840017300007
5594,253.16575202799993
5716,78.41261494150005
5717,90.26100964250003
5722,155.12465989899997
5726,137.57116993049985
5727,142.0684513619999
5793,136.5258961868
5812,156.87778473600005
5822,106.3730483935
5854,238.942669546
5932,225.45153345700004
6062,231.43520500219995
6067,236.37087385900014
6071,239.89180818999995
6176,88.68748740060002
6177,118.22177189769998
6191,137.7602622406
6193,136.2121713841
6197,117.51290995519997
6211,140.69292924900003
6212,130.8576721543
6226,146.32867747900002
6290,163.30903807349995
6381,234.6366069929999
6443,234.56801170800009
6647,250.8831816040001
6821,233.91908162300007
6935,248.66736590500022
6978,234.2730669349999
7007,245.95261855399994
7091,234.46890826200004
7256,215.56893702099995
7260,241.52075338500006
7262,248.33633428800005
7378,81.14272691030003
7379,111.23400217690003
7393,161.88009473600002
7413,182.041773317
7414,155.52075299400005
7483,134.15874505730005
7484,102.55860606820002
7534,129.46582007380007
7540,197.4351944363999
7552,104.3349768117
7553,102.06040534470002
7555,176.68575716620006
7890,229.09416796200003
8061,227.49893688499992
8253,241.2388480050001
8285,222.27291362099993
8316,245.0054872720001
8704,221.924672378
9004,230.78354478800023
9103,254.69908589100018
9175,259.2239577160001
9209,257.9697606890001
9220,260.59069799800005
9541,201.8586583659999
9701,260.462562523
9735,241.4704078119999
9816,240.61618807799988
9939,258.34432202600004
9965,257.2720714430001
10200,256.28594146899974
10272,246.12248086799977
10273,252.62511034900007
10349,213.5844711369999
10350,204.78576103569998
10353,215.33485048199998
10363,225.63224232899995
10364,224.33485235700002
10365,198.04939309600005
10367,223.568916247
10430,252.9618157159998
10431,232.47949446699994
10477,228.9555565829998
10480,230.95037969300003
10482,258.3623798749999
10548,229.435830575
10651,235.6351021797
10655,248.88987296800013
10702,229.7792369249999
10754,255.95723789199977
10756,258.23009837200004
10825,226.56170190999993
10829,228.074071785
10878,242.08326017099986
10879,244.16595385800002
10926,252.60558103499986
10927,249.5277041619998
10929,239.798397632
10931,249.38572801500007
10979,223.3192714829999
10981,246.45121646200002
11083,234.78966238999976
11084,205.95057897999993
11085,235.98638603999999
11139,211.5917539339999
11188,220.36174360700005
11346,226.43472087770004
11349,145.81854362669998
11350,249.36768755300014
11405,237.628027583
11406,233.0521563979998
11508,209.97957722200002
11558,193.03724831
11563,243.87471822800012
11611,221.02804733099987
11613,225.803661546
11667,198.01919270000005
11669,239.75085693299997
11670,224.80434933399988
11744,193.94559613000004
11748,231.7065615729999
11818,235.01025814899992
11823,220.0687034779999
11869,236.86986914099995
11872,213.00324462999998
11991,230.96649727999986
11994,237.64469363200004
12040,215.89009334099995
12043,230.81415534199996
12096,154.55014337720002
12268,221.40553621299986
12317,211.38971741099988
12398,240.30306184499995
12491,203.48005645300006
12493,205.53849265499997
12494,244.675900596
12544,246.71508079999992
12545,218.6827722075
12598,215.54542482699992
12698,236.286780066
12771,200.80314651300003
12826,224.08701118700006
12948,226.5978523959999
12950,252.1731301620001
12951,236.030492191
12953,239.78632854800009
13092,112.53773232409995
13093,148.79348178140003
13102,159.73954626289998
13104,138.47257027569995
13105,127.63523241140001
13108,166.5080850658
13114,176.37234659400002
13124,169.07662932809998
13139,184.72284999899995
13202,146.19275256760002
13245,236.09789023500005
13246,236.65547245700003
13299,228.63215705800002
13346,211.62721396799992
13477,223.26326426000006
13480,225.65856289999985
13531,202.29456736999987
13585,221.84076439999976
13586,245.885691702
13635,227.020977205
13636,245.98584166900008
13688,219.46193664199996
13689,253.26595422400004
13740,236.52389978399995
13787,237.94866077499995
13789,223.78584648099994
13842,232.191583297
13843,234.54748455099983
13846,236.41022594300003
13847,228.760478884
13976,193.00602056510002
13979,209.73665920099995
14089,219.2042394969998
14092,152.89760304109993
14144,239.16178923699997
14197,208.73041978499978
14248,213.8607304289999
14322,189.91250570599993
14325,193.068429228
14376,226.642271282
14440,187.13338354100003
14441,200.2951025309999
14490,225.4902955479999
14493,235.1194676449999
14494,239.17854764000012
14495,241.6241374620001
14568,206.94037027799993
14570,146.40902223990005
14571,231.89700394899984
14572,230.06878334399997
14619,223.36321594599997
14671,250.86424454200005
14674,248.41754480499986
14675,238.53899021500013
14722,206.6527036455
14725,202.74606869800002
14726,223.3776787280001
14771,224.7953565589999
14775,235.37668142799998
14840,240.29462593699984
14842,213.91950111199995
14891,239.33040388499998
14940,222.2197513879999
14943,225.16485806600005
14988,234.21563017699992
15060,233.70750475899996
15064,240.85854261000023
15065,223.793131466
15114,223.36434589299984
15117,210.3356817489999
15226,193.26054345810007
15229,220.6425394299999
15230,245.62838257299987
15341,248.86402064999987
15343,234.43808716500004
15390,243.62554498899993
15477,228.590878992
15529,214.05867291400003
15531,243.36144170799994
15532,208.52316696899993
15603,239.72842475500013
15653,227.2447565389999
15656,215.70747093200006
15658,207.41533939
15726,251.19331601599995
15773,220.14163173199984
15776,209.74101242
15845,237.65297102699995
15848,214.62329789200018
15898,224.5880286719999
16012,223.61407951199996
16015,188.890686889
16016,182.7345674460001
16094,206.57517101300004
16314,234.97864434099992
16316,211.62933920799992
16317,220.81865133300008
16386,214.10540332999994
16389,219.63250913499996
16390,217.70218723299993
16436,213.69919925800005
16483,234.44718538599992
16554,236.71039156000003
16557,230.88087591199996
16713,212.2666483369999
16797,231.3672296700001
16799,234.74032596399994
16801,213.58551223899983
16893,211.60816519899998
16944,240.18230801300007
16945,220.22424883800014
16993,243.88488549500013
17085,222.96959554799997
17138,223.8095286929999
17209,215.70394324500012
17259,224.33834604799986
17262,212.26580253400007
17311,233.954659637
17313,211.7073412799998
17384,219.24457543100016
17453,209.34472956550005
17455,216.24930698200023
17456,236.1933212269999
17506,235.44016418100009
17612,201.28323963550002
17615,239.8063211620001
17875,225.0430416849999
17880,222.36066064399998
18007,217.18893618659993
18008,251.3586541569998
18011,250.43758416699998
18014,247.11334452800008
18038,203.43655257500004
18040,241.53980001899998
18085,210.46921357570002
18087,234.21783251299993
18088,235.621864989
18130,210.58984118099994
18133,242.40862559199996
18135,241.9495794620001
18232,230.47758890899993
18234,239.2587723670002
18303,228.28439368399998
18306,213.0178996990001
18307,210.2397726729999
18451,210.87286292299993
18455,209.56060632099994
18500,217.46122749499995
18503,236.27904749799995
18571,237.50772596900006
18572,238.17311548499998
18616,207.26965276100006
18618,217.68532508300007
18619,206.755798797
18664,206.69207056750005
18757,202.68437488599997
18895,221.9539449079999
18898,210.10089402200003
19036,215.13644392299994
19041,220.54414469700004
19159,226.4744909449999
19288,211.54470185000005
19292,238.489332408
19405,201.17937409499987
19407,213.02483220400012
19410,245.41282658800014
19478,225.43751093600002
19580,226.74079785650008
19632,211.49553684000017
19677,209.11264130900017
19680,220.4004158449999
19681,206.9525920979999
19750,213.55131777099996
19803,241.39947684299983
19804,212.3112954879999
19848,232.8499040539998
19919,226.558288481
19920,248.92129966099998
19921,197.93399272099995
19988,241.184629328
19993,240.68867928200004
20087,242.88504536499997
20235,235.76971660999993
20238,215.4115316150001
20403,231.23296973199996
20452,212.89735798399985
20506,223.1386426239999
20554,210.20324353800012
20602,222.69748250099997
20648,225.48910559299995
20705,227.0725580690003
20752,214.9154494589999
20804,216.48138021099987
20807,254.3703967839998
20906,193.88014161599992
20909,136.13524419630002
20910,238.97978150400013
20957,212.8444127219999
21010,209.96468182799993
21011,236.71940985600023
21058,235.20254081399995
21106,197.96243418099988
21162,226.39704079399996
21165,254.42643510099992
21233,208.1398036829999
21282,209.9221610652999
21337,238.94072734899987
21339,253.82544042100002
21406,246.579701539
21458,237.02883927699997
21502,211.80021747199987
21506,233.84130458100012
21508,221.18765407299986
21555,233.04975396899997
21701,216.40444433699994
21704,253.67902372099994
21750,237.32349222099995
21753,229.69191141599993
21800,214.28506070699987
22024,174.83535912800005
22076,143.38912372670006
22078,223.47001588900002
22127,206.55780965100013
22180,229.47653203299987
22230,214.76810548799997
22302,225.41108555100007
22408,235.52447862699995
22411,150.64178790899996
22462,242.39142812400013
22463,243.81451991200015
22464,236.0084328180001
22585,218.464727529
22588,257.4590588279999
22653,226.21077420699996
22655,245.86131757699997
22656,236.8013899149999
22708,217.76277166100016
22753,230.97602449369995
22806,219.09933434099995
22808,249.73475127399993
22811,223.74377921999982
22856,202.86122651369996
22860,224.35357214900017
22908,249.91878637999997
22911,231.5677071599999
22960,221.10602912470011
23014,236.36827896699975
23064,217.4951890449999
23113,210.0652085999999
23163,235.81140283999997
23164,242.39903433999996
23212,194.21549289770007
23301,209.49863651199993
23353,223.3990088779999
23399,220.0065253796999
23451,233.54633702699996
23553,247.48153099299972
23599,196.37019606700008
23600,229.38358464399988
23604,232.97329012699993
23605,229.30014573699995
23652,219.89000505299998
23700,215.54970506099994
23704,240.738066116
23755,236.41251219900005
23818,207.17031057699987
23822,226.01209501200017
23873,233.2075273499998
23923,208.48054722100002
23978,232.343915017
23981,239.4115146640001
24077,211.69565654599995
24236,245.54815060599984
24241,235.57580933799983
24310,256.07874765800005
24399,253.83550154199978
24454,250.83394653399984
24505,252.42380860099985
24549,229.20692023670003
24598,233.89381330299994
24601,169.98005958399995
24673,253.27691285500012
24719,231.23807957599985
24766,231.43479272299996
24769,226.08295790399995
24816,241.69465777799994
24870,251.9930552020001
24871,252.44046971299983
24916,249.73521304799982
24919,248.75865907199997
24962,257.7338716769999
24964,255.9387325300001
25008,228.112755122
25059,248.40032416199995
25063,251.14219893400016
25113,175.1629733909999
25290,220.89528231899985
25334,238.368647628
25402,251.9133115749997
25497,254.39574148699978
25500,236.32040773100005
25545,249.67030216099982
25549,232.083035997
25671,243.011098084
25734,248.60920291999977
25737,236.88884332499995
25738,240.49458108299993
25789,253.60874018900003
25836,235.637913711
25838,227.3701261139999
25839,230.21683002300003
25840,247.52156136900018
25885,247.7209804609997
25888,207.9251532360001
25932,232.411513993
25936,244.89379400100015
25980,256.27248459699985
26010,194.18318403400008
26012,231.66777685899993
26055,246.55764247099975
26059,248.90575842600018
26105,211.5714419632999
26203,248.49436142600004
26253,234.96057492670002
26420,234.69584870800006
26424,252.38570911500014
26519,248.952685491
26538,232.6119730349999
26578,244.63576591899994
26642,239.61613903000006
26773,248.33030089800016
26848,253.07194198200017
26947,241.61399060300016
27108,230.86275635099994
27129,247.7632967140001
27319,246.8505460130001
27489,221.84184957700006
27516,237.17557796999995
27617,253.33145520200011
27659,241.47075652900003
27679,248.90077035399997
27844,246.26249931700013
27866,245.3560236240002
27908,251.65008532000013
27932,226.15911666399992
27979,242.61872971899996
28172,223.65595861600005
28213,233.30185199500002
28360,223.952903173
28491,230.67917592600006
28542,235.82011910400007
28604,229.97843975300006
28951,238.21847053999997
29065,235.66226501199998
29254,231.93892561999996
30001,255.6728506499999
30134,261.06649417900024
30166,259.62108072500024
30368,238.48493697099994
30430,257.0766757610003
30545,250.00657528399992
30807,259.075525674
30956,256.7055310960002
31122,252.29534699100012
31145,243.21667962000018
31207,255.84656521700006
31696,222.92355324399995
31738,222.72419236999983
31783,206.41895013199996
31835,231.885125642
31895,222.023605811
31944,214.3185145336999
31998,207.7246025449998
32000,230.7641238999999
32049,232.13506077799997
32050,198.70123676270003
32055,240.21172517899998
32104,215.62585779399996
32156,152.1622354911
32158,223.40116840300013
32246,228.51981855500003
32335,215.57738384400028
32382,236.45654099299998
32384,239.1012895149999
32386,244.61737255499992
32455,225.2578901319999
32456,225.55551548199983
32457,234.16227893799996
32506,201.27470578899988
32578,244.90044189300005
32626,215.31831919999985
32676,199.66857852469994
32678,191.30492031400004
32679,205.96206324799996
32727,258.141075115
32771,231.88086764270003
32860,248.7639266429998
32863,247.09085277999995
32910,258.80402847699975
32914,250.45518581700006
32958,262.37919795299973
32959,232.65303887599978
32962,256.83169386300005
33008,257.0740761419999
33061,197.66306686500005
33062,209.30294573899994
33107,223.634467169
33125,249.86202268699998
33209,242.67138191200021
33310,201.59982637750008
33313,233.99354912999985
33362,235.31700045699995
33365,241.76824309999995
33366,235.312466113
33367,242.45961951300006
33411,224.56423530399988
33415,253.14656808300006
33505,255.19011163100012
33530,215.63953734799986
33533,225.17986771600005
33581,220.3710513710001
33675,261.66637695200006
33777,225.30151267799985
33780,242.67201096800002
33832,247.183547219
33919,246.73822113500006
33965,195.0078567050002
33966,192.88879041499996
33970,222.48736592500012
34020,198.87458629199992
34022,205.60185921599995
34023,206.28762519000009
34074,216.8806989459999
34127,142.54781746169994
34129,226.39922444200013
34179,222.47314570299994
34276,238.11257054899997
34278,226.5179556569998
34279,221.69182813600003
34281,233.00837755099994
34329,247.95830486500006
34381,193.97408939299996
34430,172.3931550732999
34473,204.57426223099975
34476,219.89450237100002
34620,191.96066495269994
34622,215.333081625
34623,210.2740325910001
34704,211.73704434999988
34706,210.08155606300016
34709,219.90720325599995
34753,194.87267831000008
34757,225.6882734829998
34856,189.10570090200005
34958,245.29638801299998
35008,206.090979744
35009,215.7730982599999
35114,213.3416231327
35117,185.18402579799994
35169,227.83160300800003
35234,228.05585266399999
35238,232.43366714900003
35312,246.00906074099993
35313,211.82699338400005
35393,222.61508279700013
35437,204.01358028450002
35439,251.80318368699997
35440,242.09190342200012
35525,226.90069664399988
35529,241.529985989
35575,217.58075452800017
35742,224.58074001699987
35790,220.17639680699997
35794,240.92248343599996
35930,233.49286627099994
35935,231.68682011299995
36005,189.365893729
36113,235.96705255399993
36114,227.534497514
36115,226.58701169699998
36200,202.188013657
36202,220.8589054030001
36299,218.0753275370002
36300,231.69178541799994
36345,252.8733952349998
36347,225.74331044699986
36394,250.15899687899983
36396,236.006460085
36446,236.32190592499992
36449,211.42886161099992
36450,234.91135780000005
36499,227.53518657370006
36553,251.43408202500012
36640,243.04887829500004
36687,212.07936273800004
36731,245.96083697299983
36735,205.81911626600012
36776,241.6197157649997
36779,172.2815396259999
36781,254.9244856750001
36827,249.2330393139998
36931,246.0015033597
36934,239.43261554999992
36935,246.28610985000003
36979,232.24267541449998
36982,219.72447234500004
36983,226.5192007749999
37031,245.41914650599978
37033,247.17345533000002
37034,255.35130275899988
37036,205.94796461400017
37081,251.6711715609998
37130,249.43004340499976
37233,250.84042835700006
37350,235.67484112799985
37435,253.70501693099982
37439,237.55128460799992
37485,252.33378362799974
37489,244.5246138149999
37490,246.07508146600009
37537,255.5774237859997
37585,243.32679093599978
37586,238.54687340199996
37632,230.3516537156999
37688,249.0022711040001
37735,217.28058418399996
37738,230.802864067
37790,230.9453807369999
37834,237.86392698500006
37837,169.0952926280999
37889,247.42108147300013
37936,245.02669715999983
37938,237.469880596
37985,247.94726128199977
37987,251.57634059699998
38039,245.97599623299993
38229,218.89705189899985
38232,157.839387764
38281,196.13199008200004
38284,237.04906853599994
38327,197.84142588299997
38330,219.12065696799985
38376,210.80264440099984
38431,234.714066829
38525,218.4318517526999
38574,185.78558237299993
38576,145.39439897769998
38730,219.59512589070005
38734,233.83448640300008
38800,185.435610811
38804,240.1401817679999
38870,186.40468569499993
38874,218.02701250500004
38919,241.07387716899993
38922,227.71605377100002
38967,211.14490311299986
38970,237.359449331
39059,247.1656962209998
39060,231.53987548699996
39113,256.3928791889999
39179,228.4574378159998
39182,243.01171505899998
39276,228.06997146399988
39377,260.7729476469998
39380,247.68239539000012
39382,255.15716558099993
39425,239.8549083419997
39429,246.8533668929999
39430,254.10736437699984
39494,247.17420534399974
39497,224.38850183899999
39638,251.010747472
39690,236.13930689999995
39743,248.87423709500007
39805,250.04537273599982
39853,244.7157159469997
39855,224.98068250899996
39900,241.09918359199983
39903,242.74845460699996
39952,222.91778788070002
39955,246.11021435500004
40028,239.51499956400005
40073,228.34716416900005
40074,256.773525825
40118,222.73201569999998
40169,221.5609028749999
40217,248.62687647369978
40220,219.98703565899996
40312,252.0792694259998
40316,255.88516087499988
40317,261.6363555039999
40396,186.5800850509999
40397,247.1571020920002
40443,247.09705202599997
40444,201.36345036099996
40494,227.8889908749999
40560,232.82889510600006
40795,213.25572501800013
40798,244.19367861400002
40866,202.94048141900018
40913,203.35430390300004
40917,209.90223186799986
40982,213.62778947600003
40986,204.96309744699988
41053,206.94229475300006
41057,232.62179536099993
41213,241.53602598300012
41331,255.44138015500022
41353,247.586255246
41567,230.6987170019999
41568,236.389746551
41595,247.74242429700018
41767,249.20463339300005
41800,255.08821536100007
41801,251.4943595120002
41824,221.4012156679999
41901,228.94052397299984
41928,237.81205861600012
42008,105.03626451069997
42009,112.24425638819996
42014,125.09317590849996
42015,145.011044439
42075,227.62002530899994
42076,254.3059754300002
42110,238.93434626900012
42135,86.24848722760004
42136,80.22676038540006
42145,150.4823557506
42146,142.93325019739999
42147,138.26591602149998
42151,130.21252875689987
42152,131.88363479190005
42157,137.77521325819995
42167,119.44217310139999
42182,130.99445472879998
42319,258.4795934660001
42452,250.40309408100006
42497,236.09218681899992
42671,247.59795405999998
42698,262.015505191
42726,242.99553214100004
42795,249.08088901099984
42812,247.98752060200005
42840,228.55774827299993
42922,251.69487535400012
42949,248.1630759040001
43036,257.8936552960001
43058,254.14059181400012
43174,242.151295907
43175,242.644469763
43358,257.8923233460002
43467,260.01296409200006
43468,246.60798771099988
43510,255.8972531550002
43533,260.4243539710003
43550,255.90538833600013
43585,221.22510176199995
43729,202.814668462
43744,229.5385124090001
44041,227.15051419400007
44095,248.00380760699997
44125,251.68273956700003
44171,232.11337756000003
44172,236.91504184300018
44889,131.64914442429995
44890,165.44001839130004
44891,170.94673940799993
44892,134.97799678309994
44905,170.10715205319997
44906,169.91320061320002
44916,178.64783219100008
44917,175.49015537300008
44940,167.56787550299998
44943,141.58842434179994
45042,146.71413651970002
45079,137.92614988840006
45080,149.2387949955999
45089,159.2417184802999
45090,165.79529768190002
45091,128.4331489541
45095,161.1196428913
45096,162.74006512740004
45124,173.13915393800002
45385,161.71169650099998
45386,157.89849628099998
45387,131.0814875003
45397,165.70585682200007
45410,154.57331556499994
45411,161.54666136099993
45412,141.38895013079997
45413,137.18690731029992
45422,181.363109226
45423,183.14457191000008
45455,138.993808556
45498,153.3156875431
45538,150.41618881569988
45539,150.3899231436999
45540,148.35707326529996
45585,151.56469320729994
45586,156.0999480412999
45587,147.63876879200006
45629,130.00653572329998
45631,149.575299257
45664,119.58365573230002
45686,154.41154223799992
45687,154.0949073722999
45698,183.6211582
45728,159.6647204839999
45729,148.10351618399997
45730,147.62987958599993
45731,162.61689838289993
45740,182.94222336899998
45750,88.62639680419997
45751,126.07741364220004
45771,161.52458638299996
45773,145.06765123520003
45774,127.41578239710003
45777,157.14162983510002
45778,166.2463410104
45791,168.98816749960002
45793,171.8624674996001
45810,159.88533277300002
45812,173.58306080700004
45813,152.1975744496
45814,145.89863970599993
45815,146.32476877439987
45832,179.19888225600008
45833,184.07179387900007
45839,181.77633435200002
45966,133.18783093220003
45967,158.38683611290003
46014,161.58221503700005
46015,153.991779256
46054,152.85706188300003
46056,94.6151436627
46057,113.67765166990003
46066,145.00738892849995
46122,138.89544061780006
46123,136.45990084470003
46138,142.34987169680005
46139,145.37837847780003
46148,181.94387942300008
46149,178.168202717
46180,152.89852949299996
46181,151.17915693059993
46183,154.6117540732
46224,151.72143265299997
46226,145.21746141589995
46236,124.22857604519999
46267,150.7042238244
46269,138.9421478106
46270,140.05290118289994
46279,182.678792008
46310,142.7772821628
46311,151.71729682899993
46312,150.7686011033
46321,170.755089966
46322,160.80207208259995
46357,150.30412372899988
46358,154.90764852930002
46359,137.02698176300004
46360,142.0888404122
46369,157.56579711800003
46405,155.01371534899997
46448,151.192176464
46449,148.34251678900003
46450,139.03974391999998
46451,152.96293988700003
46482,141.64395081200004
46500,149.315569082
46501,143.44385049740006
46551,151.02202666699995
46552,155.56206177699997
46600,155.20479824999993
46601,148.40843466039996
46603,144.37809039219997
46612,179.3846944530001
46643,141.72129938520004
46644,145.97086664449998
46645,113.85105468889998
46684,138.60737370079997
46685,159.87851632299993
46686,134.48126657979995
46694,173.4556337079999
46725,158.2197148040999
46727,146.675190126
46728,162.314152382
46765,70.64854794240004
46766,71.37393654270005
46781,138.97275393019996
46782,138.13121203759994
46783,148.20649043749995
46784,152.09439916709988
46787,119.57954923909995
46789,125.14817792819998
46790,129.70144920899992
46799,141.23364850319993
46826,118.99340454199992
46905,111.67767441760003
46948,156.60093713399996
46950,148.684738998
46951,143.45456054119995
47033,145.48738346599998
47034,145.44385558709988
47035,131.82517557360003
47045,174.68324251
47079,143.92552387200007
47089,165.09352474900004
47123,150.2757512427
47124,147.28693330190004
47133,171.83497696000003
47168,140.73133425499998
47177,129.5723804744
47206,129.5445868076
47224,161.11474611299988
47227,152.64023614239994
47236,167.95097873700007
47272,146.27272151999995
47285,167.69612226910002
47320,152.65075882959994
47322,133.93329786919992
47368,140.30777270219994
47369,140.11730095689995
47370,132.2270137032
47371,135.1467621734
47380,172.37222636540002
47381,157.4777239598001
47412,136.4751315156
47413,160.79133460399993
47415,154.048590927
47504,159.42810169599997
47505,155.6021065495999
47506,144.07136309400005
47516,146.40426284100002
47548,156.90356155299997
47549,150.6394878949999
47550,133.99923223170006
47551,156.1999879613
47560,168.10479577100003
47561,161.25260472099998
47592,145.82907148909987
47603,172.0103918309999
47604,172.1450727306
47641,153.67838900999996
47642,140.47277942299996
47684,158.60649684599994
47685,148.69483229399998
47733,142.3021073474
47734,143.76971977920002
47736,165.55611853
47737,168.17852785139996
47746,174.5449232910001
47754,177.53299862
47822,140.67438439989996
47823,146.60009923159998
47833,171.87434550899994
47847,159.76423947599994
47850,156.41153810219993
47859,189.00631377699995
47889,153.24734766620003
47890,153.11517242749997
47891,154.48024534800004
47892,152.55072088000006
47901,158.09180600499997
47933,157.2391438503
47934,148.60173816999998
47936,147.95399399410002
47945,175.21106982910004
47946,166.97725577050002
47977,142.83038971250002
47980,147.9507459706
47989,173.90843302879995
48030,151.0108464003
48082,146.52716209099998
48083,149.41741361799998
48084,126.25193669860003
48128,70.60278794310003
48144,138.32168364439997
48154,181.03364106299995
48155,184.58360680799996
48185,151.04552956799998
48186,152.37332932099991
48188,156.40138630619995
48244,122.84825763469993
48247,147.57239102539995
48289,159.0691986119999
48291,152.20916898540005
48332,149.05550693799998
48333,149.36671879499994
48335,147.23222799299998
48374,156.35665344999995
48376,147.82015056179992
48377,147.20699191260002
48386,181.543407633
48387,161.27986701399993
48429,133.5536717168
48430,134.804332602
48432,131.31631437029998
48475,142.59839653119997
48519,152.62635877799997
48521,137.93621061869996
48522,138.58017292939988
48559,138.02565131739996
48560,137.99928490679994
48565,135.7786966813
48566,119.97508622219995
48616,147.95515156799993
48618,140.8439919727
48619,141.32296370330002
48629,163.65015769629994
48664,138.5852198692
48666,140.15859666119997
48667,137.56452779739996
48707,155.78854081899996
48749,154.69659301799996
48750,156.887406737
48752,156.26539767699998
48761,163.5708255951
48801,156.29743367699993
48802,149.03525106109993
48803,159.9503693148
48804,154.07540400099998
48814,180.081938764
48826,154.52046004379991
48896,154.31693894799992
48897,155.89824628539995
48898,149.69239145160003
48899,154.0656162939
48909,165.11598791149999
48938,137.45259457330008
48963,144.40829576299998
48964,145.14426590499994
48965,126.47393674199999
48966,133.35144086300002
48975,172.36848463900003
48976,162.84401016779992
49007,154.2765813273999
49017,165.58518078700007
49018,175.002643447
49053,145.86352294000005
49054,159.5781991219999
49055,144.36638459600002
49065,181.194242978
49105,148.31498933999993
49106,145.68417994030003
49107,157.626088858
49148,155.68668257799993
49149,154.26658957450002
49160,162.12855753499997
49192,146.22732855200002
49194,149.93060371099997
49195,139.33507853749998
49204,185.36062097199994
49239,140.90360367713333
52310,76.21794273810002
52311,69.29616428500003
52316,154.85793027099996
52331,167.189638646
52343,168.76291309200002
52344,184.47528443700006
52472,103.02110920869998
52476,141.60466825889998
52483,147.34020903800007
52525,145.32319869399987
52543,79.84086326059997
52545,140.78529224450006
52548,160.912294123
52562,147.73377469420004
52563,154.72419644300004
52565,156.55198843710002
52574,149.48359419850004
52575,135.82075250399998
52578,210.60321730200008
52663,77.05730994929999
52664,150.976014571
52672,146.91620710659993
52673,159.44544735159994
52674,137.81860922839994
52675,151.5473869755998
52678,160.82614351160007
52684,173.18838343239997
52685,172.81152586139996
52694,167.85717490519997
52695,161.236850159
52705,177.6326912374999
52759,94.54708910490004
52760,105.36411177449995
52774,137.51159930040004
52777,167.24254384360006
52778,170.27425365790003
52784,181.3750845046
52808,193.60833127900003
52888,109.80674005769997
52996,126.91467528140004
53034,161.78062202300003
53039,159.32084800207997
53075,159.26246753900006
53080,148.16504231100004
53118,152.2653366309
53123,155.88429521980007
53124,161.01949038099994
53160,160.40880943700003
53171,156.14424006800002
53204,159.18192812760003
53212,203.98581831499993
53228,78.7105230151
53229,70.73822754140002
53238,147.4532058079999
53239,149.73748116199994
53240,133.6901611977667
53241,135.8533986031
53244,142.28614208589997
53245,139.52409934009998
53250,169.32153789269992
53251,171.42784243999998
53260,163.01780316430003
53261,161.3953031643001
53274,163.17328201060005
53275,169.25812389729995
53504,161.15678387800006
53516,158.59197235000002
53517,157.49835733869998
53524,191.195409673
53525,192.51332902599995
53561,151.78924567727995
53562,159.99672287199994
53598,107.68825866929996
53599,109.69641767809998
53608,131.23085597480002
53609,148.50265257399994
53724,126.15171252070004
53725,151.87953287790003
53737,185.0610806743
53774,162.44478197150002
53779,160.24438645599994
53780,159.00495572339997
53784,205.4290741209999
53820,77.84656399720002
53821,87.966133807
53905,153.15293608510004
53906,143.8686653293
53953,121.78079680579998
53971,103.54600178940001
53974,144.5336133709
53991,109.29493899349997
54036,140.22736220140004
54041,183.95819752399996
54070,77.00913704610001
54071,97.94444718869995
54181,101.20901632289998
54182,112.79415854459998
54260,138.0111993055
54290,110.40811455580005
54291,157.01779518200007
54304,152.47711102689993
54305,156.91311798699994
54306,160.67907942499988
54311,173.84531706300004
54312,156.539585728
54320,173.97113308200002
54322,177.24708800200008
54336,171.10251343739998
54337,177.229191601
54340,159.14582625219984
54341,150.55943464359996
54456,157.52446285389996
54457,154.0558550335
54494,159.29674382900004
54498,146.3188398212
54536,160.23472208
54543,171.04916639250004
54548,185.48680927599997
54549,186.80692820649998
54582,159.48956076120004
54583,159.29079937570003
54589,179.30845266199995
54615,164.40242972049998
54620,131.87940935770004
54621,147.06232453480007
54673,78.27992388519999
54674,79.7901858461
54689,135.09800450119997
54690,153.65140096200005
54693,125.85393512600001
54709,142.12600644389997
54722,169.70796357400002
54725,180.4233307533
54796,197.15476660899992
54801,144.779852444
54802,163.468204197
54843,114.52014936950002
54869,79.0789730676
54870,80.8627017591
54994,139.28425782240004
55035,206.67126104899998
55054,164.010364573
55066,201.7477379694999
55098,160.05179230480002
55108,160.98953883870007
55109,187.91746852000003
55129,81.27327017960003
55130,126.84665853490003
55139,149.2717533059999
55140,150.37841481419994
55142,140.91541756330002
55151,172.1150889060001
55161,169.80287298
55162,173.0478006780001
55268,172.39616020940005
55270,174.15472174310005
55284,96.79686641549992
55287,146.41200651669996
55301,153.70348843400006
55331,69.19493270840003
55332,81.6380829233
55345,160.55910595199987
55346,146.67176589709993
55351,157.38939772800003
55352,145.85702345059994
55368,155.3123562166
55443,127.84868703789999
55444,155.2682522786
55478,162.32757189690005
55483,162.105355737
55489,174.18759288899997
55552,168.6287699444
55558,201.18240032899993
55575,87.99412428720001
55576,91.76339462840004
55590,129.61365371440002
55592,125.8229686386
55595,113.6103920648
55596,151.4223450838
55611,150.57975949219994
55626,173.4259856799999
55674,202.31114183599996
55712,159.18125829259992
55713,161.48049420339993
55718,204.19240014899995
55738,101.6222991231
55739,149.6885003439
55760,168.58552059300007
55761,163.8159909046999
55766,172.12585063300008
55768,173.9729131160001
55783,151.2751527829
55785,158.26421456399996
55804,195.304287455
55806,181.8656342470001
55807,196.35542022300004
55927,166.32660336199987
55928,155.18961587279992
55932,129.66159539659998
55933,142.45096762690002
55956,147.20832103889998
55957,137.31371663680002
56009,143.12270673460003
56010,139.44109809909997
56028,60.52279980619996
56029,64.53151014960002
56030,185.9619489039999
56038,89.42409773119999
56039,83.18788719100003
56052,141.57876271039996
56053,134.878380553
56054,144.1922991144
56055,162.65336049919998
56058,125.87174764289998
56059,137.92814110399996
56064,148.52925024530003
56065,148.8194546530001
56074,147.45430951729998
56089,150.5367189530001
56098,79.43673732830001
56099,97.19531980519997
56108,150.84199508199998
56109,158.95039061129995
56110,157.32930978599998
56111,152.01946697109994
56114,139.68940634679987
56115,154.455936929
56121,168.65253375799992
56145,164.19953428530005
56173,167.6063252825
56184,204.5607913879999
56185,193.3281140369999
56201,71.18424720240002
56202,108.53651405219998
56215,147.96246465070004
56218,133.76622956140008
56221,121.70167681699999
56227,138.5264770589001
56228,135.70768454000006
56237,130.27256811499993
56238,126.6273713694
56252,169.7790589426
56346,171.73173065960006
56353,174.74089493359992
56380,158.38618099740003
56381,158.0569859096
56484,158.55368011139998
56491,156.65652278840005
56497,199.19565188299995
56521,149.68834371599988
56522,149.68834371599988
56564,87.08748136930006
56565,94.39597366520003
56591,171.1533242481
56592,173.62070058310002
56654,149.34327427729994
56655,157.67552016049999
56678,77.06868082610005
56679,76.67098579950007
56682,95.37423691870002
56689,110.07368361210001
56715,82.81487139090002
56716,79.62351739320002
56743,72.69998217830002
56744,169.62820829889998
56748,181.71019620900006
56753,172.9780833391
56793,83.05058162170003
56794,83.36671827730002
56805,129.66923771979998
56806,135.26473550480006
56811,170.96650857549992
56824,169.36562652259988
56826,173.00809619400002
56827,149.46795279959989
56840,214.54511655
56841,198.00507548860006
56886,70.62546891070005
56887,160.2996775541999
56923,81.24627236400002
56924,86.86600042459999
56934,158.40141086740002
56935,156.9659474863999
56944,189.24857283999998
56945,168.56980424500006
57018,85.41076998700004
57019,99.1910909881
57025,155.34582094220005
57026,155.34582094220005
57031,171.77411007299997
57032,173.0568810531999
57038,78.18119747280001
57039,76.6587424578
57064,182.76636433999994
57104,72.08454879070004
57105,80.58545291800003
57114,164.82598547259997
57140,83.08769259590001
57141,95.63682959649998
57150,174.18915353810007
57151,172.8145403129001
57177,76.44147781810005
57178,141.50997203810002
57182,180.66063410900003
57188,163.68914675259998
57214,83.6590295684
57215,82.42456463460002
57251,78.50228039900001
57252,102.63509823859991
57255,177.60778901999998
57325,70.54377884980002
57326,78.50893852210007
57329,179.04741219569993
57336,184.66090094369991
57345,79.94964426060002
57346,83.8044245647
57357,169.876290862
57358,144.12123260069993
57363,176.3598854875
57365,176.08667077049998
57377,175.63533796600004
57379,135.1792400689
57380,154.16958678299991
57393,182.85062913599995
57440,65.68763310340002
57441,156.58278671199997
57444,169.86186531899995
57445,171.09666531899995
57498,70.71004287710001
57499,87.02400902460005
57502,175.32156982899994
57508,162.661365598
57613,81.53069650900007
57614,175.43126199749997
57617,163.936803378
57618,167.85450337800003
57623,165.199486228
57624,168.209719848
57650,66.35456936580003
57651,116.90634098480002
57665,172.0500642282
57714,75.01392885800001
57715,78.67732437079997
57718,172.68188503099995
57724,156.20459069019998
57734,73.82381250230003
57735,144.4815055084999
57738,168.86342507400005
57744,163.00888740799996
57770,81.63597904090004
57771,86.9278137233
57776,140.32818418960005
57783,168.64013667099996
57788,178.18761533140005
57790,77.51081956800003
57791,83.97505234590005
57794,174.4780218
57801,168.67161545300007
57901,85.28258914740002
57902,152.4355690200001
57910,160.86186547760005
57915,83.77474402820006
57916,107.45969212249999
57919,130.8505059578
57925,120.98993681829994
57926,161.89530737549995
57951,64.35207402000006
57952,81.22266973360007
57965,130.01814057459998
57966,145.23392872619993
57970,149.42066995479988
57972,143.62058110489997
57977,171.98957179299995
57980,186.07870965999996
57991,151.22926811670004
57993,153.61568817679998
57994,157.05632221220003
57996,138.99614397229996
58011,147.58026010199998
58112,83.59247936399998
58113,118.51298408009994
58129,176.88128106999997
58131,184.59838107
58141,169.88504427299998
58143,172.9226228449999
58144,151.5418533837999
58145,162.36958833789993
58159,204.1206126630001
58215,125.38252057800004
58249,72.18329440650004
58250,80.75325604679998
58264,152.62162000699996
58276,80.02511227290002
58277,93.87107467719997
58280,174.77612067399997
58287,170.8613458754
58312,77.07862040060002
58313,88.87424091809999
58323,175.12843987866665
58349,80.33573761590002
58350,74.48616070640003
58355,155.14986117489997
58360,157.33837061140005
58369,169.91729146600002
58451,142.9850052105
58486,76.95999515890003
58487,160.29921637099997
58503,165.24724799400002
58505,174.75562695099995
58516,176.36146039469998
58517,179.732151984
58518,173.25636358999992
58519,177.41365198400007
58520,149.45098157719994
58521,145.63004921599997
58534,204.22196482700002
58535,199.538449163
58581,76.81360394620009
58582,81.16874063100002
58583,130.01181796940008
58588,184.000072681
58589,186.62678624300003
58598,169.191028311
58600,173.0025415956
58626,80.34554610090005
58627,112.72321752930002
58636,171.30964593400003
58663,76.70802064910004
58664,179.53763351600003
58668,183.22214462100004
58699,76.62712196260003
58700,138.08439602439995
58703,171.89138626999997
58704,176.77038189900003
58710,159.72683687160003
58737,75.12628458780004
58738,140.82811932059997
58742,162.87725733399995
58747,149.4294669479999
58748,172.393857681
58757,79.66047833540001
58758,150.655648192
58762,184.69463399600002
58767,178.18006570299997
58793,84.72703869599998
58794,99.49245902669996
58797,174.58014399249998
58803,165.92363256300004
58830,77.61940887200001
58831,163.26335957289996
58835,181.06199445600004
58840,169.63418051900004
58841,167.2017914573001
58867,82.477931675
58868,117.61050803860003
58872,171.27608253299994
58877,153.17616872019997
58878,173.41614578200006
58904,77.63001190710001
58905,116.2220791913
58908,180.09025122499995
58975,85.60644913800003
58976,110.3286290518
58979,180.11866189250003
58980,181.22080655250002
58985,171.5445148635
59012,78.51722392949999
59013,90.070678942
59024,165.72063789359996
59025,137.54440654220005
59031,185.54231895099997
59032,185.54231895099997
59033,185.972018951
59042,180.57674623399998
59044,175.93247269699998
59046,148.59962603589997
59047,139.84676852489994
59060,202.3533636740001
59108,88.70136530229998
59109,80.94731841510001
59121,164.9735524496
59127,186.54285311200002
59129,183.21430877300006
59138,189.39496874
59142,149.16468541499992
59156,213.26243202600008
59205,88.45832215400003
59206,163.6475183614001
59209,169.180028413
59216,180.99078277000012
59299,74.3538564058
59300,134.89062397739994
59303,159.8421573339999
59304,174.86156219599994
59335,85.20226637229995
59336,78.56029545249994
59339,174.59955052599994
59340,175.56636137599995
59345,167.42498949409998
59346,172.592058847
59488,83.53381897250003
59489,92.98006266969993
59500,130.1137347849
59507,184.40280086000007
59509,184.70383271800006
59518,174.05211489699988
59522,150.89722400180003
59523,152.56776409619997
59622,101.31952583389999
59623,86.7521427203
59638,151.94051614340012
59639,155.10959811879994
59690,135.909136202
59691,158.3808513012
59726,76.97244696979999
59727,89.03387587149993
59738,170.38739180000002
59739,174.76956101599993
59744,182.24681535099992
59763,100.10625807339997
59791,80.6720826842
59792,104.74474043459998
59803,144.01546577469995
59822,165.14412453780005
59823,164.8420051708
59824,145.94479562989997
59825,150.3319367966
59886,83.51690708020001
59887,177.05164098399993
59890,184.59111895100003
59891,197.075896306
59923,92.06820527359997
59924,98.85731758019992
59927,181.208723146
59960,77.3885207883
59961,99.06453707839995
59996,107.25621542420005
59997,166.15142144299998
60007,171.18971333010003
60032,117.56705649840004
60033,162.00410042809997
60036,157.1372022569999
60042,154.56809999999993
60043,156.59809014999993
60069,104.78515421720004
60070,106.92876530129999
60074,178.19433417399992
60079,172.5497601120001
60080,170.93000687940005
60106,110.8186906593
60107,152.23900790200003
60110,160.5673519782
60111,171.54144852139996
60153,103.14119780509995
60154,103.24896552039995
60163,167.88463919200007
60190,104.31381292349995
60191,113.37793938509998
60194,183.90179620900003
60200,167.264992567
60201,175.22485513900014
60228,102.36633336950001
60229,105.21537602249991
60265,115.17924570210005
60266,164.22170190309993
60269,170.53480653799997
60276,167.46439878400005
60339,103.42429696789998
60340,107.1050212953
60351,170.30939539250002
60352,166.18185061780005
60369,165.800783212
60370,155.40862128419997
60379,208.45283744000014
60381,187.895455628
60463,107.31504204989997
60464,168.71685645500003
60468,178.34688390000014
60500,103.64758441259995
60501,161.32294331390003
60504,188.837590621
60510,172.0113148851
60511,161.70527831680002
60557,153.16164459590001
60558,152.72195899200003
60567,149.25088359219993
60568,160.07865546000002
60571,153.27158359209997
60572,166.53921122599996
60573,171.45776070860006
60581,174.51048394260005
60655,165.66219384610008
60656,166.41976439370004
60691,122.62830439139996
60692,122.55762122499989
60696,165.92768854799994
60702,170.90198096000003
60728,167.82809025640006
60729,144.82386720049996
60733,179.157610837
60738,176.35707063300003
60764,162.45001323489998
60765,168.81441983539997
60778,128.88800137810006
60779,150.56180679020005
60782,163.53869862650004
60784,156.3090099582
60812,164.32942244799995
60813,172.01669999999987
60814,166.59499497119995
60815,151.64693533379995
60832,209.71712557400002
60834,200.1450924699999
60878,160.76958462439995
60879,136.49933357969996
60884,151.98017625219995
60962,159.6611586841
60963,157.93991749980003
61025,157.02907973300003
61026,167.55703818299997
61035,167.797277032
61062,173.32768056009994
61063,183.16530318099996
61075,105.17609265509998
61080,188.0621449190001
61082,185.40277680900002
61093,169.68652406699988
61094,168.3125
61096,148.5013093963
61097,146.47783224480006
61111,196.51715147699997
61196,172.81213066599994
61202,157.7244312310001
61284,149.29487096959997
61285,155.7838946359999
61287,144.06559165140004
61288,132.112217425
61289,157.14717319619993
61296,150.53467677920003
61306,163.547801306
61348,148.79206920420006
61349,148.67602029660006
61350,157.654708876
61352,107.0349314334
61401,97.88478697709994
61445,158.00957457330006
61451,183.05861609000004
61460,146.19808082689994
61465,198.92546586000003
61503,155.55277113399995
61504,150.86815908499997
61506,161.72881015500002
61507,110.39396357080001
61515,161.03747852980004
61516,155.19138083800007
61567,162.11877807190004
61580,160.46005440000002
61581,132.1410364305999
61586,204.71154247799993
61625,91.2481131482
61626,174.0960389795
61631,177.3649659281001
61637,156.0084983373
61639,133.50347406100002
61640,164.31058598299995
61645,183.95107406099993
61646,205.28694963400002
61681,141.2053683346
61682,145.2427449566
61683,142.97426382799998
61686,127.57694949579992
61693,112.93766993349995
61694,136.66535900959997
61701,148.21192552899996
61702,179.96648423300002
61744,148.1329695079999
61750,170.44205943000006
61751,174.19888480600002
61757,154.296366063
61758,140.5331141552
61759,137.7094961568
61764,158.14564615159992
61823,164.99821835499995
61824,166.99246150300004
61829,176.4465437416
61830,175.13744374160004
61837,153.269664598
61838,151.40058575820007
61885,159.78773201400003
61886,154.47848089399994
61887,145.2662622662
61888,157.216371574
61890,145.0543289502
61891,148.21327363199995
61892,151.26096379179998
61894,131.28489312089997
61906,119.70977086100011
61912,154.27298786100002
61913,180.82429461299998
61976,141.5440059808
61977,150.60389223520002
61978,133.8783782196
61980,135.31274153959995
61982,138.48853177210006
62000,182.75230571600002
62097,138.06901337660005
62098,141.1228592187
62099,138.65930089200003
62148,138.60660144439987
62160,142.37663104380002
62204,118.42740729500001
62205,141.53496963289996
62216,168.32827221609995
62218,143.09243047769996
62219,157.17210626699998
62262,156.25291573990006
62263,159.67180306190002
62269,164.40251157300006
62276,142.34890934679996
62277,145.38920952419997
62283,205.507357198
62320,145.20005300500003
62322,154.72039638299992
62324,150.89967719630005
62325,151.6571743402
62332,155.2070521410001
62333,158.8238251692001
62343,181.82357703299996
62385,130.36346713450004
62391,178.16393934866664
62392,187.0169341709999
62406,195.4859767159999
62443,154.66950005699996
62444,135.11094900900002
62449,166.18017969100003
62450,179.53384468430002
62455,160.79030809359995
62457,157.15270041639994
62458,146.3969191736
62501,121.29859118030006
62502,150.7318863778
62507,170.51504256440006
62513,160.1725906982
62514,164.64271405309998
62515,149.23204411399993
62516,153.24086384099996
62521,202.09573063199997
62522,184.77018327799993
62556,158.64315538599996
62557,151.99905441700002
62558,144.26964388409993
62559,159.33082603800003
62576,181.978304665
62620,162.31192897399987
62621,162.72668722999995
62626,169.49514603629996
62627,172.87084603629998
62633,161.63354541180001
62634,146.36371761169994
62635,165.55995112299996
62680,153.59486153969988
62686,172.07387336100004
62691,148.3465775856
62692,139.72980533370003
62693,156.7226821559999
62694,160.57048676399995
62700,175.54745869500005
62738,153.83634104399994
62739,161.84381615299998
62752,165.57438696199995
62753,163.82669855899994
62758,176.90868613899994
62793,157.740054703
62795,145.50454510559993
62796,153.87439719499997
62797,149.11571196949993
62798,146.5064292282
62799,161.92217613900004
62805,146.82580369089996
62859,152.23533553139995
62860,159.65665804019994
62871,160.7759354014
62873,147.0637337808
62879,169.39080467389994
62918,83.96612210949999
62919,156.29723958280002
62931,173.37162178099996
62932,149.9966944739
62933,144.79675277089993
62976,143.517378024
62977,150.71096400999994
62979,158.37703957135002
62981,148.45810259400002
62983,153.94600489800004
63030,134.46937696880002
63031,150.15472553580005
63044,153.6346531501999
63045,146.7891097807
63050,195.8887336350001
63090,147.10022497159994
63095,176.43004374160003
63102,171.96345165900001
63103,138.99126056530002
63150,163.67700228899994
63155,168.44727987
63162,174.43953216700004
63163,137.75972551759997
63164,138.44990958679995
63169,200.83813733999992
63207,152.64859539599993
63208,149.1971114253999
63209,143.998041423
63210,145.947057306
63211,122.87517559569999
63212,133.62094728879995
63219,119.95542219609996
63220,123.98681857879997
63229,165.6576757936001
63273,129.62221431299994
63274,133.9680853148
63275,141.282950566
63278,140.26434095000005
63283,133.73371509889998
63284,116.708828362
63334,142.93362530519994
63335,151.15682626799995
63336,155.28767113999996
63338,137.5946290916
63404,148.86933124620006
63407,119.51041812109997
63408,120.44133049869991
63409,134.88016083800008
63415,120.37113063499996
63422,172.557335756
63465,130.7880464739
63466,125.49809749119991
63469,146.4350769965
63471,140.01114095000005
63476,131.84230701050004
63477,124.54996993230003
63526,127.11898524270002
63527,163.047490205
63532,173.341382175
63533,180.12385142399998
63540,155.79913931500002
63547,186.67657224100003
63586,138.73685472909997
63588,121.66655383899999
63590,141.81402383400007
63595,125.50464980489994
63596,147.49385284699997
63605,171.42982827800003
63683,160.66288275279993
63695,161.37289677699997
63696,163.52758454700003
63697,131.08029328220005
63698,134.75501835180003
63749,183.961585862
63755,176.1322130233999
63756,182.536424047
63757,163.32325543739995
63758,152.86997087259996
63763,194.40002890600007
63802,161.5668326526
63807,170.624591922
63813,157.626832276
63815,150.98870342299998
63816,148.98861137999995
63821,176.82276209500006
63856,154.9167118512
63857,161.20212885020004
63858,135.63424724360004
63859,136.81975793680002
63861,139.6163047535
63906,144.01001487009998
63908,137.18599112690003
63909,151.04873200820003
63910,113.7090330765
63911,122.24659842330001
63974,77.02865355110002
63975,147.55071655899994
63980,168.44081485099997
63981,173.59652893999993
63986,166.76322856699994
63989,134.48052432519992
64030,131.59926958569997
64031,135.30302211899996
64032,113.62744994290001
64033,129.6701460996999
64034,93.89716723269996
64051,143.59842843400008
64088,142.5210445018
64090,149.64281808099997
64092,95.49547292649999
64142,146.8072200402
64143,127.74146012299998
64148,168.27054175599997
64154,156.30641336960002
64155,147.07769001609998
64156,143.85826436230002
64161,182.65344945000004
64201,154.92164761399988
64206,171.58049022699987
64207,171.73389022699988
64213,154.26171629300003
64262,165.93187256949997
64268,173.6398779599999
64269,173.8184779599999
64274,169.77930849699996
64276,159.60337839309994
64277,151.22856401599992
64283,195.99449429599997
64292,152.80123905499994
64293,149.47381434859997
64294,146.14090933300002
64295,142.9980217876
64296,137.60621284370006
64297,165.4196749877
64299,164.81871052380004
64303,172.54863510690006
64358,138.07917927710002
64359,148.62233848799994
64362,159.34175246400002
64363,159.34175246400002
64369,158.80032700659999
64379,205.45735429799996
64420,150.75000681899994
64422,153.91330761519998
64423,150.36452500120006
64424,158.86607531709998
64429,156.1589639701
64472,165.29395352799997
64473,151.53830480899992
64474,150.597675612
64475,98.82160615380003
64476,153.0443885286999
64477,111.1772588897
64478,159.40995246400004
64481,147.06637302299998
64482,145.79286859939995
64488,167.18039775300008
64534,164.84108352499996
64535,145.76299414039994
64541,173.80173686499992
64546,157.37001060270003
64547,155.271224468
64553,165.23499936900004
64593,161.1971812580999
64594,168.60471004199994
64605,158.75731254699997
64608,152.22835766309998
64650,157.13528428599994
64694,145.7289268448
64695,148.95292612740002
64696,148.14606217999994
64698,157.40382168999997
64699,158.43597613900008
64700,159.786248496
64761,135.37847279529993
64775,145.94440771159998
64781,198.19795873699996
64782,192.40541723899983
64817,158.05471848499997
64818,155.68091230199997
64822,159.3831190491
64870,144.30916185900003
64873,157.70116062819997
64881,114.83708352519997
64890,173.63182538860005
64996,162.86557944999987
65002,189.98500673600006
65007,152.23507651159997
65008,160.70557983739997
65009,136.0242628373
65010,138.72670635669994
65016,180.42700500499998
65050,154.849116855
65051,162.09848826099994
65053,155.40017405599997
65056,162.745430973
65063,158.1608298301
65073,189.17070181900002
65113,152.80640019820004
65115,147.4064590182
65116,154.08700623619998
65160,145.98890629519997
65161,127.72084678269995
65165,128.47138923490004
65182,174.22952109900004
65227,150.70622583870002
65228,160.35947047599993
65229,161.10937623200002
65245,187.384895403
65289,149.9072117971
65291,120.23702662869997
65293,132.5385397709999
65311,175.84327944300003
65355,159.065220381
65366,153.9439410773
65367,166.77265815720003
65368,159.94035907799991
65369,155.90847237299994
65411,135.35454010200002
65413,137.98474937659998
65416,125.67709241069993
65473,150.21202791899998
65474,158.4063337715
65523,156.01302111879988
65524,145.15437241849992
65530,168.06436945300004
65535,166.02513716000004
65537,143.6318708297
65538,142.7605386734
65544,175.74560734400006
65577,158.14415884219997
65579,125.2967320183
65580,154.2382911832
65625,166.09858972899994
65626,155.12454418539994
65628,137.80191213810002
65629,102.34343404290004
65630,159.4960202278001
65636,162.57994609590008
65641,160.88174559600006
65684,158.97405214499997
65685,144.3730946564
65686,144.0596127589
65687,146.56345085510003
65688,87.80131629100002
65689,151.89763496859996
65690,158.39920663200004
65691,158.70970663200004
65697,147.48617218149994
65706,156.3406597740001
65749,173.2739647127999
65750,160.5675508212001
65756,191.98839403500003
65762,188.89471193799997
65763,151.43897348709996
65764,142.96233112489998
65769,192.5714212860001
65770,200.71458321200015
65804,146.4456760086
65805,117.69742778710001
65817,165.16434238599993
65818,156.14775808730002
65819,155.44867379
65824,180.33760645900003
65825,210.87115434300006
65836,92.08567477360003
65842,170.18474256440007
65843,172.18863539510005
65849,135.38467273300003
65850,148.95406880609997
65895,83.74659860260003
65896,92.42313213890006
65901,168.29998134800007
65907,147.84052453709992
65909,154.60483034399996
65910,145.54069539519998
65953,150.20051406899992
65954,148.26506925399994
65955,145.81573320899997
65956,145.22083118699987
65960,162.75319489899994
65964,160.492787482
66020,163.8388655954667
66027,184.57888378799998
66032,162.4583534208
66033,164.52243649499994
66034,149.38479655259994
66035,160.7783611832999
66040,176.82321122500005
66079,157.48432854920003
66080,154.1281447612
66081,149.9925772392
66083,106.11263365490005
66085,160.83248870100002
66090,154.7447685861
66091,147.68624631
66145,147.26536386680002
66151,164.170274235
66152,174.37515087300002
66159,142.93973187459997
66160,151.18444120920006
66205,131.6152212275
66206,142.29881453659993
66218,169.40394230180004
66219,145.23381270009992
66220,149.50825450379992
66265,144.274177539
66271,177.09045804999997
66278,171.34903546899997
66279,148.44023481139996
66280,138.25624724239995
66325,154.82874896699997
66327,156.082137981
66328,158.645359693
66335,164.57514533499997
66345,169.11528112779996
66390,92.31997735430002
66391,145.66220470499994
66396,169.41477783900007
66402,152.21347482829992
66405,161.28964841499993
66410,164.27769299700006
66411,163.5408878089999
66450,160.47884083199995
66451,143.23896628299997
66453,153.07500177099993
66455,155.237976161
66456,137.87086152539996
66458,115.29562243749999
66459,162.87966221109997
66465,161.679957994
66472,151.05392684499998
66473,154.101646504
66539,155.07110121620005
66541,155.51859246520004
66542,121.93047543709994
66585,148.89533764799998
66587,152.24769128500006
66588,146.0475826679999
66589,144.69330867209993
66591,149.3406752009999
66647,153.71588147999998
66648,141.87595652599998
66650,139.30661175610004
66651,129.40817108139996
66698,144.7600671086
66699,147.53191324250002
66700,155.50240969959995
66701,139.5415868025
66702,142.96358812789995
66703,146.62679340644996
66705,133.7353570919
66711,140.87755170899993
66766,139.48644409699997
66767,147.59614053880003
66772,168.52134228799997
66781,149.28254229319998
66786,193.96372875000012
66822,126.11718223830003
66823,128.29545951260005
66824,126.06421098510005
66825,119.29962712009996
66826,117.08904501130002
66831,128.83128413199995
66877,152.293376101
66878,129.8299255999
66879,144.89980938400006
66881,144.27502074300003
66882,151.48077650989998
66884,138.34362383400006
66890,138.13499564600005
66899,197.15136141399992
66941,141.36735944450004
66944,124.96546704949998
66945,153.2400128685999
66946,157.14625979329992
66954,149.79879964329996
66964,154.3775130138
67009,160.8167763441
67010,156.28820867749994
67016,178.93663999500012
67023,142.29306159240002
67024,156.34441661900007
67066,151.54309468099996
67068,147.42386025239995
67071,150.94081590169995
67072,156.6240214162001
67073,160.23387613900005
67079,156.75972217839993
67089,161.10327213789995
67131,142.59491587690002
67132,130.2933748821
67185,132.11669770139994
67186,137.7296232686
67187,137.06326037210002
67189,115.30875143589998
67190,159.48747567049995
67191,149.2766122639999
67248,152.19571109799998
67249,159.00212274899997
67250,151.70483242159997
67260,150.627081891
67268,163.6838714060001
67309,152.6266029122
67310,158.33729619
67313,148.94928530289997
67314,136.9058314137
67315,161.679957994
67316,164.02377405200002
67319,159.400382784
67328,185.87364043600007
67369,152.60732803909997
67370,149.77490474999993
67372,156.77286334400003
67373,165.155867464
67376,157.19073880500005
67421,158.45238550199997
67423,147.095055953
67425,160.49109713800001
67426,155.9444699809999
67428,159.60963415199996
67486,144.44127807999993
67493,175.63079230030002
67499,153.00942311010004
67500,144.09133068600005
67542,134.28258047069994
67543,141.38526806739998
67545,127.92788057339993
67546,160.58675033199995
67547,162.2026150673
67548,156.64813745520001
67549,162.357930973
67564,154.74693199100003
67609,134.20027502000002
67610,141.23777508099994
67615,169.88967783900006
67616,176.99801091500004
67622,164.973681975
67623,151.34660117689998
67624,138.8855202562
67629,176.2099738
67630,190.88295931400003
67681,164.11661466039996
67682,161.612836899
67683,157.25604512899992
67684,152.21765363999987
67689,166.27266222700007
67728,151.21467919999995
67729,145.77414700379992
67742,162.27280358599998
67743,129.98056366549997
67787,140.75667810599998
67788,154.59347602129992
67800,178.513236496
67802,142.02549178720002
67845,147.01294047709996
67846,134.35795842299996
67852,182.8183650963
67859,143.75691850159993
67860,141.39596985339995
67865,168.05650094400008
67899,154.6460011632
67900,151.03211479120006
67904,133.8797614577
67905,155.03523943490006
67906,153.9144394349001
67958,105.38044175550003
67964,180.56447778199998
67965,181.18573999500003
67970,168.62631181500004
67972,152.26059120799994
67973,151.99690213009998
67978,181.80032545700004
68017,158.99204914699993
68030,176.07771354099998
68031,160.6643505259999
68032,156.90629996309994
68061,78.66097621090002
68066,162.4286119843
68072,153.77662414449995
68074,141.7770932323
68080,163.26280328400003
68115,156.9902781942
68117,145.0396226304
68118,126.29536031629998
68163,151.30508656680001
68164,162.57794800499997
68170,175.35092731199998
68175,154.5474222506
68176,150.14225780999996
68177,152.28711436599994
68178,158.10740522819992
68183,160.24731161400007
68222,101.94210363030004
68229,179.95789076200003
68234,168.30560929400002
68236,147.1475502985999
68237,151.43512336599994
68242,190.6178085429999
68278,145.55336830559997
68280,154.61524091699994
68289,154.6491177014001
68341,179.16325821899997
68352,162.99312315149996
68354,142.55007574520002
68355,144.8132066627
68410,135.54128184499993
68416,173.85400964599995
68422,145.12560119860004
68423,150.1407877038
68424,150.1355529829999
68425,139.83910700000004
68430,173.23587209599998
68466,158.90557963599994
68468,157.595999043
68469,138.27933193720003
68470,162.1187546289001
68471,163.61561964799998
68475,160.0119667644
68476,135.20165652509996
68524,133.09318416249994
68525,155.0624497098
68526,152.66493003019997
68527,133.8034574397
68530,151.27394485500005
68536,144.84473833299998
68545,201.2924871510001
68590,149.83116841030002
68591,162.38104313280002
68602,161.14468781200006
68604,145.35584309759997
68605,149.71329010729994
68650,170.12229665170003
68656,176.41952624600006
68663,159.5459836109999
68664,156.802493314
68705,142.4211945708
68711,175.0679232910001
68717,166.706753588
68718,157.66750765129996
68719,148.58709478449995
68725,190.66293265299998
68736,97.53707187279998
68737,151.91900126209998
68750,131.74721611820004
68751,146.41723857430006
68756,173.3621309520001
68757,197.03873703100007
68791,130.98885205799996
68792,131.2670433708
68793,147.36213564809998
68794,123.67022523240003
68795,145.06973501459993
68796,145.2461852445
68800,145.41141334059998
68848,160.07637463399993
68849,146.8996165806
68851,136.903546127
68853,142.13873668570008
68855,165.9382797968
68861,167.34474918790008
68870,189.88156527699996
68916,175.08683435000003
68917,171.40864346839996
68922,184.70083663200006
68923,191.56685010300004
68930,153.84211053479993
68931,151.62696984179993
68974,167.9855749789999
68980,176.74213308200007
68981,177.4401986310001
68986,174.98444031460008
68988,136.08659732819996
68989,160.21408606599988
69034,164.6813931680001
69040,173.27256799900013
69045,172.92500078500012
69047,150.8962975239
69048,145.98435041039997
69053,194.329191051
69092,152.79818348699996
69098,174.73178726400005
69104,149.651616952
69106,164.68516924999992
69107,165.87570473999997
69112,166.5449290159999
69151,166.63761258389994
69158,171.78801566100003
69163,171.25747329000006
69164,172.08017664800005
69165,151.68108201639998
69166,158.58000381399998
69172,192.16488916400004
69211,151.4623285366
69212,129.23799184980007
69217,173.675560497
69225,149.73987402709997
69231,190.74465252099998
69269,149.34215689959998
69270,155.86930572899996
69275,170.20092720399995
69281,160.516043859
69283,145.1563748103999
69288,181.007857887
69329,150.42277392510002
69335,167.67174369899993
69336,171.48353151499992
69341,164.96149581000006
69342,168.650553588
69343,137.94757652899997
69344,136.58472351929998
69350,195.10778253200002
69389,165.95862179839997
69394,174.3719820920001
69395,178.50572141300006
69400,164.79627346000012
69402,160.2485461109999
69447,150.81141004539992
69448,168.98069653599995
69460,169.0664698735001
69461,158.30844058099984
69462,146.4001727175999
69467,213.13270275599996
69507,158.58715027079998
69519,163.46756025400018
69521,138.3411512664
69558,146.9361051467
69559,153.670661022
69561,125.04824933260008
69564,139.19154892350002
69566,125.0345465536
69602,151.133083868
69603,154.963442825
69641,138.64668523920002
69642,145.84390164699994
69676,154.92639147020003
69677,143.8085373472
69678,154.66991272020002
69679,134.65864687099995
69713,151.413239077
69714,155.78121610999997
69715,139.82291522400004
69716,138.44833266320006
69751,158.70327520200001
69786,155.7318585021999
69787,153.66833026539996
69821,155.7327325739999
69822,152.214562926
69823,131.3089568193
69824,148.2067334525
69862,139.53110465700001
69863,146.27791123900005
69865,164.004382075
69902,151.4027322166
69903,145.67073259160003
69904,143.690895916
69905,163.08333322199996
69943,150.01599080500003
69982,156.2005647951999
69983,153.2337831551
69984,128.75836635850007
69985,139.63645019860007
70023,138.9308163907
70025,137.5941416268
70026,136.047164113
70065,143.48107903400003
70066,136.1353014898
70067,131.93964661380002
70101,156.05255447099998
70102,149.04464285899996
70103,141.6128446298
70141,140.2777604438
70142,143.9073944353
70174,148.4040749227999
70176,142.03225614810003
70177,143.41258467100002
70221,156.76402807200003
70223,142.69197463669997
70232,173.32276385659995
70259,130.50560794159995
70260,147.89452033799995
70261,143.2572966867
70295,137.09973154389994
70296,158.08411017059993
70298,148.87739116419993
70308,188.36468828200006
70333,151.57865924939995
70335,106.45129779150005
70344,142.7450168852999
70372,137.541004767
70373,155.60461289269998
70374,141.9824786511
70388,149.82728564599992
70389,154.1301749140999
70396,152.09211795260006
70424,147.01959860309987
70425,146.8956078692999
70426,145.9924058844
70427,148.62602973279985
70463,161.414266511
70464,163.3791156990999
70465,147.6508350304
70466,158.2665836774
70502,155.94412446899995
70504,156.75569002299994
70514,165.52528809900005
70524,158.21962253699996
70525,132.90969677109996
70526,138.20202496599998
70527,153.67496327949996
70545,149.685163862
70546,146.70505808700003
70548,154.88121351099997
70637,149.96746917700005
70638,136.8824106506
70682,186.9649111389999
70709,147.07562022209996
70710,136.29838325219998
70712,153.49185126400005
70731,164.6324288689999
70732,146.31520643219997
70771,148.50774598199993
70772,154.24614575839996
70773,139.55147869690006
70774,158.35672852309995
70784,158.3476424712
70809,144.236283576
70811,158.955813656
70812,144.81079394480005
70851,148.07404163809994
70852,120.36522746760002
70853,129.71710779109992
70863,151.1274980550001
70876,157.41849167019998
70877,157.68978918530001
70878,140.18840065899994
70917,170.43870387200005
70918,171.8064038720001
70921,154.52391882299992
70922,151.54069819699993
70925,193.3215491600001
70953,156.40902597099998
70957,196.928832936
70982,160.105605932
70985,139.1017772749999
70986,139.18625311249994
70989,194.44722313999998
71001,146.80708909800006
71002,135.1779177609
71028,160.01475355699998
71029,161.65195355700004
71032,133.98786732039997
71033,139.98238877999992
71064,146.06353915689994
71065,144.39600764239998
71068,192.42415823400003
71090,169.34760175300002
71091,179.0382196980001
71094,155.04194678649995
71095,133.59081969519994
71098,187.70741560700003
71099,168.89267998799994
71126,156.541927095
71129,124.54112611049997
71130,131.94671121579992
71133,180.21400814100005
71156,150.47345562219994
71160,167.17261739999995
71184,178.87538583499997
71188,160.00029159599993
71189,162.258998929
71212,169.47260285200002
71213,170.96133898100013
71216,143.8850848863999
71217,124.45985387159992
71247,175.8516748240001
71251,160.4721666699999
71252,169.91714952699988
71255,190.05515481399993
71277,156.10592353299998
71278,161.38033036200005
71281,147.54935734959997
71286,191.255904506
71309,143.9519913637
71310,152.49926180699995
71337,169.78225660000004
71341,143.77057576309994
71342,148.33202927659994
71345,198.065393038
71377,149.85392476899995
71378,142.40755549539995
71406,152.85121511339995
71407,145.6514058709999
71433,170.51453492000005
71436,146.40612365089999
71437,148.18790752489988
71440,200.21970607700015
71468,150.59947892599993
71469,152.9195110219999
71472,173.30098238299996
71497,166.175906083
71501,135.80103691039997
71529,166.41549963200004
71532,139.74835430619996
71533,135.69605078089998
71536,188.80380799999995
71562,157.31001953599997
71563,162.55021052400002
71566,146.711996715
71571,174.73934119300003
71594,173.45839914300004
71598,148.63026000999992
71599,151.5074504343
71634,154.09461973799992
71635,139.3890367061
71663,158.54209596500004
71664,159.068275612
71667,146.177382181
71694,170.01416554400006
71695,171.27759963200006
71698,140.54109342099997
71699,144.86584103359996
71732,147.67463059389996
71733,139.4929399521999
71736,187.93455857
71763,169.87624950766673
71764,165.9812620328
71768,140.51857447039993
71772,192.85637486000007
71797,161.65195355700004
71800,139.77965332559995
71801,129.628468019
71813,134.81511393009995
71831,193.451897309
71854,158.64619625699993
71855,152.38753758999997
71869,140.3960958321
71870,141.11216649139996
71901,150.10351387609998
71904,193.3609767340001
71928,137.71977151359997
71929,142.59832704849995
71939,135.01897467179992
71940,141.5957482741
71954,159.61239596500002
71958,142.6639142848
71963,169.68566964099992
71985,147.8993426031999
71995,179.88057877900002
71996,177.984719876
71999,157.0616016193999
72000,143.00355953099995
72004,185.04136644899998
72015,159.61239596500002
72016,158.80227561200002
72019,131.70568187399996
72020,138.7773474823999
72048,156.10592353299998
72051,128.3175961345
72054,171.89466460599996
72055,170.47079249389992
72075,134.94149259569994
72076,144.06528347579996
72087,178.114514943
72090,150.34604832099996
72091,154.20669211809997
72094,200.38813490499996
72106,130.73950449069997
72118,171.84095816000004
72121,156.9725169049999
72122,152.8996578661999
72125,160.80806191400004
72149,143.23246356359994
72150,150.09427353289996
72159,136.31014211959996
72170,144.56910857189996
72171,138.65494026389996
72190,130.37198064119994
72191,135.54458587589997
72227,151.04557157500003
72228,158.83401080499996
72229,143.40967612600008
72280,140.72417783720005
72282,145.74200109299997
72283,126.73507077360001
72347,139.0049152850001
72826,127.8610569495
72863,151.28067195820003
72864,160.68758564710004
72869,182.21370232339993
72870,184.03167089379986
72883,54.167582244699986
72884,40.82324676939998
72889,174.54073228700005
72908,122.23621721479998
72965,171.33504382639993
72971,192.9168307744
72987,70.63759668960003
72988,121.30366372350001
72989,166.76764141669992
72994,177.96320219399993
72995,179.6638021939999
73069,153.93168950620003
73070,160.91579523770008
73081,105.1801931145
73083,148.40017646490006
73088,170.86180175549998
73089,172.06919417049997
73121,166.62617207229997
73129,122.00519900590007
73136,183.42533245500007
73153,158.25466855040008
73206,167.36218793799998
73211,190.8449543872999
73212,148.00657165190006
73225,129.81498319609992
73227,143.5852263587
73653,187.6195940984
73654,179.57913075059997
73655,161.4359815454
73667,118.67524298059998
73668,163.77505155769998
73669,156.16888842449998
73772,158.37364827789995
73773,144.95168441959999
74183,131.1375475611001
74221,164.6400041448
74222,139.39910567770005
75684,126.87641973999999
75685,142.34734175300005
75686,149.92665614880008
75692,137.72160430300005
75741,147.7621056952
75756,165.5141644963
75765,150.62181575239995
75766,147.3016269736
75801,163.47588966639998
75802,161.5851423404001
75807,178.05727089510003
75836,151.50338648720003
75841,169.99274031989992
75880,88.18576272939993
75892,139.2610698408
75969,62.43415414499997
75980,166.53538872350006
75986,172.58822875970003
76007,129.89239634670005
76016,159.73464070340003
76017,157.14438994530008
76020,147.4080811335
76021,140.63334593780002
76035,147.04071356119996
76049,172.2831961509
76050,176.36599678129997
76053,180.4494265705
76054,181.15024470330002
76082,45.149326897899975
76123,155.54993133810007
76239,153.72972336910004
76262,184.79588292339992
76265,176.379743577
76266,167.82866017700002
76302,125.49658051390001
76353,142.94034996670004
76368,151.3525865756
76369,146.90429995620005
76374,171.00512675629997
76375,165.44174753330003
76390,160.72005636450007
76413,132.11081016520006
76414,143.82525032140006
76468,165.6545600209
76473,190.86852430629997
76474,173.19907599139998
76487,69.92559058190001
76490,166.14736811790002
76575,167.83881199670003
76577,145.5481581196
76589,143.7053496337001
76625,142.60821650480003
76655,121.74673242370011
76656,114.29305593990004
76683,116.66097262309994
76684,116.34270680129994
76731,141.70452970899996
76747,54.815175665100014
76818,155.89202322170004
76891,143.9043737308
76937,69.83008454270004
76962,166.71605523449998
77041,171.45204116230008
77042,170.48031177429996
77077,118.62028326089998
77104,140.28269221290003
77119,136.02119737500007
77168,146.98296489160003
77170,170.53318309070005
77171,133.82304607370008
77177,145.82299354620005
77191,120.97971029330004
77192,114.6336824338
77228,145.79256840329998
77248,159.10921641429996
77249,137.76969260080003
77252,176.9260861694
77292,116.48525631930002
77338,179.94160773699997
77340,170.34819270260002
77361,146.39775910330002
77425,128.417015131
77454,114.70429454539999
77455,107.2577014959
77538,141.45863070550004
77539,176.1938448778
77542,143.31271297930004
77543,137.115760062
77559,141.76351562360003
77595,172.46767465830007
77665,150.74893226129998
77739,152.6483328616
77744,150.36352749510007
77745,120.81829592880005
77851,108.51314011989993
77940,86.58402608269998
77997,168.10756400469992
77998,137.6337602268
78006,132.82856104250007
78038,144.04719776770003
78095,116.53968056169998
78144,138.1252185417
78162,113.51243348630007
78210,113.77321406039997
78290,114.25186379830008
78342,146.56163084780007
78391,181.4146819002
78392,177.64498420279995
78395,167.065596285
78396,154.35158936520003
78409,106.02999629310001
78411,166.34476660730002
78444,129.86335739429995
78510,143.67275948679995
78516,135.96356574100002
78539,144.56609067629998
78540,144.62083427
78613,91.34414597789997
78726,144.3853858105
78727,153.8416987022
78734,127.45100533329995
78800,76.24252293670001
78839,134.85087090060003
78840,154.45654312289997
78862,139.77066991790002
78871,174.85133297990004
78872,146.69006029550002
78875,170.3925056985
78878,123.18066053200002
78908,128.3226846787
78931,160.59199674589996
78958,100.93794128650002
78980,160.08013725660007
78992,119.98237136690001
78993,134.9785627225
79036,147.54105233179996
79056,134.51133474
79057,137.89804656530006
79059,154.94294254540003
79064,166.80172310580002
79089,126.46651778249993
79103,171.93347699449998
79111,150.39633794960002
79133,158.21172409699997
79136,133.63617359829996
79143,132.87033538879993
79159,145.71518753959998
79196,81.43261887369998
79209,151.88610908080003
79247,137.8444088052
79269,192.26388761829995
79275,171.81873746010007
79338,156.20126852390004
79339,151.55676491140005
79343,173.09517669879997
79344,145.63819280130005
79363,131.04219394049997
79386,137.8589646733
79447,134.60695065770005
79465,132.3689600801
79571,159.49349003399996
79587,168.1415491841
79592,140.36696924979998
79593,166.90025259849997
79623,132.2500435197
79628,141.3091342491
79629,122.221436174
79716,171.03439250760002
79717,152.37186728089998
79722,178.71671866630004
79723,181.3590597253
79741,151.24684394020005
79742,161.57504246370004
79748,142.51958374210005
79749,148.70515529410005
79881,103.06147846740004
79887,112.57340524190002
79926,117.50419604659996
79957,135.61312960119997
79967,146.34383552880004
79968,128.9302766328
79969,149.4036366395001
79970,124.53051477090008
79974,141.6589906634
79983,134.1443664162
80042,153.6119361458
80046,151.30284675330006
80162,156.6392574136
80171,134.45227670180003
80186,143.72851964630013
80191,137.49124790160002
80192,103.64895889620006
80222,113.09350896730005
80252,125.47439251980002
80253,88.670910063
80280,157.89988807289993
80281,184.9915131277
80286,144.8302285712
80319,141.9288018419
80321,156.8303870821001
80327,163.51784402509998
80334,73.1412297402
80347,135.72644801220008
80373,191.07589690430007
80374,130.364568605
80379,144.7328373005
80380,126.38769544220004
80400,135.6166996943
80517,88.74523816380001
80528,139.80048208729997
80586,174.3395935148
80606,123.70105976129999
80611,146.4013933303
80625,141.92622595760008
80644,135.89923103390004
80645,133.7188789513001
80646,141.86965776640002
80647,155.2891549503
80652,167.89555139999996
80653,144.5912788703
80665,112.67173716030007
80741,150.73927114600002
80770,80.21814341909999
80771,105.86065111170001
80786,164.26725708400002
80790,140.19013900820005
80805,148.8220077667
80828,151.39845218350007
80869,124.48111777100003
80948,144.23117323330004
80949,136.76913390630003
81001,160.01117157309997
81006,176.2214405973
81007,170.62053950530003
81015,141.08413101910006
81049,132.0778395870999
81091,141.67874321990007
81191,119.0183106507
81192,84.49985720979997
81215,105.6627522626
81260,124.90833382159994
81354,138.35946074149993
81361,137.6518160403
81454,141.22339194239987
81480,171.07702619159994
81481,145.40625276479994
81546,163.13875831609997
81551,179.01949088330005
81556,144.97219548820004
81570,143.1343650201
81573,140.9202729334
81581,157.98957549979994
81707,133.33043276540008
81816,158.06895546279998
81817,129.0520496558
81923,142.14380966120004
81968,141.6178181108
82023,140.75490797430004
82035,139.07095414780002
82128,117.84281381620004
82171,146.98051137560003
82241,147.1360765229
82423,148.9976832382
82425,139.45864247770004
82482,133.74239875030003
82483,150.86990478950008
82496,138.86620367470005
82497,125.96389514870003
82515,136.78232586540005
82538,146.03569452779996
82570,154.6975656483
82596,138.23736450700002
82636,144.91750791250007
82650,146.98215988950002
82775,158.8387747125
82860,124.40890151050002
83176,148.64295792469997
83179,154.96112442840004
83188,87.32725207399997
83189,149.88985355889997
83190,149.11798792880006
83233,119.21326478370003
83234,80.79121097739993
83236,135.40672622710005
83258,137.42456296440002
83317,135.07359995270005
83353,145.31106597220003
83364,65.3729457993
83365,57.73588750029997
83367,103.55732447630004
83378,161.20229488110002
83379,133.15070279229997
83533,164.93463684110003
83534,151.02279694940003
83537,150.95669250030008
83547,89.78426182239997
83550,99.36748047030004
83710,132.03290495195
83747,122.00495884349999
83771,165.7214141672
83792,125.74624317550006
83810,142.85075788289998
83837,182.85160986730006
83842,144.62893660329996
83851,136.98395503920005
83852,129.28975131799996
84018,143.50505835139995
84077,112.76522293879997
84113,89.0555467208
84114,100.95602808790001
84151,137.42471723050002
84166,129.4019108847
84208,140.66600995189992
84236,140.36756580210005
84256,137.5579447758
84273,166.4154570131
84274,166.11166699760005
84283,140.45067255610002
84310,144.7468233004
84357,107.13124468730001
84358,126.71734449590006
84374,149.29263257170004
84409,141.9068062955
84453,149.48508548699994
84494,142.6012585697001
84501,175.68188539630006
84511,136.96798145480005
84584,153.5282842706
84588,179.21882693999999
84610,130.62885641800003
84630,181.26421881230007
84635,128.25685504809996
84653,130.1528441953
84664,138.4469534126999
84686,134.50582071830001
84687,133.68723601499997
84693,135.0557482993
84697,136.07877318270002
84722,128.22100112660004
84723,126.77122545360004
84743,100.26482435359999
84780,174.7083367214
84787,139.5113161886
84788,146.13048651449998
84811,158.56133527949996
84812,143.838438411
84813,177.59519415329999
84819,153.01948538570005
84820,171.3881806679999
84823,138.06939448140002
84850,143.6371303654
84862,147.20163690310002
84868,166.56775518439994
84869,147.58832301280003
84890,118.52250992610001
84908,165.1385841826999
84909,145.94653035030007
84911,141.18772154130008
84915,152.997000105
84929,127.7653388951
84960,146.2354715472
85011,140.115645809
85064,140.99894273290008
85070,137.63592436519997
85080,128.36835885570002
85111,161.8244248132
85116,142.33054696719992
85143,89.08375907090003
85146,152.4711632632
85170,173.45661430670003
85171,164.8846220382
85208,138.47832167250002
85218,132.39995567630004
85233,153.66906139190004
85253,145.93602348960007
85300,136.72185449389997
85310,130.51791417770005
85328,143.55592137500008
85329,134.02314596270003
85332,132.24422259730008
85333,139.87355416860007
85345,146.1182232924
85379,144.5359421169001
85422,151.5534978029
85423,150.77485309180003
85430,169.9962441387999
85449,108.10805992659996
85456,121.2601103214
85457,117.00963584010003
85494,143.3881183747
85519,126.9242947447
85637,132.06408062320003
85685,141.9421707582
85701,149.34991166850008
85765,148.7278143118
85799,140.7752513595
85807,120.14609014269998
85819,138.59106516839995
85859,147.36188120660003
85871,149.91045119509997
85872,126.71184109549996
85879,125.62855727270004
85891,145.94415240729998
85904,118.70665175069999
85945,157.96530386359996
85950,138.2006894342999
85951,169.48713538729996
86003,152.8948557246
86004,143.88342311909994
86009,149.99788491270002
86030,113.74634977609999
86073,134.0890994855
86111,143.11632535139992
86121,138.1733548242
86144,129.41789435799996
86160,124.60347567379993
86176,128.68711026530002
86234,123.18938111290002
86237,136.79754302910004
86360,160.35542957580003
86369,137.3358364967
86396,152.4900999074
86397,152.18262795030003
86447,140.50164196919994
86488,108.42168861750004
86489,92.78494873239998
86500,174.0211290883
86506,145.54265974269995
86533,120.55360058840004
86534,88.27146238319996
86586,129.06187689210006
86604,137.83806009600002
86625,140.21754237119998
86665,142.45965428760002
86667,148.14901558710002
86668,140.3664134291
86703,140.91203902358006
86731,151.56281266780002
86736,106.71997683580003
86755,108.78399681710002
86757,144.05087612430003
86762,166.29774458979995
86768,146.89440897850002
86779,148.18719252459996
86833,156.40707576859998
86834,143.59525187650001
86835,151.88821831750002
86836,147.43973720730003
86842,149.34016459080007
86855,161.1932559974
86856,145.52505465959993
86857,152.2708634137
86866,117.08599676130001
86871,139.20859192449998
86926,79.17543105910003
86928,107.86504774900003
86983,156.64029652090005
86984,151.7212764771
86989,119.48810639660005
86993,147.23457598950003
87024,148.63520253370004
87029,147.7115103992
87047,179.40588505119996
87053,33.35167369619998
87054,103.12628439050005
87129,147.80455039310007
87156,105.39029002930009
87157,81.60348795970003
87179,143.90593134099998
87225,30.985165456999983
87244,163.82864143490002
87245,147.2131114778
87250,174.6596665805
87251,132.150898772
87274,128.58369946549993
87297,128.54337174030002
87316,137.06427901679993
87345,128.68834090980002
87389,146.33263039750003
87407,150.73713120670007
87413,57.13827002320002
87414,75.61675718110001
87442,115.02853950850007
87480,102.4906640031
87481,29.940703612149974
87503,161.13506449989995
87504,145.96155844889992
87509,130.2967541122
87514,111.30456668549998
87558,157.57878250090005
87614,141.8567411312
87648,155.91929199980004
87649,159.88659387930002
87685,143.91075755960003
87690,134.61157650479998
87691,136.45907918879996
87693,114.97530643540003
87726,113.70996062159993
87730,127.81085151930004
87755,174.92605602399988
87756,160.19224683000002
87801,142.5653248417001
87804,146.51510066859998
87877,176.68743851130006
87878,131.4098883567
87884,157.55608645059993
87923,167.7327127503001
87924,142.6981243371
87928,143.4371582906
87938,150.50819899889999
87978,117.09403712980006
87986,141.0600607454
87993,157.2239380709
87999,174.38333778829997
88011,142.65932997019993
88024,129.9779548050001
88044,109.50120138249999
88045,100.22906443589999
88048,142.45852447949994
88063,118.14700356820005
88111,132.72586144750002
88112,142.47959852410008
88118,172.70568056230005
88144,117.77393805719997
88161,150.65461096399997
88167,142.01388913860004
88168,175.84690272229997
88200,102.81723889709998
88239,148.72316493970004
88240,139.6184945799
88262,171.0046332884999
88263,161.66995247090003
88297,125.89044732590003
88339,142.24493579699995
88359,122.63437907430006
88389,140.5405221508
88390,141.8034011934
88398,130.31948867460002
88433,84.64558173469997
88434,122.0185479801001
88456,132.9939201131
88457,154.61667079469996
88479,160.18439710659993
88481,135.15724426360003
88515,74.37926565469999
88538,163.3499438787
88539,157.03780319730006
88544,142.4251511559
88568,146.27426369
88577,100.54742560900002
88588,138.00922559159994
88594,132.91408918200003
88599,145.09704647910002
88608,124.27667529629987
88625,120.20828318430003
88646,115.10805433980008
88672,126.11048743939999
88674,120.35296137610007
88681,141.0935793435
88684,140.0013266272
88702,119.00529803670005
88721,105.98884390859997
88729,128.44377256090002
88759,166.25085506430003
88760,135.9559149392
88766,129.8024318546
88775,139.4041277056001
88790,162.26639449610002
88797,145.54416043740005
88805,134.62528813699993
88824,121.6390197342
88834,123.09525943900003
88835,119.73179524880004
88839,64.77456149369999
88840,49.61787589399999
88843,128.85352090230006
88862,135.0557668531
88904,143.19503676930006
88931,149.8163302072
88932,173.82163783500005
88933,169.26806276300005
88950,105.22799634310005
88953,136.69316765079998
88966,138.98979074349998
88981,155.6150822128001
88993,123.77305367940002
88996,106.75537987060002
89000,145.0254463053
89015,154.85105750530002
89034,100.93379224240007
89036,150.92963982579997
89048,112.6908469991999
89070,119.04400433949999
89083,161.64023962929997
89084,143.5102498365
89090,135.73070372920003
89095,146.23288816209998
89102,152.19746216889996
89118,146.3750610456
89153,141.5911631909
89167,154.72614996680005
89197,142.32989171570006
89229,143.43410873000005
89230,135.5099036531
89243,154.9104392183
89249,98.72940238110006
89300,108.26051464739997
89303,144.29430363900008
89310,100.68869568350006
89311,49.96288952769997
89312,142.18127688130002
89320,143.44454178219996
89321,160.3805725825001
89325,176.4951997663
89326,160.44348028880003
89340,124.99871232760002
89341,96.01348955959999
89362,140.46773757990005
89375,139.72215526460002
89381,165.84779594779994
89387,153.1394373237
89391,138.1947961429
89392,149.8854771512
89407,180.52790595699997
89507,122.07031286920007
89557,130.83205046470005
89558,133.95759426690003
89630,126.01755311570001
89631,126.97367991830004
89662,162.52547180079992
89673,193.44557955130006
89678,36.41855233804998
89679,41.09364853029998
89690,34.95499406259998
89691,45.369688649599986
89715,103.52609274960001
89725,130.79684886120003
89726,113.13409054939999
89772,175.48300677999995
89773,144.29630841039994
89866,53.08878226309999
89911,92.67441991799997
89922,124.62291585999999
89923,44.89887731654998
89942,103.74069163689997
89962,141.8723042331
89998,146.10213243729996
89999,136.2014967255
90013,75.12696967400001
90014,143.2968706253
90015,150.33923133919998
90047,153.86616354660006
90057,113.18878862780001
90058,100.19933912810004
90059,136.40020880900002
90060,144.56972153520002
90077,97.57094675690007
90078,75.53280565329996
90125,153.03264648419997
90133,77.73399724040002
90162,40.596034934699986
90181,113.89581776980002
90210,89.35604381959998
90229,145.20808304530007
90234,146.7503495237001
90242,48.28883200395
90259,130.65812466889997
90266,72.69100779429996
90283,123.61254215849995
90311,153.31779381190012
90312,153.24230135030004
90319,76.94520174169996
90320,78.00570777859994
90321,138.69992314610005
90322,122.51190027119996
90343,148.39310460380008
90344,142.8970777955
90353,105.18097981850002
90370,83.4665990813
90371,92.22406348150004
90415,105.79044488759997
90443,137.54610591630012
90444,145.41326900520008
90453,114.6987229051
90456,132.8720202068
90485,42.417780840899965
90567,156.5814562298999
90603,89.4899758977
90604,38.34060253749999
90606,42.02983995834997
90654,39.32850047469998
90678,131.18036682110002
90681,154.9086529648
90689,57.77426372879996
90690,76.75637857649997
90709,147.35189553380005
90715,112.65158029330007
90742,141.6272214406
90782,155.59769026800006
90788,94.1903245141
90820,36.766400882399985
90821,93.8227957038
90846,139.88517147380003
90870,142.43073491330003
90871,151.6860421133
90879,96.3453468585
90905,145.70322723540005
90918,34.5039472116
90919,98.82898886060003
90921,143.42306017320007
90942,157.89892069419997
90947,130.26306758270005
90959,97.81809852679993
90960,82.54225250379997
90983,114.59314032359997
90990,114.05637153360004
90999,62.568911201599974
91000,51.18724521470001
91002,90.93987911809994
91022,144.68561064260004
91032,90.30470196679993
91033,65.3037840664
91057,120.37240900740008
91162,86.36211894310007
91163,131.42951793880005
91181,140.5852362736001
91182,140.7245388228
91187,52.194895489200015
91302,91.61833627370001
91334,143.06036752170007
91395,114.94603206100003
91403,38.34001981319997
91420,32.515007641299974
91421,40.71301277914998
91448,142.32191941050007
91449,154.2283597997
91458,165.16790876640005
91520,114.72484159270002
91521,87.21491965120002
91538,160.0782020678
91546,100.96303676430001
91585,143.77699497359998
91586,130.8638044857
91591,150.17529342880002
91592,148.5210609203
91599,106.27665170049998
91600,102.93100095759995
91614,76.33994948540003
91615,76.74449939069996
91654,157.5304334926
91686,86.77106392520004
91687,77.05707005600007
91772,84.8140601629
91795,153.20457469899998
91808,94.95004848720002
91809,93.847879835
91811,159.63643197340002
91990,162.1826509989
92016,79.48286104569999
92033,109.18984327119999
92040,80.11297256779999
92041,77.7043788254
92074,55.064655062199996
92090,113.87785218199998
92091,83.42745741109998
92130,116.42111804389995
92192,141.81273855869995
92264,150.7765130272
92273,68.41929822769991
92274,119.82316607950004
92275,109.70345775020007
92341,46.55332392359999
92342,73.01297871380002
92372,114.16783730000006
92381,72.2646966069
92395,137.1556838475
92402,63.245656362599995
92420,96.25202380800002
92438,158.91658921209992
92439,150.1867440225
92445,99.22910911719998
92446,113.64593052750003
92461,176.1765838363
92473,177.56883443200002
92484,167.62563724139997
92507,139.14169105530004
92508,171.4981378212
92519,164.1466322177
92582,148.96025635830003
92583,138.0053727077001
92630,137.7777836732
92642,120.91012901210006
92704,146.13211946540002
92716,136.05266655350002
92728,138.52414635559998
92729,170.27690412709995
92751,136.303971422
92752,147.73213639040003
92763,147.80492525359998
92775,152.40385297590004
92787,126.60137354900006
92811,121.1674781854
92830,139.81868305680007
92842,131.834660942
92854,160.60486914959995
92922,133.16099394789995
92934,178.3887584649999
92960,134.95303785890002
92979,124.41435701510004
93011,144.49921297380004
93022,127.9027452188
93023,123.11086594599999
93034,137.2157822337
93046,161.89451024559997
93057,131.63001829979999
93058,133.8504396458
93111,149.16157720290005
93123,144.76605589520003
93147,144.42206015760007
93171,164.67265049030007
93183,132.57327500780005
93184,135.12837670090005
93204,140.88389047009997
93243,147.90282450670009
93266,124.37690614279992
93267,111.49119463250007
93279,145.26684503090007
93302,163.58211289489998
93303,173.2538954129
93315,149.68041731740004
93358,134.46051530620002
93359,123.6932553266
93406,158.86955067510004
93407,158.7780497721
93426,152.10699607240005
93427,132.31214395429996
93446,142.72943060440002
93447,134.5206376638
93465,164.61933746059992
93466,160.0635102931
93477,116.19158164609996
93478,128.70377927969997
93488,162.9488292243
93489,155.2617299072
93510,167.99860337680002
93511,139.84434156670005
93531,136.37040167539996
93542,160.39550489680002
93604,142.01932522080008
93605,140.0634063838
93616,139.8449637492
93662,143.50142248060007
93663,149.82550475620005
93702,136.52426535530003
93703,120.4699812153
93715,155.376568768
93726,130.97526075590002
93749,147.33219265150004
93750,140.53262717609996
93774,147.484879257
93784,141.52786715620002
93814,136.58938489829998
93815,131.06547954760003
93849,128.7216639208
93850,121.9765594508
93873,134.2296455734
93874,164.00755788160004
93917,167.30559025089994
93918,162.90667995539997
93926,155.57343800190006
93943,110.29241095430002
93944,118.99730255190013
93951,164.0139121191
93952,152.97438134079997
93957,142.5546719437
93958,144.15347207
93963,155.6560395532
93964,171.1616259085
93969,175.12404015930002
93970,147.3067215186
93974,151.86998779380002
93977,125.61300984370001
93978,102.06223920659997
93988,37.792893246099986
94002,107.22122419549999
94003,87.2607557831
94024,37.33122589114999
94025,118.07216399120009
94035,142.34116739939992
94036,153.61833768350002
94039,139.7600409186
94040,141.18333025869998
94045,160.1140341857
94046,158.05808075189998
94048,175.11871074999996
94049,147.68081912709994
94058,140.30335846080007
94059,144.56256882469995
94064,38.62217952369999
94065,101.88735207490006
94078,34.12369968999999
94103,144.96918104240007
94110,98.27662252430004
94118,133.0393522467
94119,147.0638523284
94121,150.9927496075
94130,160.91464216150004
94136,143.86590853030003
94143,166.0050236465001
94144,167.65695448800008
94147,150.8442256687
94148,117.18431009030004
94156,163.28462360239996
94159,172.0770398584
94160,164.0138610573999
94171,141.82778868409997
94176,161.35614166579998
94177,164.21975220040008
94183,133.35344239590003
94190,158.66852686369998
94197,150.49879587770002
94209,40.000197575199984
94210,105.05100103690005
94224,75.52553973715003
94238,117.43951050720005
94245,144.4367891299999
94252,83.52051126710003
94259,164.88543662980007
94264,172.08830404170004
94265,156.8836674544
94271,158.9652106313001
94276,142.54393144149998
94293,151.603407496
94300,106.53441794390002
94312,127.46534442979996
94318,101.44729990260001
94439,161.76495494419996
94445,178.12934111829998
94446,131.3531735511
94459,87.49063934760001
94474,100.97599349440003
94480,183.46217057589993
94486,142.8952539151
94487,130.88615173400004
94500,91.56567090550001
94501,94.50988055620002
94514,133.54023046590007
94515,149.2651557521001
94540,158.77137748020002
94543,148.60913782679995
94551,165.14449371529997
94554,172.269080871
94558,193.98725565650003
94559,155.33230722970006
94575,31.198513719199994
94583,140.8683370335
94584,129.74927976029997
94596,110.12693667740004
94606,153.20808624660006
94607,153.10979059109994
94610,128.9624867163
94639,27.310270350499987
94654,119.41499540930008
94655,40.34225944619998
94669,93.57788350180003
94670,108.63260468640009
94681,130.75907950879994
94682,134.1218609239
94686,99.89980730789999
94687,35.411576182199966
94703,147.40555994289997
94715,165.42024649529995
94725,135.31795653439997
94738,60.701050108800025
94748,147.03006008999998
94749,149.10124356619997
94760,121.65412599470002
94771,141.5931330439
94785,173.79159402840003
94786,170.26931455899998
94791,73.85579107449996
94792,79.12480353499998
94801,148.73559086260005
94802,142.06221048760008
94809,35.12996790599998
94810,96.64241238999998
94826,37.354019434499975
94842,107.27928754349996
94843,114.82951341040005
94851,184.00318021699994
94852,140.6276577315
94856,171.40999112300008
94868,30.73443435159999
94880,70.49566438089995
94890,157.57825230010002
94893,144.90925027889998
94908,100.79884450750002
94919,179.11444270699997
94920,147.34906019550002
94928,152.17433019020007
94933,150.4034490386001
94942,149.99261964370007
94943,145.83238037340004
94949,91.1433559717
94961,49.836523038699994
94968,166.17658779560003
94977,136.01780439889995
94978,162.38396481120003
94982,133.93719020700001
94983,136.7349142304
94988,167.58810311650004
94993,144.3135489659
95007,147.3965509941
95014,145.43476968720003
95021,140.70141641370003
95034,30.15669388769999
95043,148.02440739900007
95044,125.84672923460005
95048,166.51777000279995
95056,135.38247172859994
95062,140.0216544837
95063,154.7762004962
95076,102.07053536660004
95077,44.54806276224999
95092,118.7668012312
95093,106.63916204529997
95117,107.82661657789997
95132,104.09189060140001
95142,150.06793433150006
95143,156.5609076521
95146,148.67789566190007
95147,140.02317834360005
95152,148.05050069270004
95153,137.43424382179998
95174,136.18705691150004
95192,44.7890551237
95215,136.85570812090006
95216,151.13381135
95221,140.37740980329997
95236,146.0438761436001
95241,92.5423288467
95242,90.1174298168
95253,93.89852197040007
95264,158.99136431980003
95267,124.1985342985
95268,138.3925633531
95275,78.82842338219999
95276,62.52732351339998
95285,162.8669349927
95298,136.99101720240003
95302,101.73299758270007
95309,136.58952497980002
95310,148.5792820767
95316,168.41147100919997
95327,65.43891272780003
95332,134.6624593814
95333,155.0928636981
95337,174.3289262573
95351,80.40632251320002
95352,90.04423766560004
95358,166.2767903987
95364,144.05169110600002
95374,138.6397180461
95379,55.96622537519997
95394,83.31315102200004
95395,37.89415834029999
95404,155.48601997680004
95405,129.60908308979998
95409,145.799111548
95410,124.12974140499995
95414,160.0741495773
95420,143.24004451109997
95426,153.50872461110004
95427,133.52712792690002
95432,145.4690395382
95433,109.36017182520007
95452,134.60792745700007
95459,79.67797642320004
95474,117.98346653090005
95479,151.53728812130004
95480,141.0570925343001
95482,175.3760175409
95483,176.53553063520002
95487,183.48198842730002
95504,94.45781833479995
95505,61.776294439500006
95515,72.94391346990002
95516,67.73737322219998
95547,154.5705979526
95548,145.6864167856
95560,83.01836480389994
95561,98.54748927529995
95568,141.56918544020002
95571,142.56216532529996
95580,43.275291617349986
95581,69.65270533319996
95591,112.09271934560003
95601,97.19435113850001
95610,150.43082315900008
95611,122.29739438240006
95616,147.54693564880006
95623,69.74911917819995
95624,32.155907800199984
95638,99.63116752069999
95644,186.21613474729995
95645,147.48123372149996
95649,129.79120899120005
95655,83.37421246020003
95659,29.63527937639999
95668,153.31204932510002
95669,141.4072149897001
95675,106.82950595930006
95698,131.68652831990002
95701,131.20340542669996
95705,98.51337461899999
95709,120.98480541360004
95719,160.2273374406
95720,156.5581476091
95725,112.16430945269992
95728,91.46316153720005
95737,145.11489457730008
95740,172.72710484110007
95741,169.3129624851
95744,139.1692620553
95761,159.540169611
95762,139.5996597473
95774,138.57166924030003
95776,141.90848838270006
95777,134.00782861160005
95781,136.99416587780004
95797,139.47261062840005
95809,118.05767039850004
95813,138.99255634940008
95817,142.74117155180005
95818,128.93520822230005
95829,146.66407101240003
95842,131.00729626640006
95845,169.27070534970005
95854,151.98112272630004
95857,170.77038323199994
95858,175.57739064199998
95864,138.95815008399998
95865,132.60117463599994
95867,126.57475733169997
95870,173.9570982443
95884,125.04088137619999
95885,129.0388828676
96004,124.7605800241
96041,152.2596689052
96044,142.07109700590007
96051,74.9531872814
