Skipping image OS validation for hb__125d6e469991bf365f72af9ee99eefdd: docker inspect returned 1
Skipping image OS validation for hb__5a7d0661bb01ee4923f4b728816662f5: docker inspect returned 1
Installing: tmux, asciinema
Detected system: {'os': 'debian-based', 'package_manager': 'apt-get', 'update_command': None}
Installing tools using apt-get: DEBIAN_FRONTEND=noninteractive apt-get update && DEBIAN_FRONTEND=noninteractive apt-get install -y tmux asciinema
Installing: tmux, asciinema
Detected system: {'os': 'debian-based', 'package_manager': 'apt-get', 'update_command': None}
Installing tools using apt-get: DEBIAN_FRONTEND=noninteractive apt-get update && DEBIAN_FRONTEND=noninteractive apt-get install -y tmux asciinema
Starting recording.
Sending keys: ['asciinema rec --stdin /logs/agent/recording.cast', 'Enter'] min_timeout_sec: 1.0 max_timeout_sec: 180.0
Sending keys: ['clear', 'Enter'] min_timeout_sec: 0.0 max_timeout_sec: 180.0
Failed to retrieve model info for 'openrouter/google/gemma-4-31b-it': This model isn't mapped yet. model=openrouter/google/gemma-4-31b-it, custom_llm_provider=openrouter. Add it here - https://github.com/BerriAI/litellm/blob/main/model_prices_and_context_window.json.. Using fallback context limit: 1000000
Starting recording.
Sending keys: ['asciinema rec --stdin /logs/agent/recording.cast', 'Enter'] min_timeout_sec: 1.0 max_timeout_sec: 180.0
Sending keys: ['clear', 'Enter'] min_timeout_sec: 0.0 max_timeout_sec: 180.0
Failed to retrieve model info for 'openrouter/google/gemma-4-31b-it': This model isn't mapped yet. model=openrouter/google/gemma-4-31b-it, custom_llm_provider=openrouter. Add it here - https://github.com/BerriAI/litellm/blob/main/model_prices_and_context_window.json.. Using fallback context limit: 1000000
Parser warnings: - Extra text detected before JSON object
- Extra text detected after JSON object
Sending keys: ['ls -l /app/data\n'] min_timeout_sec: 0.1 max_timeout_sec: 180.0
Sending keys: ['head -n 5 /app/data/train.csv\n'] min_timeout_sec: 0.1 max_timeout_sec: 180.0
Sending keys: ['cat /app/data/schema.json\n'] min_timeout_sec: 0.1 max_timeout_sec: 180.0
Trajectory dumped to /home/stas/Documents/GitHub/automl-journal/runs/autods-tabred/jobs/terminus-matched-20260828-105709/ecom-offers__R65jRuR/agent/trajectory.json
Failed to retrieve model info for 'openrouter/google/gemma-4-31b-it': This model isn't mapped yet. model=openrouter/google/gemma-4-31b-it, custom_llm_provider=openrouter. Add it here - https://github.com/BerriAI/litellm/blob/main/model_prices_and_context_window.json.. Using fallback context limit: 1000000
Sending keys: ['ls -la /app/data\n'] min_timeout_sec: 0.1 max_timeout_sec: 180.0
Sending keys: ['cat /app/data/schema.json\n'] min_timeout_sec: 0.1 max_timeout_sec: 180.0
Sending keys: ['head -n 5 /app/data/train.csv\n'] min_timeout_sec: 0.1 max_timeout_sec: 180.0
Trajectory dumped to /home/stas/Documents/GitHub/automl-journal/runs/autods-tabred/jobs/terminus-matched-20260828-105709/weather__hWi4hmU/agent/trajectory.json
Failed to retrieve model info for 'openrouter/google/gemma-4-31b-it': This model isn't mapped yet. model=openrouter/google/gemma-4-31b-it, custom_llm_provider=openrouter. Add it here - https://github.com/BerriAI/litellm/blob/main/model_prices_and_context_window.json.. Using fallback context limit: 1000000
Parser warnings: - Extra text detected before JSON object
- Extra text detected after JSON object
Sending keys: ["cat << 'EOF' > solution.py\nimport pandas as pd\nimport lightgbm as lgb\nfrom sklearn.metrics import roc_auc_score\n\n# Load data\ntrain = pd.read_csv('/app/data/train.csv')\nval = pd.read_csv('/app/data/val.csv')\ntest = pd.read_csv('/app/data/test.csv')\n\n# Split features and target\nX_train = train.drop(columns=['target'])\ny_train = train['target']\nX_val = val.drop(columns=['target'])\ny_val = val['target']\n\n# Initialize and train LightGBM model\n# Using a simple set of hyperparameters for speed and efficiency\nmodel = lgb.LGBMClassifier(\n    n_estimators=1000,\n    learning_rate=0.05,\n    num_leaves=31,\n    colsample_bytree=0.8,\n    subsample=0.8,\n    n_jobs=-1,\n    random_state=42,\n    importance_type='gain'\n)\n\n# Fit with early stopping using validation set\nmodel.fit(\n    X_train, y_train,\n    eval_set=[(X_val, y_val)],\n    eval_metric='auc',\n    callbacks=[lgb.early_stopping(stopping_rounds=50)]\n)\n\n# Validate\nval_probs = model.predict_proba(X_val)[:, 1]\nauc_score = roc_auc_score(y_val, val_probs)\nprint(f'Validation ROC-AUC: {auc_score}')\n\n# Predict on test set\ntest_probs = model.predict_proba(test)[:, 1]\n\n# Save predictions\nsubmission = pd.DataFrame({'target': test_probs})\nsubmission.to_csv('/app/predictions.csv', index=False)\nprint('Predictions saved to /app/predictions.csv')\nEOF\n"] min_timeout_sec: 0.1 max_timeout_sec: 180.0
Sending keys: ['python3 solution.py\n'] min_timeout_sec: 10.0 max_timeout_sec: 180.0
Trajectory dumped to /home/stas/Documents/GitHub/automl-journal/runs/autods-tabred/jobs/terminus-matched-20260828-105709/ecom-offers__R65jRuR/agent/trajectory.json
Failed to retrieve model info for 'openrouter/google/gemma-4-31b-it': This model isn't mapped yet. model=openrouter/google/gemma-4-31b-it, custom_llm_provider=openrouter. Add it here - https://github.com/BerriAI/litellm/blob/main/model_prices_and_context_window.json.. Using fallback context limit: 1000000
Sending keys: ["cat << 'EOF' > solution.py\nimport pandas as pd\nimport lightgbm as lgb\nimport numpy as np\nimport json\n\n# Load schema\nwith open('/app/data/schema.json', 'r') as f:\n    schema = json.load(f)\n\nfeatures = schema['feature_columns']\ntarget_col = schema['target_column']\n\n# Load data\ntrain = pd.read_csv('/app/data/train.csv')\nval = pd.read_csv('/app/data/val.csv')\ntest = pd.read_csv('/app/data/test.csv')\n\nX_train = train[features]\ny_train = train[target_col]\nX_val = val[features]\ny_val = val[target_col]\nX_test = test[features]\n\n# LightGBM model\n# Using a simple setup with reasonable defaults for a benchmark\nmodel = lgb.LGBMRegressor(\n    n_estimators=1000,\n    learning_rate=0.05,\n    num_leaves=31,\n    random_state=42,\n    n_jobs=-1\n)\n\n# Fit with early stopping\nmodel.fit(\n    X_train, y_train,\n    eval_set=[(X_val, y_val)],\n    eval_metric='rmse',\n    callbacks=[lgb.early_stopping(stopping_rounds=50)]\n)\n\n# Predict\npreds = model.predict(X_test)\n\n# Save predictions\nsubmission = pd.DataFrame({'target': preds})\nsubmission.to_csv('/app/predictions.csv', index=False)\nprint('Predictions saved to /app/predictions.csv')\nEOF\n"] min_timeout_sec: 0.1 max_timeout_sec: 180.0
Sending keys: ['python3 solution.py\n'] min_timeout_sec: 10.0 max_timeout_sec: 180.0
Parser warnings: - Extra text detected before JSON object
- Extra text detected after JSON object
Sending keys: ['apt-get update && apt-get install -y libgomp1\n'] min_timeout_sec: 5.0 max_timeout_sec: 180.0
Trajectory dumped to /home/stas/Documents/GitHub/automl-journal/runs/autods-tabred/jobs/terminus-matched-20260828-105709/weather__hWi4hmU/agent/trajectory.json
Failed to retrieve model info for 'openrouter/google/gemma-4-31b-it': This model isn't mapped yet. model=openrouter/google/gemma-4-31b-it, custom_llm_provider=openrouter. Add it here - https://github.com/BerriAI/litellm/blob/main/model_prices_and_context_window.json.. Using fallback context limit: 1000000
Sending keys: ['python3 solution.py\n'] min_timeout_sec: 10.0 max_timeout_sec: 180.0
Sending keys: ['apt-get update && apt-get install -y libgomp1\n'] min_timeout_sec: 5.0 max_timeout_sec: 180.0
Sending keys: ['python3 solution.py\n'] min_timeout_sec: 10.0 max_timeout_sec: 180.0
Trajectory dumped to /home/stas/Documents/GitHub/automl-journal/runs/autods-tabred/jobs/terminus-matched-20260828-105709/ecom-offers__R65jRuR/agent/trajectory.json
Failed to retrieve model info for 'openrouter/google/gemma-4-31b-it': This model isn't mapped yet. model=openrouter/google/gemma-4-31b-it, custom_llm_provider=openrouter. Add it here - https://github.com/BerriAI/litellm/blob/main/model_prices_and_context_window.json.. Using fallback context limit: 1000000
Trajectory dumped to /home/stas/Documents/GitHub/automl-journal/runs/autods-tabred/jobs/terminus-matched-20260828-105709/weather__hWi4hmU/agent/trajectory.json
Failed to retrieve model info for 'openrouter/google/gemma-4-31b-it': This model isn't mapped yet. model=openrouter/google/gemma-4-31b-it, custom_llm_provider=openrouter. Add it here - https://github.com/BerriAI/litellm/blob/main/model_prices_and_context_window.json.. Using fallback context limit: 1000000
Parser warnings: - Extra text detected before JSON object
- Extra text detected after JSON object
Sending keys: ['ls -l /app/predictions.csv\n'] min_timeout_sec: 0.1 max_timeout_sec: 180.0
Sending keys: ['head -n 5 /app/predictions.csv\n'] min_timeout_sec: 0.1 max_timeout_sec: 180.0
Sending keys: ['wc -l /app/predictions.csv\n'] min_timeout_sec: 0.1 max_timeout_sec: 180.0
Trajectory dumped to /home/stas/Documents/GitHub/automl-journal/runs/autods-tabred/jobs/terminus-matched-20260828-105709/ecom-offers__R65jRuR/agent/trajectory.json
Failed to retrieve model info for 'openrouter/google/gemma-4-31b-it': This model isn't mapped yet. model=openrouter/google/gemma-4-31b-it, custom_llm_provider=openrouter. Add it here - https://github.com/BerriAI/litellm/blob/main/model_prices_and_context_window.json.. Using fallback context limit: 1000000
Parser warnings: - Extra text detected before JSON object
- Extra text detected after JSON object
Trajectory dumped to /home/stas/Documents/GitHub/automl-journal/runs/autods-tabred/jobs/terminus-matched-20260828-105709/ecom-offers__R65jRuR/agent/trajectory.json
Failed to retrieve model info for 'openrouter/google/gemma-4-31b-it': This model isn't mapped yet. model=openrouter/google/gemma-4-31b-it, custom_llm_provider=openrouter. Add it here - https://github.com/BerriAI/litellm/blob/main/model_prices_and_context_window.json.. Using fallback context limit: 1000000
Sending keys: [''] min_timeout_sec: 30.0 max_timeout_sec: 180.0
Parser warnings: - Extra text detected before JSON object
- Extra text detected after JSON object
Trajectory dumped to /home/stas/Documents/GitHub/automl-journal/runs/autods-tabred/jobs/terminus-matched-20260828-105709/ecom-offers__R65jRuR/agent/trajectory.json
Trajectory dumped to /home/stas/Documents/GitHub/automl-journal/runs/autods-tabred/jobs/terminus-matched-20260828-105709/ecom-offers__R65jRuR/agent/trajectory.json
Collecting main service artifacts
Skipping image OS validation for hb__0612845e095e012706fcb60606ee0f37: docker inspect returned 1
Installing: tmux, asciinema
Detected system: {'os': 'debian-based', 'package_manager': 'apt-get', 'update_command': None}
Installing tools using apt-get: DEBIAN_FRONTEND=noninteractive apt-get update && DEBIAN_FRONTEND=noninteractive apt-get install -y tmux asciinema
Trajectory dumped to /home/stas/Documents/GitHub/automl-journal/runs/autods-tabred/jobs/terminus-matched-20260828-105709/weather__hWi4hmU/agent/trajectory.json
Failed to retrieve model info for 'openrouter/google/gemma-4-31b-it': This model isn't mapped yet. model=openrouter/google/gemma-4-31b-it, custom_llm_provider=openrouter. Add it here - https://github.com/BerriAI/litellm/blob/main/model_prices_and_context_window.json.. Using fallback context limit: 1000000
Starting recording.
Sending keys: ['asciinema rec --stdin /logs/agent/recording.cast', 'Enter'] min_timeout_sec: 1.0 max_timeout_sec: 180.0
Sending keys: ['clear', 'Enter'] min_timeout_sec: 0.0 max_timeout_sec: 180.0
Failed to retrieve model info for 'openrouter/google/gemma-4-31b-it': This model isn't mapped yet. model=openrouter/google/gemma-4-31b-it, custom_llm_provider=openrouter. Add it here - https://github.com/BerriAI/litellm/blob/main/model_prices_and_context_window.json.. Using fallback context limit: 1000000
Sending keys: ['wc -l /app/predictions.csv\n'] min_timeout_sec: 0.1 max_timeout_sec: 180.0
Sending keys: ['head -n 1 /app/predictions.csv\n'] min_timeout_sec: 0.1 max_timeout_sec: 180.0
Sending keys: ['tail -n 5 /app/predictions.csv\n'] min_timeout_sec: 0.1 max_timeout_sec: 180.0
Trajectory dumped to /home/stas/Documents/GitHub/automl-journal/runs/autods-tabred/jobs/terminus-matched-20260828-105709/weather__hWi4hmU/agent/trajectory.json
Failed to retrieve model info for 'openrouter/google/gemma-4-31b-it': This model isn't mapped yet. model=openrouter/google/gemma-4-31b-it, custom_llm_provider=openrouter. Add it here - https://github.com/BerriAI/litellm/blob/main/model_prices_and_context_window.json.. Using fallback context limit: 1000000
Trajectory dumped to /home/stas/Documents/GitHub/automl-journal/runs/autods-tabred/jobs/terminus-matched-20260828-105709/weather__hWi4hmU/agent/trajectory.json
Failed to retrieve model info for 'openrouter/google/gemma-4-31b-it': This model isn't mapped yet. model=openrouter/google/gemma-4-31b-it, custom_llm_provider=openrouter. Add it here - https://github.com/BerriAI/litellm/blob/main/model_prices_and_context_window.json.. Using fallback context limit: 1000000
Trajectory dumped to /home/stas/Documents/GitHub/automl-journal/runs/autods-tabred/jobs/terminus-matched-20260828-105709/weather__hWi4hmU/agent/trajectory.json
Trajectory dumped to /home/stas/Documents/GitHub/automl-journal/runs/autods-tabred/jobs/terminus-matched-20260828-105709/weather__hWi4hmU/agent/trajectory.json
Collecting main service artifacts
Skipping image OS validation for hb__2bde76ef3ea13380fff860ea3fbc1e33: docker inspect returned 1
Installing: tmux, asciinema
Detected system: {'os': 'debian-based', 'package_manager': 'apt-get', 'update_command': None}
Installing tools using apt-get: DEBIAN_FRONTEND=noninteractive apt-get update && DEBIAN_FRONTEND=noninteractive apt-get install -y tmux asciinema
Parser warnings: - Extra text detected before JSON object
- Extra text detected after JSON object
Sending keys: ['ls -la /app/data\n'] min_timeout_sec: 0.1 max_timeout_sec: 180.0
Sending keys: ['pip install lightgbm pandas scikit-learn\n'] min_timeout_sec: 10.0 max_timeout_sec: 180.0
Starting recording.
Sending keys: ['asciinema rec --stdin /logs/agent/recording.cast', 'Enter'] min_timeout_sec: 1.0 max_timeout_sec: 180.0
Sending keys: ['clear', 'Enter'] min_timeout_sec: 0.0 max_timeout_sec: 180.0
Failed to retrieve model info for 'openrouter/google/gemma-4-31b-it': This model isn't mapped yet. model=openrouter/google/gemma-4-31b-it, custom_llm_provider=openrouter. Add it here - https://github.com/BerriAI/litellm/blob/main/model_prices_and_context_window.json.. Using fallback context limit: 1000000
Sending keys: ["cat << 'EOF' > solution.py\nimport pandas as pd\nimport lightgbm as lgb\nimport numpy as np\nfrom sklearn.metrics import mean_squared_error\n\n# Load data\ntrain = pd.read_csv('/app/data/train.csv')\nval = pd.read_csv('/app/data/val.csv')\ntest = pd.read_csv('/app/data/test.csv')\n\n# Identify feature types\nnum_features = [col for col in train.columns if col.startswith('num_')]\nbin_features = [col for col in train.columns if col.startswith('bin_')]\ncat_features = [col for col in train.columns if col.startswith('cat_')]\n\n# Separate target\nX_train = train.drop(columns=['target'])\ny_train = train['target']\nX_val = val.drop(columns=['target'])\ny_val = val['target']\n\n# Convert categorical columns to 'category' dtype for LightGBM\nfor col in cat_features + bin_features:\n    X_train[col] = X_train[col].astype('category')\n    X_val[col] = X_val[col].astype('category')\n    test[col] = test[col].astype('category')\n\n# Build LightGBM model\nmodel = lgb.LGBMRegressor(\n    n_estimators=1000,\n    learning_rate=0.05,\n    num_leaves=31,\n    random_state=42,\n    n_jobs=-1\n)\n\n# Train with early stopping\nmodel.fit(\n    X_train, y_train,\n    eval_set=[(X_val, y_val)],\n    eval_metric='rmse',\n    callbacks=[lgb.early_stopping(stopping_rounds=50)]\n)\n\n# Predict test set\npreds = model.predict(test)\n\n# Save results\npreds_df = pd.DataFrame({'target': preds})\npreds_df.to_csv('/app/predictions.csv', index=False)\nprint('Predictions saved to /app/predictions.csv')\nEOF\n"] min_timeout_sec: 0.1 max_timeout_sec: 180.0
Sending keys: ['python3 solution.py\n'] min_timeout_sec: 60 max_timeout_sec: 180.0
Parser warnings: - Extra text detected before JSON object
- Extra text detected after JSON object
Sending keys: ['ls -la /app/data\n'] min_timeout_sec: 0.1 max_timeout_sec: 180.0
Sending keys: ['head -n 5 /app/data/train.csv\n'] min_timeout_sec: 0.1 max_timeout_sec: 180.0
Trajectory dumped to /home/stas/Documents/GitHub/automl-journal/runs/autods-tabred/jobs/terminus-matched-20260828-105709/homecredit-default__nDtY5Aa/agent/trajectory.json
Failed to retrieve model info for 'openrouter/google/gemma-4-31b-it': This model isn't mapped yet. model=openrouter/google/gemma-4-31b-it, custom_llm_provider=openrouter. Add it here - https://github.com/BerriAI/litellm/blob/main/model_prices_and_context_window.json.. Using fallback context limit: 1000000
Parser warnings: - Extra text detected before JSON object
- Extra text detected after JSON object
Sending keys: ["cat << 'EOF' > solution.py\nimport pandas as pd\nimport lightgbm as lgb\nfrom sklearn.metrics import roc_auc_score\nimport numpy as np\n\ndef solve():\n    train = pd.read_csv('/app/data/train.csv')\n    val = pd.read_csv('/app/data/val.csv')\n    test = pd.read_csv('/app/data/test.csv')\n\n    target_col = 'target'\n    X_train = train.drop(columns=[target_col])\n    y_train = train[target_col]\n    X_val = val.drop(columns=[target_col])\n    y_val = val[target_col]\n\n    cat_features = [col for col in X_train.columns if col.startswith('cat_') or col.startswith('bin_')]\n    \n    # Convert categorical columns to category type for LightGBM\n    for col in cat_features:\n        X_train[col] = X_train[col].astype('category')\n        X_val[col] = X_val[col].astype('category')\n        test[col] = test[col].astype('category')\n\n    model = lgb.LGBMClassifier(\n        n_estimators=1000,\n        learning_rate=0.05,\n        num_leaves=31,\n        colsample_bytree=0.8,\n        subsample=0.8,\n        random_state=42,\n        n_jobs=-1\n    )\n\n    model.fit(\n        X_train, y_train,\n        eval_set=[(X_val, y_val)],\n        eval_metric='auc',\n        callbacks=[lgb.early_stopping(stopping_rounds=50)]\n    )\n\n    preds = model.predict_proba(test)[:, 1]\n    \n    output = pd.DataFrame({'target': preds})\n    output.to_csv('/app/predictions.csv', index=False)\n    print('Predictions saved to /app/predictions.csv')\n\nif __name__ == '__main__':\n    solve()\nEOF\n"] min_timeout_sec: 0.1 max_timeout_sec: 180.0
Sending keys: ['python3 solution.py\n'] min_timeout_sec: 10.0 max_timeout_sec: 180.0
Trajectory dumped to /home/stas/Documents/GitHub/automl-journal/runs/autods-tabred/jobs/terminus-matched-20260828-105709/homecredit-default__nDtY5Aa/agent/trajectory.json
Failed to retrieve model info for 'openrouter/google/gemma-4-31b-it': This model isn't mapped yet. model=openrouter/google/gemma-4-31b-it, custom_llm_provider=openrouter. Add it here - https://github.com/BerriAI/litellm/blob/main/model_prices_and_context_window.json.. Using fallback context limit: 1000000
Parser warnings: - Extra text detected before JSON object
- Extra text detected after JSON object
Sending keys: ['apt-get update && apt-get install -y libgomp1\n'] min_timeout_sec: 10.0 max_timeout_sec: 180.0
Sending keys: ['python3 solution.py\n'] min_timeout_sec: 10.0 max_timeout_sec: 180.0
Trajectory dumped to /home/stas/Documents/GitHub/automl-journal/runs/autods-tabred/jobs/terminus-matched-20260828-105709/homecredit-default__nDtY5Aa/agent/trajectory.json
Failed to retrieve model info for 'openrouter/google/gemma-4-31b-it': This model isn't mapped yet. model=openrouter/google/gemma-4-31b-it, custom_llm_provider=openrouter. Add it here - https://github.com/BerriAI/litellm/blob/main/model_prices_and_context_window.json.. Using fallback context limit: 1000000
Trajectory dumped to /home/stas/Documents/GitHub/automl-journal/runs/autods-tabred/jobs/terminus-matched-20260828-105709/cooking-time__BLWnb6X/agent/trajectory.json
Failed to retrieve model info for 'openrouter/google/gemma-4-31b-it': This model isn't mapped yet. model=openrouter/google/gemma-4-31b-it, custom_llm_provider=openrouter. Add it here - https://github.com/BerriAI/litellm/blob/main/model_prices_and_context_window.json.. Using fallback context limit: 1000000
Parser warnings: - Extra text detected before JSON object
- Extra text detected after JSON object
Sending keys: [''] min_timeout_sec: 10.0 max_timeout_sec: 180.0
Parser warnings: - Extra text detected before JSON object
- Extra text detected after JSON object
Sending keys: ['apt-get update && apt-get install -y libgomp1\n'] min_timeout_sec: 5.0 max_timeout_sec: 180.0
Sending keys: ['python3 solution.py\n'] min_timeout_sec: 60 max_timeout_sec: 180.0
Sending keys: ['ls -l /app/predictions.csv\n'] min_timeout_sec: 0.1 max_timeout_sec: 180.0
Trajectory dumped to /home/stas/Documents/GitHub/automl-journal/runs/autods-tabred/jobs/terminus-matched-20260828-105709/homecredit-default__nDtY5Aa/agent/trajectory.json
Failed to retrieve model info for 'openrouter/google/gemma-4-31b-it': This model isn't mapped yet. model=openrouter/google/gemma-4-31b-it, custom_llm_provider=openrouter. Add it here - https://github.com/BerriAI/litellm/blob/main/model_prices_and_context_window.json.. Using fallback context limit: 1000000
Parser warnings: - Extra text detected before JSON object
- Extra text detected after JSON object
Sending keys: ['python3 solution.py\n'] min_timeout_sec: 60 max_timeout_sec: 180.0
Trajectory dumped to /home/stas/Documents/GitHub/automl-journal/runs/autods-tabred/jobs/terminus-matched-20260828-105709/cooking-time__BLWnb6X/agent/trajectory.json
Failed to retrieve model info for 'openrouter/google/gemma-4-31b-it': This model isn't mapped yet. model=openrouter/google/gemma-4-31b-it, custom_llm_provider=openrouter. Add it here - https://github.com/BerriAI/litellm/blob/main/model_prices_and_context_window.json.. Using fallback context limit: 1000000
Sending keys: ['ls -l /app/predictions.csv\n'] min_timeout_sec: 0.1 max_timeout_sec: 180.0
Trajectory dumped to /home/stas/Documents/GitHub/automl-journal/runs/autods-tabred/jobs/terminus-matched-20260828-105709/homecredit-default__nDtY5Aa/agent/trajectory.json
Failed to retrieve model info for 'openrouter/google/gemma-4-31b-it': This model isn't mapped yet. model=openrouter/google/gemma-4-31b-it, custom_llm_provider=openrouter. Add it here - https://github.com/BerriAI/litellm/blob/main/model_prices_and_context_window.json.. Using fallback context limit: 1000000
Parser warnings: - Extra text detected before JSON object
- Extra text detected after JSON object
Sending keys: [''] min_timeout_sec: 60 max_timeout_sec: 180.0
Parser warnings: - Extra text detected before JSON object
- Extra text detected after JSON object
Sending keys: ['python3 solution.py\n'] min_timeout_sec: 60 max_timeout_sec: 180.0
Trajectory dumped to /home/stas/Documents/GitHub/automl-journal/runs/autods-tabred/jobs/terminus-matched-20260828-105709/cooking-time__BLWnb6X/agent/trajectory.json
Failed to retrieve model info for 'openrouter/google/gemma-4-31b-it': This model isn't mapped yet. model=openrouter/google/gemma-4-31b-it, custom_llm_provider=openrouter. Add it here - https://github.com/BerriAI/litellm/blob/main/model_prices_and_context_window.json.. Using fallback context limit: 1000000
Sending keys: ['ls -l /app/predictions.csv\n'] min_timeout_sec: 0.1 max_timeout_sec: 180.0
Sending keys: ['wc -l /app/predictions.csv\n'] min_timeout_sec: 0.1 max_timeout_sec: 180.0
Trajectory dumped to /home/stas/Documents/GitHub/automl-journal/runs/autods-tabred/jobs/terminus-matched-20260828-105709/homecredit-default__nDtY5Aa/agent/trajectory.json
Failed to retrieve model info for 'openrouter/google/gemma-4-31b-it': This model isn't mapped yet. model=openrouter/google/gemma-4-31b-it, custom_llm_provider=openrouter. Add it here - https://github.com/BerriAI/litellm/blob/main/model_prices_and_context_window.json.. Using fallback context limit: 1000000
Parser warnings: - Extra text detected before JSON object
- Extra text detected after JSON object
Sending keys: [''] min_timeout_sec: 60 max_timeout_sec: 180.0
Parser warnings: - Extra text detected before JSON object
- Extra text detected after JSON object
Sending keys: ['python3 solution.py\n'] min_timeout_sec: 60 max_timeout_sec: 180.0
Sending keys: ['ls -l /app/predictions.csv\nwc -l /app/predictions.csv\n'] min_timeout_sec: 0.1 max_timeout_sec: 180.0
Trajectory dumped to /home/stas/Documents/GitHub/automl-journal/runs/autods-tabred/jobs/terminus-matched-20260828-105709/cooking-time__BLWnb6X/agent/trajectory.json
Failed to retrieve model info for 'openrouter/google/gemma-4-31b-it': This model isn't mapped yet. model=openrouter/google/gemma-4-31b-it, custom_llm_provider=openrouter. Add it here - https://github.com/BerriAI/litellm/blob/main/model_prices_and_context_window.json.. Using fallback context limit: 1000000
Sending keys: ['ls -l /app/predictions.csv\n'] min_timeout_sec: 0.1 max_timeout_sec: 180.0
Sending keys: ['wc -l /app/predictions.csv\n'] min_timeout_sec: 0.1 max_timeout_sec: 180.0
Trajectory dumped to /home/stas/Documents/GitHub/automl-journal/runs/autods-tabred/jobs/terminus-matched-20260828-105709/homecredit-default__nDtY5Aa/agent/trajectory.json
Failed to retrieve model info for 'openrouter/google/gemma-4-31b-it': This model isn't mapped yet. model=openrouter/google/gemma-4-31b-it, custom_llm_provider=openrouter. Add it here - https://github.com/BerriAI/litellm/blob/main/model_prices_and_context_window.json.. Using fallback context limit: 1000000
Parser warnings: - Extra text detected before JSON object
- Extra text detected after JSON object
Sending keys: ['python3 -c "import pandas as pd; df = pd.read_csv(\'/app/predictions.csv\'); print(df[\'target\'].isna().sum()); print(df[\'target\'].isin([float(\'inf\'), float(\'-inf\')]).sum())"\n'] min_timeout_sec: 1.0 max_timeout_sec: 180.0
Parser warnings: - Extra text detected before JSON object
- Extra text detected after JSON object
Sending keys: ['wc -l /app/predictions.csv\n'] min_timeout_sec: 0.1 max_timeout_sec: 180.0
Trajectory dumped to /home/stas/Documents/GitHub/automl-journal/runs/autods-tabred/jobs/terminus-matched-20260828-105709/homecredit-default__nDtY5Aa/agent/trajectory.json
Trajectory dumped to /home/stas/Documents/GitHub/automl-journal/runs/autods-tabred/jobs/terminus-matched-20260828-105709/cooking-time__BLWnb6X/agent/trajectory.json
Failed to retrieve model info for 'openrouter/google/gemma-4-31b-it': This model isn't mapped yet. model=openrouter/google/gemma-4-31b-it, custom_llm_provider=openrouter. Add it here - https://github.com/BerriAI/litellm/blob/main/model_prices_and_context_window.json.. Using fallback context limit: 1000000
Failed to retrieve model info for 'openrouter/google/gemma-4-31b-it': This model isn't mapped yet. model=openrouter/google/gemma-4-31b-it, custom_llm_provider=openrouter. Add it here - https://github.com/BerriAI/litellm/blob/main/model_prices_and_context_window.json.. Using fallback context limit: 1000000
Parser warnings: - Extra text detected before JSON object
- Extra text detected after JSON object
Trajectory dumped to /home/stas/Documents/GitHub/automl-journal/runs/autods-tabred/jobs/terminus-matched-20260828-105709/cooking-time__BLWnb6X/agent/trajectory.json
Failed to retrieve model info for 'openrouter/google/gemma-4-31b-it': This model isn't mapped yet. model=openrouter/google/gemma-4-31b-it, custom_llm_provider=openrouter. Add it here - https://github.com/BerriAI/litellm/blob/main/model_prices_and_context_window.json.. Using fallback context limit: 1000000
Parser warnings: - Extra text detected before JSON object
- Extra text detected after JSON object
Sending keys: ['wc -l /app/predictions.csv\n'] min_timeout_sec: 0.1 max_timeout_sec: 180.0
Sending keys: ['head -n 1 /app/predictions.csv\n'] min_timeout_sec: 0.1 max_timeout_sec: 180.0
Trajectory dumped to /home/stas/Documents/GitHub/automl-journal/runs/autods-tabred/jobs/terminus-matched-20260828-105709/homecredit-default__nDtY5Aa/agent/trajectory.json
Failed to retrieve model info for 'openrouter/google/gemma-4-31b-it': This model isn't mapped yet. model=openrouter/google/gemma-4-31b-it, custom_llm_provider=openrouter. Add it here - https://github.com/BerriAI/litellm/blob/main/model_prices_and_context_window.json.. Using fallback context limit: 1000000
Parser warnings: - Extra text detected before JSON object
- Extra text detected after JSON object
Trajectory dumped to /home/stas/Documents/GitHub/automl-journal/runs/autods-tabred/jobs/terminus-matched-20260828-105709/cooking-time__BLWnb6X/agent/trajectory.json
Trajectory dumped to /home/stas/Documents/GitHub/automl-journal/runs/autods-tabred/jobs/terminus-matched-20260828-105709/cooking-time__BLWnb6X/agent/trajectory.json
Collecting main service artifacts
Parser warnings: - Extra text detected before JSON object
- Extra text detected after JSON object
Sending keys: ['wc -l /app/predictions.csv\n'] min_timeout_sec: 0.1 max_timeout_sec: 180.0
Sending keys: ['head -n 1 /app/predictions.csv\n'] min_timeout_sec: 0.1 max_timeout_sec: 180.0
Trajectory dumped to /home/stas/Documents/GitHub/automl-journal/runs/autods-tabred/jobs/terminus-matched-20260828-105709/homecredit-default__nDtY5Aa/agent/trajectory.json
Failed to retrieve model info for 'openrouter/google/gemma-4-31b-it': This model isn't mapped yet. model=openrouter/google/gemma-4-31b-it, custom_llm_provider=openrouter. Add it here - https://github.com/BerriAI/litellm/blob/main/model_prices_and_context_window.json.. Using fallback context limit: 1000000
Parser warnings: - Extra text detected before JSON object
- Extra text detected after JSON object
Trajectory dumped to /home/stas/Documents/GitHub/automl-journal/runs/autods-tabred/jobs/terminus-matched-20260828-105709/homecredit-default__nDtY5Aa/agent/trajectory.json
Failed to retrieve model info for 'openrouter/google/gemma-4-31b-it': This model isn't mapped yet. model=openrouter/google/gemma-4-31b-it, custom_llm_provider=openrouter. Add it here - https://github.com/BerriAI/litellm/blob/main/model_prices_and_context_window.json.. Using fallback context limit: 1000000
Parser warnings: - Extra text detected before JSON object
- Extra text detected after JSON object
Trajectory dumped to /home/stas/Documents/GitHub/automl-journal/runs/autods-tabred/jobs/terminus-matched-20260828-105709/homecredit-default__nDtY5Aa/agent/trajectory.json
Trajectory dumped to /home/stas/Documents/GitHub/automl-journal/runs/autods-tabred/jobs/terminus-matched-20260828-105709/homecredit-default__nDtY5Aa/agent/trajectory.json
Collecting main service artifacts
Skipping image OS validation for hb__7c06da68f110ae26f21ea0235e140956: docker inspect returned 1
Installing: tmux, asciinema
Detected system: {'os': 'debian-based', 'package_manager': 'apt-get', 'update_command': None}
Installing tools using apt-get: DEBIAN_FRONTEND=noninteractive apt-get update && DEBIAN_FRONTEND=noninteractive apt-get install -y tmux asciinema
Starting recording.
Sending keys: ['asciinema rec --stdin /logs/agent/recording.cast', 'Enter'] min_timeout_sec: 1.0 max_timeout_sec: 180.0
Sending keys: ['clear', 'Enter'] min_timeout_sec: 0.0 max_timeout_sec: 180.0
Failed to retrieve model info for 'openrouter/google/gemma-4-31b-it': This model isn't mapped yet. model=openrouter/google/gemma-4-31b-it, custom_llm_provider=openrouter. Add it here - https://github.com/BerriAI/litellm/blob/main/model_prices_and_context_window.json.. Using fallback context limit: 1000000
Parser warnings: - Extra text detected before JSON object
- Extra text detected after JSON object
Sending keys: ['ls -la /app/data\n'] min_timeout_sec: 0.1 max_timeout_sec: 180.0
Sending keys: ['head -n 5 /app/data/train.csv\n'] min_timeout_sec: 0.1 max_timeout_sec: 180.0
Sending keys: ['cat /app/data/schema.json\n'] min_timeout_sec: 0.1 max_timeout_sec: 180.0
Trajectory dumped to /home/stas/Documents/GitHub/automl-journal/runs/autods-tabred/jobs/terminus-matched-20260828-105709/delivery-eta__A38nq8J/agent/trajectory.json
Failed to retrieve model info for 'openrouter/google/gemma-4-31b-it': This model isn't mapped yet. model=openrouter/google/gemma-4-31b-it, custom_llm_provider=openrouter. Add it here - https://github.com/BerriAI/litellm/blob/main/model_prices_and_context_window.json.. Using fallback context limit: 1000000
Skipping image OS validation for hb__560ea29b5df726488c1564b86d5666d8: docker inspect returned 1
Installing: tmux, asciinema
Detected system: {'os': 'debian-based', 'package_manager': 'apt-get', 'update_command': None}
Installing tools using apt-get: DEBIAN_FRONTEND=noninteractive apt-get update && DEBIAN_FRONTEND=noninteractive apt-get install -y tmux asciinema
Starting recording.
Sending keys: ['asciinema rec --stdin /logs/agent/recording.cast', 'Enter'] min_timeout_sec: 1.0 max_timeout_sec: 180.0
Sending keys: ['clear', 'Enter'] min_timeout_sec: 0.0 max_timeout_sec: 180.0
Failed to retrieve model info for 'openrouter/google/gemma-4-31b-it': This model isn't mapped yet. model=openrouter/google/gemma-4-31b-it, custom_llm_provider=openrouter. Add it here - https://github.com/BerriAI/litellm/blob/main/model_prices_and_context_window.json.. Using fallback context limit: 1000000
Parser warnings: - Extra text detected before JSON object
- Extra text detected after JSON object
Sending keys: ["cat << 'EOF' > solution.py\nimport pandas as pd\nimport lightgbm as lgb\nfrom sklearn.metrics import mean_squared_error\nimport numpy as np\n\n# Load data\nprint('Loading data...')\ntrain = pd.read_csv('/app/data/train.csv')\nval = pd.read_csv('/app/data/val.csv')\ntest = pd.read_csv('/app/data/test.csv')\n\n# Identify features\nnum_cols = [c for c in train.columns if c.startswith('num_')]\nbin_cols = [c for c in train.columns if c.startswith('bin_')]\ncat_cols = [c for c in train.columns if c.startswith('cat_')]\n\nx_train = train.drop(columns=['target'])\ny_train = train['target']\nx_val = val.drop(columns=['target'])\ny_val = val['target']\n\n# Preprocess: Convert cat_cols to category type for LightGBM\nfor col in cat_cols:\n    x_train[col] = x_train[col].astype('category')\n    x_val[col] = x_val[col].astype('category')\n    test[col] = test[col].astype('category')\n\n# Build and train model\nprint('Training model...')\nmodel = lgb.LGBMRegressor(\n    n_estimators=1000,\n    learning_rate=0.05,\n    num_leaves=31,\n    random_state=42,\n    n_jobs=-1\n)\n\nmodel.fit(\n    x_train, y_train,\n    eval_set=[(x_val, y_val)],\n    eval_metric='rmse',\n    callbacks=[lgb.early_stopping(stopping_rounds=50)]\n)\n\n# Predict on validation set to check performance\nval_preds = model.predict(x_val)\nrmse = np.sqrt(mean_squared_error(y_val, val_preds))\nprint(f'Validation RMSE: {rmse}')\n\n# Predict on test set\nprint('Predicting on test set...')\ntest_preds = model.predict(test)\n\n# Save predictions\nprint('Saving predictions...')\npreds_df = pd.DataFrame({'target': test_preds})\npreds_df.to_csv('/app/predictions.csv', index=False)\nprint('Done!')\nEOF\n"] min_timeout_sec: 0.1 max_timeout_sec: 180.0
Sending keys: ['python3 solution.py\n'] min_timeout_sec: 60 max_timeout_sec: 180.0
Parser warnings: - Extra text detected before JSON object
- Extra text detected after JSON object
Sending keys: ['ls -la /app/data\n'] min_timeout_sec: 0.1 max_timeout_sec: 180.0
Sending keys: ['cat /app/data/schema.json\n'] min_timeout_sec: 0.1 max_timeout_sec: 180.0
Sending keys: ['head -n 5 /app/data/train.csv\n'] min_timeout_sec: 0.1 max_timeout_sec: 180.0
Trajectory dumped to /home/stas/Documents/GitHub/automl-journal/runs/autods-tabred/jobs/terminus-matched-20260828-105709/maps-routing__kUDWbWk/agent/trajectory.json
Failed to retrieve model info for 'openrouter/google/gemma-4-31b-it': This model isn't mapped yet. model=openrouter/google/gemma-4-31b-it, custom_llm_provider=openrouter. Add it here - https://github.com/BerriAI/litellm/blob/main/model_prices_and_context_window.json.. Using fallback context limit: 1000000
Parser warnings: - Extra text detected before JSON object
- Extra text detected after JSON object
Sending keys: ["cat << 'EOF' > solution.py\nimport pandas as pd\nimport lightgbm as lgb\nimport numpy as np\nfrom sklearn.metrics import mean_squared_error\n\ndef solve():\n    # Load data\n    train = pd.read_csv('/app/data/train.csv')\n    val = pd.read_csv('/app/data/val.csv')\n    test = pd.read_csv('/app/data/test.csv')\n\n    target_col = 'target'\n    features = [c for c in train.columns if c != target_col]\n    \n    # Separate feature types\n    num_features = [c for c in features if c.startswith('num_')]\n    bin_features = [c for c in features if c.startswith('bin_')]\n    cat_features = [c for c in features if c.startswith('cat_')]\n\n    # LightGBM handles NaNs automatically. \n    # Categorical features should be cast to category type\n    for col in cat_features:\n        train[col] = train[col].astype('category')\n        val[col] = val[col].astype('category')\n        test[col] = test[col].astype('category')\n\n    X_train = train[features]\n    y_train = train[target_col]\n    X_val = val[features]\n    y_val = val[target_col]\n\n    # Train LightGBM\n    model = lgb.LGBMRegressor(\n        n_estimators=1000,\n        learning_rate=0.05,\n        num_leaves=31,\n        objective='regression',\n        metric='rmse',\n        random_state=42,\n        n_jobs=-1\n    )\n\n    model.fit(\n        X_train, y_train,\n        eval_set=[(X_val, y_val)],\n        eval_metric='rmse',\n        callbacks=[lgb.early_stopping(stopping_rounds=50)]\n    )\n\n    # Predict\n    preds = model.predict(test[features])\n    \n    # Save to CSV\n    pd.DataFrame({'target': preds}).to_csv('/app/predictions.csv', index=False)\n    print('Predictions saved to /app/predictions.csv')\n\nif __name__ == '__main__':\n    solve()\nEOF\n"] min_timeout_sec: 0.1 max_timeout_sec: 180.0
Sending keys: ['python3 solution.py\n'] min_timeout_sec: 60 max_timeout_sec: 180.0
Trajectory dumped to /home/stas/Documents/GitHub/automl-journal/runs/autods-tabred/jobs/terminus-matched-20260828-105709/delivery-eta__A38nq8J/agent/trajectory.json
Failed to retrieve model info for 'openrouter/google/gemma-4-31b-it': This model isn't mapped yet. model=openrouter/google/gemma-4-31b-it, custom_llm_provider=openrouter. Add it here - https://github.com/BerriAI/litellm/blob/main/model_prices_and_context_window.json.. Using fallback context limit: 1000000
Parser warnings: - Extra text detected before JSON object
- Extra text detected after JSON object
Sending keys: ['apt-get update && apt-get install -y libgomp1\n'] min_timeout_sec: 5.0 max_timeout_sec: 180.0
Sending keys: ['python3 solution.py\n'] min_timeout_sec: 60 max_timeout_sec: 180.0
Trajectory dumped to /home/stas/Documents/GitHub/automl-journal/runs/autods-tabred/jobs/terminus-matched-20260828-105709/maps-routing__kUDWbWk/agent/trajectory.json
Failed to retrieve model info for 'openrouter/google/gemma-4-31b-it': This model isn't mapped yet. model=openrouter/google/gemma-4-31b-it, custom_llm_provider=openrouter. Add it here - https://github.com/BerriAI/litellm/blob/main/model_prices_and_context_window.json.. Using fallback context limit: 1000000
Parser warnings: - Extra text detected before JSON object
- Extra text detected after JSON object
Sending keys: ['apt-get update && apt-get install -y libgomp1\n'] min_timeout_sec: 2.0 max_timeout_sec: 180.0
Sending keys: ['python3 solution.py\n'] min_timeout_sec: 60 max_timeout_sec: 180.0
Trajectory dumped to /home/stas/Documents/GitHub/automl-journal/runs/autods-tabred/jobs/terminus-matched-20260828-105709/delivery-eta__A38nq8J/agent/trajectory.json
Failed to retrieve model info for 'openrouter/google/gemma-4-31b-it': This model isn't mapped yet. model=openrouter/google/gemma-4-31b-it, custom_llm_provider=openrouter. Add it here - https://github.com/BerriAI/litellm/blob/main/model_prices_and_context_window.json.. Using fallback context limit: 1000000
Parser warnings: - Extra text detected before JSON object
- Extra text detected after JSON object
Sending keys: ['ls -la /app/predictions.csv\n'] min_timeout_sec: 0.1 max_timeout_sec: 180.0
Sending keys: ['wc -l /app/predictions.csv\n'] min_timeout_sec: 0.1 max_timeout_sec: 180.0
Sending keys: ['head -n 5 /app/predictions.csv\n'] min_timeout_sec: 0.1 max_timeout_sec: 180.0
Trajectory dumped to /home/stas/Documents/GitHub/automl-journal/runs/autods-tabred/jobs/terminus-matched-20260828-105709/delivery-eta__A38nq8J/agent/trajectory.json
Failed to retrieve model info for 'openrouter/google/gemma-4-31b-it': This model isn't mapped yet. model=openrouter/google/gemma-4-31b-it, custom_llm_provider=openrouter. Add it here - https://github.com/BerriAI/litellm/blob/main/model_prices_and_context_window.json.. Using fallback context limit: 1000000
Parser warnings: - Extra text detected before JSON object
- Extra text detected after JSON object
Trajectory dumped to /home/stas/Documents/GitHub/automl-journal/runs/autods-tabred/jobs/terminus-matched-20260828-105709/delivery-eta__A38nq8J/agent/trajectory.json
Failed to retrieve model info for 'openrouter/google/gemma-4-31b-it': This model isn't mapped yet. model=openrouter/google/gemma-4-31b-it, custom_llm_provider=openrouter. Add it here - https://github.com/BerriAI/litellm/blob/main/model_prices_and_context_window.json.. Using fallback context limit: 1000000
Parser warnings: - Extra text detected before JSON object
- Extra text detected after JSON object
Trajectory dumped to /home/stas/Documents/GitHub/automl-journal/runs/autods-tabred/jobs/terminus-matched-20260828-105709/delivery-eta__A38nq8J/agent/trajectory.json
Trajectory dumped to /home/stas/Documents/GitHub/automl-journal/runs/autods-tabred/jobs/terminus-matched-20260828-105709/delivery-eta__A38nq8J/agent/trajectory.json
Collecting main service artifacts
Trajectory dumped to /home/stas/Documents/GitHub/automl-journal/runs/autods-tabred/jobs/terminus-matched-20260828-105709/maps-routing__kUDWbWk/agent/trajectory.json
Failed to retrieve model info for 'openrouter/google/gemma-4-31b-it': This model isn't mapped yet. model=openrouter/google/gemma-4-31b-it, custom_llm_provider=openrouter. Add it here - https://github.com/BerriAI/litellm/blob/main/model_prices_and_context_window.json.. Using fallback context limit: 1000000
Skipping image OS validation for hb__a1865b71d5c2f0a55cc8128839a56408: docker inspect returned 1
Parser warnings: - Extra text detected before JSON object
- Extra text detected after JSON object
Sending keys: ['python3 solution.py\n'] min_timeout_sec: 60 max_timeout_sec: 180.0
Installing: tmux, asciinema
Detected system: {'os': 'debian-based', 'package_manager': 'apt-get', 'update_command': None}
Installing tools using apt-get: DEBIAN_FRONTEND=noninteractive apt-get update && DEBIAN_FRONTEND=noninteractive apt-get install -y tmux asciinema
Starting recording.
Sending keys: ['asciinema rec --stdin /logs/agent/recording.cast', 'Enter'] min_timeout_sec: 1.0 max_timeout_sec: 180.0
Sending keys: ['clear', 'Enter'] min_timeout_sec: 0.0 max_timeout_sec: 180.0
Failed to retrieve model info for 'openrouter/google/gemma-4-31b-it': This model isn't mapped yet. model=openrouter/google/gemma-4-31b-it, custom_llm_provider=openrouter. Add it here - https://github.com/BerriAI/litellm/blob/main/model_prices_and_context_window.json.. Using fallback context limit: 1000000
Parser warnings: - Extra text detected before JSON object
- Extra text detected after JSON object
Sending keys: ['ls -la /app/data\n'] min_timeout_sec: 0.1 max_timeout_sec: 180.0
Sending keys: ['pip install lightgbm pandas numpy scikit-learn\n'] min_timeout_sec: 5.0 max_timeout_sec: 180.0
Sending keys: ["cat << 'EOF' > solution.py\nimport pandas as pd\nimport numpy as np\nfrom lightgbm import LGBMRegressor\n\n# Load data\ntrain = pd.read_csv('/app/data/train.csv')\nval = pd.read_csv('/app/data/val.csv')\ntest = pd.read_csv('/app/data/test.csv')\n\n# Split target\ny_train = train['target']\ny_val = val['target']\nX_train = train.drop(columns=['target'])\nX_val = val.drop(columns=['target'])\n\n# Identify feature types\ncat_cols = [col for col in X_train.columns if col.startswith('cat_')]\nbin_cols = [col for col in X_train.columns if col.startswith('bin_')]\nnum_cols = [col for col in X_train.columns if col.startswith('num_')]\n\n# Simple preprocessing: Fill NaNs for numerical, treat categories as categorical\nfor col in num_cols:\n    X_train[col] = X_train[col].fillna(X_train[col].median())\n    X_val[col] = X_val[col].fillna(X_train[col].median())\n    test[col] = test[col].fillna(X_train[col].median())\n\nfor col in cat_cols:\n    X_train[col] = X_train[col].astype('category')\n    X_val[col] = X_val[col].astype('category')\n    test[col] = test[col].astype('category')\n\n# Train model\nmodel = LGBMRegressor(n_estimators=1000, learning_rate=0.05, random_state=42)\nmodel.fit(\n    X_train, y_train, \n    eval_set=[(X_val, y_val)],\n    eval_metric='rmse',\n    callbacks=[]) # In newer LGBM versions, use callbacks for early stopping\n\n# Predict\npreds = model.predict(test)\n\n# Save results\npreds_df = pd.DataFrame({'target': preds})\npreds_df.to_csv('/app/predictions.csv', index=False)\nEOF\n"] min_timeout_sec: 0.1 max_timeout_sec: 180.0
Sending keys: ['python3 solution.py\n'] min_timeout_sec: 10.0 max_timeout_sec: 180.0
Trajectory dumped to /home/stas/Documents/GitHub/automl-journal/runs/autods-tabred/jobs/terminus-matched-20260828-105709/sberbank-housing__5Dx7S5T/agent/trajectory.json
Failed to retrieve model info for 'openrouter/google/gemma-4-31b-it': This model isn't mapped yet. model=openrouter/google/gemma-4-31b-it, custom_llm_provider=openrouter. Add it here - https://github.com/BerriAI/litellm/blob/main/model_prices_and_context_window.json.. Using fallback context limit: 1000000
Parser warnings: - Extra text detected before JSON object
- Extra text detected after JSON object
Sending keys: ['apt-get update && apt-get install -y libgomp1\n'] min_timeout_sec: 5.0 max_timeout_sec: 180.0
Sending keys: ['python3 solution.py\n'] min_timeout_sec: 15.0 max_timeout_sec: 180.0
Trajectory dumped to /home/stas/Documents/GitHub/automl-journal/runs/autods-tabred/jobs/terminus-matched-20260828-105709/maps-routing__kUDWbWk/agent/trajectory.json
Failed to retrieve model info for 'openrouter/google/gemma-4-31b-it': This model isn't mapped yet. model=openrouter/google/gemma-4-31b-it, custom_llm_provider=openrouter. Add it here - https://github.com/BerriAI/litellm/blob/main/model_prices_and_context_window.json.. Using fallback context limit: 1000000
Parser warnings: - Extra text detected before JSON object
- Extra text detected after JSON object
Sending keys: [''] min_timeout_sec: 60 max_timeout_sec: 180.0
Sending keys: ['ls -la /app/predictions.csv\n'] min_timeout_sec: 0.1 max_timeout_sec: 180.0
Trajectory dumped to /home/stas/Documents/GitHub/automl-journal/runs/autods-tabred/jobs/terminus-matched-20260828-105709/sberbank-housing__5Dx7S5T/agent/trajectory.json
Failed to retrieve model info for 'openrouter/google/gemma-4-31b-it': This model isn't mapped yet. model=openrouter/google/gemma-4-31b-it, custom_llm_provider=openrouter. Add it here - https://github.com/BerriAI/litellm/blob/main/model_prices_and_context_window.json.. Using fallback context limit: 1000000
Parser warnings: - Extra text detected before JSON object
- Extra text detected after JSON object
Sending keys: ['ls -la /app/predictions.csv\n'] min_timeout_sec: 0.1 max_timeout_sec: 180.0
Sending keys: ['wc -l /app/predictions.csv\n'] min_timeout_sec: 0.1 max_timeout_sec: 180.0
Trajectory dumped to /home/stas/Documents/GitHub/automl-journal/runs/autods-tabred/jobs/terminus-matched-20260828-105709/sberbank-housing__5Dx7S5T/agent/trajectory.json
Failed to retrieve model info for 'openrouter/google/gemma-4-31b-it': This model isn't mapped yet. model=openrouter/google/gemma-4-31b-it, custom_llm_provider=openrouter. Add it here - https://github.com/BerriAI/litellm/blob/main/model_prices_and_context_window.json.. Using fallback context limit: 1000000
Parser warnings: - Extra text detected before JSON object
- Extra text detected after JSON object
Sending keys: ['python3 solution.py\n'] min_timeout_sec: 30.0 max_timeout_sec: 180.0
Sending keys: ['ls -la /app/predictions.csv\n'] min_timeout_sec: 0.1 max_timeout_sec: 180.0
Sending keys: ['wc -l /app/predictions.csv\n'] min_timeout_sec: 0.1 max_timeout_sec: 180.0
Trajectory dumped to /home/stas/Documents/GitHub/automl-journal/runs/autods-tabred/jobs/terminus-matched-20260828-105709/sberbank-housing__5Dx7S5T/agent/trajectory.json
Failed to retrieve model info for 'openrouter/google/gemma-4-31b-it': This model isn't mapped yet. model=openrouter/google/gemma-4-31b-it, custom_llm_provider=openrouter. Add it here - https://github.com/BerriAI/litellm/blob/main/model_prices_and_context_window.json.. Using fallback context limit: 1000000
Parser warnings: - Extra text detected before JSON object
- Extra text detected after JSON object
Sending keys: ['whoami\n'] min_timeout_sec: 0.1 max_timeout_sec: 180.0
Sending keys: ['python3 solution.py\n'] min_timeout_sec: 30.0 max_timeout_sec: 180.0
Trajectory dumped to /home/stas/Documents/GitHub/automl-journal/runs/autods-tabred/jobs/terminus-matched-20260828-105709/maps-routing__kUDWbWk/agent/trajectory.json
Failed to retrieve model info for 'openrouter/google/gemma-4-31b-it': This model isn't mapped yet. model=openrouter/google/gemma-4-31b-it, custom_llm_provider=openrouter. Add it here - https://github.com/BerriAI/litellm/blob/main/model_prices_and_context_window.json.. Using fallback context limit: 1000000
Parser warnings: - Extra text detected before JSON object
- Extra text detected after JSON object
Sending keys: [''] min_timeout_sec: 60 max_timeout_sec: 180.0
Sending keys: ['ls -l /app/predictions.csv\n'] min_timeout_sec: 0.1 max_timeout_sec: 180.0
Sending keys: ['wc -l /app/predictions.csv\n'] min_timeout_sec: 0.1 max_timeout_sec: 180.0
Trajectory dumped to /home/stas/Documents/GitHub/automl-journal/runs/autods-tabred/jobs/terminus-matched-20260828-105709/sberbank-housing__5Dx7S5T/agent/trajectory.json
Failed to retrieve model info for 'openrouter/google/gemma-4-31b-it': This model isn't mapped yet. model=openrouter/google/gemma-4-31b-it, custom_llm_provider=openrouter. Add it here - https://github.com/BerriAI/litellm/blob/main/model_prices_and_context_window.json.. Using fallback context limit: 1000000
Parser warnings: - Extra text detected before JSON object
- Extra text detected after JSON object
Sending keys: ['C-c\n'] min_timeout_sec: 0.1 max_timeout_sec: 180.0
Sending keys: ['python3 solution.py\n'] min_timeout_sec: 40.0 max_timeout_sec: 180.0
Trajectory dumped to /home/stas/Documents/GitHub/automl-journal/runs/autods-tabred/jobs/terminus-matched-20260828-105709/maps-routing__kUDWbWk/agent/trajectory.json
Failed to retrieve model info for 'openrouter/google/gemma-4-31b-it': This model isn't mapped yet. model=openrouter/google/gemma-4-31b-it, custom_llm_provider=openrouter. Add it here - https://github.com/BerriAI/litellm/blob/main/model_prices_and_context_window.json.. Using fallback context limit: 1000000
Parser warnings: - Extra text detected before JSON object
- Extra text detected after JSON object
Sending keys: [''] min_timeout_sec: 60 max_timeout_sec: 180.0
Sending keys: ['wc -l /app/predictions.csv\n'] min_timeout_sec: 0.1 max_timeout_sec: 180.0
Trajectory dumped to /home/stas/Documents/GitHub/automl-journal/runs/autods-tabred/jobs/terminus-matched-20260828-105709/sberbank-housing__5Dx7S5T/agent/trajectory.json
Failed to retrieve model info for 'openrouter/google/gemma-4-31b-it': This model isn't mapped yet. model=openrouter/google/gemma-4-31b-it, custom_llm_provider=openrouter. Add it here - https://github.com/BerriAI/litellm/blob/main/model_prices_and_context_window.json.. Using fallback context limit: 1000000
Parser warnings: - Extra text detected before JSON object
- Extra text detected after JSON object
Trajectory dumped to /home/stas/Documents/GitHub/automl-journal/runs/autods-tabred/jobs/terminus-matched-20260828-105709/sberbank-housing__5Dx7S5T/agent/trajectory.json
Failed to retrieve model info for 'openrouter/google/gemma-4-31b-it': This model isn't mapped yet. model=openrouter/google/gemma-4-31b-it, custom_llm_provider=openrouter. Add it here - https://github.com/BerriAI/litellm/blob/main/model_prices_and_context_window.json.. Using fallback context limit: 1000000
Parser warnings: - Extra text detected before JSON object
- Extra text detected after JSON object
Trajectory dumped to /home/stas/Documents/GitHub/automl-journal/runs/autods-tabred/jobs/terminus-matched-20260828-105709/sberbank-housing__5Dx7S5T/agent/trajectory.json
Trajectory dumped to /home/stas/Documents/GitHub/automl-journal/runs/autods-tabred/jobs/terminus-matched-20260828-105709/sberbank-housing__5Dx7S5T/agent/trajectory.json
Collecting main service artifacts
Skipping image OS validation for hb__a746e348e3e3151b64dc0b47006657ad: docker inspect returned 1
Installing: tmux, asciinema
Detected system: {'os': 'debian-based', 'package_manager': 'apt-get', 'update_command': None}
Installing tools using apt-get: DEBIAN_FRONTEND=noninteractive apt-get update && DEBIAN_FRONTEND=noninteractive apt-get install -y tmux asciinema
Starting recording.
Sending keys: ['asciinema rec --stdin /logs/agent/recording.cast', 'Enter'] min_timeout_sec: 1.0 max_timeout_sec: 180.0
Sending keys: ['clear', 'Enter'] min_timeout_sec: 0.0 max_timeout_sec: 180.0
Failed to retrieve model info for 'openrouter/google/gemma-4-31b-it': This model isn't mapped yet. model=openrouter/google/gemma-4-31b-it, custom_llm_provider=openrouter. Add it here - https://github.com/BerriAI/litellm/blob/main/model_prices_and_context_window.json.. Using fallback context limit: 1000000
Trajectory dumped to /home/stas/Documents/GitHub/automl-journal/runs/autods-tabred/jobs/terminus-matched-20260828-105709/maps-routing__kUDWbWk/agent/trajectory.json
Failed to retrieve model info for 'openrouter/google/gemma-4-31b-it': This model isn't mapped yet. model=openrouter/google/gemma-4-31b-it, custom_llm_provider=openrouter. Add it here - https://github.com/BerriAI/litellm/blob/main/model_prices_and_context_window.json.. Using fallback context limit: 1000000
Parser warnings: - Extra text detected before JSON object
- Extra text detected after JSON object
Sending keys: ['ls -la /app/data\n'] min_timeout_sec: 0.1 max_timeout_sec: 180.0
Sending keys: ['pip install xgboost scikit-learn pandas numpy\n'] min_timeout_sec: 5.0 max_timeout_sec: 180.0
Parser warnings: - Extra text detected before JSON object
- Extra text detected after JSON object
Sending keys: [''] min_timeout_sec: 60 max_timeout_sec: 180.0
Sending keys: ["cat << 'EOF' > solution.py\nimport pandas as pd\nimport numpy as np\nimport xgboost as xgb\nfrom sklearn.metrics import roc_auc_score\n\n# Load data\ntrain = pd.read_csv('/app/data/train.csv')\nval = pd.read_csv('/app/data/val.csv')\ntest = pd.read_csv('/app/data/test.csv')\n\n# Separate target\ny_train = train['target']\ny_val = val['target']\n\n# Feature selection\nfeatures = [col for col in train.columns if col != 'target']\n\nX_train = train[features]\nX_val = val[features]\nX_test = test[features]\n\n# Basic preprocessing\n# Numeric features: fill nan with mean or let XGBoost handle it\n# Categorical features: simple label encoding\nfor col in features:\n    if col.startswith('cat_'):\n        X_train[col] = X_train[col].astype(str).fillna('nan').factorize()[0]\n        # Since we need the same mapping for val and test, we should use a global map\n        # but let's do a simpler approach for the baseline: combine and factorize\n\n# Correct categorical encoding across sets\nfor col in features:\n    if col.startswith('cat_'):\n        combined = pd.concat([X_train[col], X_val[col], X_test[col]]).astype(str).fillna('nan')\n        mapping = {val: i for i, val in enumerate(combined.unique())}\n        X_train[col] = X_train[col].astype(str).fillna('nan').map(mapping)\n        X_val[col] = X_val[col].astype(str).fillna('nan').map(mapping)\n        X_test[col] = X_test[col].astype(str).fillna('nan').map(mapping)\n\n# XGBoost model\nmodel = xgb.XGBClassifier(\n    n_estimators=1000,\n    learning_rate=0.05,\n    max_depth=6,\n    subsample=0.8,\n    colsample_bytree=0.8,\n    n_jobs=-1,\n    random_state=42,\n    eval_metric='auc',\n    early_stopping_rounds=50\n)\n\nmodel.fit(\n    X_train, y_train,\n    eval_set=[(X_val, y_val)],\n    verbose=False\n)\n\n# Predict probabilities\nprobs = model.predict_proba(X_test)[:, 1]\n\n# Save predictions\npd.DataFrame({'target': probs}).to_csv('/app/predictions.csv', index=False)\nprint('Predictions saved to /app/predictions.csv')\nEOF\n"] min_timeout_sec: 0.1 max_timeout_sec: 180.0
Sending keys: ['python3 solution.py\n'] min_timeout_sec: 10.0 max_timeout_sec: 180.0
Trajectory dumped to /home/stas/Documents/GitHub/automl-journal/runs/autods-tabred/jobs/terminus-matched-20260828-105709/homesite-insurance__3AH32jg/agent/trajectory.json
Failed to retrieve model info for 'openrouter/google/gemma-4-31b-it': This model isn't mapped yet. model=openrouter/google/gemma-4-31b-it, custom_llm_provider=openrouter. Add it here - https://github.com/BerriAI/litellm/blob/main/model_prices_and_context_window.json.. Using fallback context limit: 1000000
Parser warnings: - Extra text detected before JSON object
- Extra text detected after JSON object
Sending keys: [''] min_timeout_sec: 15.0 max_timeout_sec: 180.0
Sending keys: ['ls -l /app/predictions.csv\n'] min_timeout_sec: 0.1 max_timeout_sec: 180.0
Sending keys: ['head -n 5 /app/predictions.csv\n'] min_timeout_sec: 0.1 max_timeout_sec: 180.0
Sending keys: ['wc -l /app/predictions.csv\n'] min_timeout_sec: 0.1 max_timeout_sec: 180.0
Trajectory dumped to /home/stas/Documents/GitHub/automl-journal/runs/autods-tabred/jobs/terminus-matched-20260828-105709/homesite-insurance__3AH32jg/agent/trajectory.json
Failed to retrieve model info for 'openrouter/google/gemma-4-31b-it': This model isn't mapped yet. model=openrouter/google/gemma-4-31b-it, custom_llm_provider=openrouter. Add it here - https://github.com/BerriAI/litellm/blob/main/model_prices_and_context_window.json.. Using fallback context limit: 1000000
Parser warnings: - Extra text detected before JSON object
- Extra text detected after JSON object
Trajectory dumped to /home/stas/Documents/GitHub/automl-journal/runs/autods-tabred/jobs/terminus-matched-20260828-105709/homesite-insurance__3AH32jg/agent/trajectory.json
Failed to retrieve model info for 'openrouter/google/gemma-4-31b-it': This model isn't mapped yet. model=openrouter/google/gemma-4-31b-it, custom_llm_provider=openrouter. Add it here - https://github.com/BerriAI/litellm/blob/main/model_prices_and_context_window.json.. Using fallback context limit: 1000000
Parser warnings: - Extra text detected before JSON object
- Extra text detected after JSON object
Trajectory dumped to /home/stas/Documents/GitHub/automl-journal/runs/autods-tabred/jobs/terminus-matched-20260828-105709/homesite-insurance__3AH32jg/agent/trajectory.json
Trajectory dumped to /home/stas/Documents/GitHub/automl-journal/runs/autods-tabred/jobs/terminus-matched-20260828-105709/homesite-insurance__3AH32jg/agent/trajectory.json
Collecting main service artifacts
Skipping image OS validation for hb__125d6e469991bf365f72af9ee99eefdd: docker inspect returned 1
Installing: tmux, asciinema
Detected system: {'os': 'debian-based', 'package_manager': 'apt-get', 'update_command': None}
Installing tools using apt-get: DEBIAN_FRONTEND=noninteractive apt-get update && DEBIAN_FRONTEND=noninteractive apt-get install -y tmux asciinema
Trajectory dumped to /home/stas/Documents/GitHub/automl-journal/runs/autods-tabred/jobs/terminus-matched-20260828-105709/maps-routing__kUDWbWk/agent/trajectory.json
Failed to retrieve model info for 'openrouter/google/gemma-4-31b-it': This model isn't mapped yet. model=openrouter/google/gemma-4-31b-it, custom_llm_provider=openrouter. Add it here - https://github.com/BerriAI/litellm/blob/main/model_prices_and_context_window.json.. Using fallback context limit: 1000000
Starting recording.
Sending keys: ['asciinema rec --stdin /logs/agent/recording.cast', 'Enter'] min_timeout_sec: 1.0 max_timeout_sec: 180.0
Sending keys: ['clear', 'Enter'] min_timeout_sec: 0.0 max_timeout_sec: 180.0
Failed to retrieve model info for 'openrouter/google/gemma-4-31b-it': This model isn't mapped yet. model=openrouter/google/gemma-4-31b-it, custom_llm_provider=openrouter. Add it here - https://github.com/BerriAI/litellm/blob/main/model_prices_and_context_window.json.. Using fallback context limit: 1000000
Parser warnings: - Extra text detected before JSON object
- Extra text detected after JSON object
Sending keys: ['ls -l /app/predictions.csv\n'] min_timeout_sec: 0.1 max_timeout_sec: 180.0
Sending keys: ['head -n 5 /app/predictions.csv\n'] min_timeout_sec: 0.1 max_timeout_sec: 180.0
Sending keys: ['wc -l /app/predictions.csv\n'] min_timeout_sec: 0.1 max_timeout_sec: 180.0
Trajectory dumped to /home/stas/Documents/GitHub/automl-journal/runs/autods-tabred/jobs/terminus-matched-20260828-105709/maps-routing__kUDWbWk/agent/trajectory.json
Failed to retrieve model info for 'openrouter/google/gemma-4-31b-it': This model isn't mapped yet. model=openrouter/google/gemma-4-31b-it, custom_llm_provider=openrouter. Add it here - https://github.com/BerriAI/litellm/blob/main/model_prices_and_context_window.json.. Using fallback context limit: 1000000
Parser warnings: - Extra text detected before JSON object
- Extra text detected after JSON object
Sending keys: ['ls -la /app/data\n'] min_timeout_sec: 0.1 max_timeout_sec: 180.0
Sending keys: ['cat /app/data/schema.json\n'] min_timeout_sec: 0.1 max_timeout_sec: 180.0
Trajectory dumped to /home/stas/Documents/GitHub/automl-journal/runs/autods-tabred/jobs/terminus-matched-20260828-105709/ecom-offers__NVPLUTQ/agent/trajectory.json
Failed to retrieve model info for 'openrouter/google/gemma-4-31b-it': This model isn't mapped yet. model=openrouter/google/gemma-4-31b-it, custom_llm_provider=openrouter. Add it here - https://github.com/BerriAI/litellm/blob/main/model_prices_and_context_window.json.. Using fallback context limit: 1000000
Parser warnings: - Extra text detected before JSON object
- Extra text detected after JSON object
Trajectory dumped to /home/stas/Documents/GitHub/automl-journal/runs/autods-tabred/jobs/terminus-matched-20260828-105709/maps-routing__kUDWbWk/agent/trajectory.json
Failed to retrieve model info for 'openrouter/google/gemma-4-31b-it': This model isn't mapped yet. model=openrouter/google/gemma-4-31b-it, custom_llm_provider=openrouter. Add it here - https://github.com/BerriAI/litellm/blob/main/model_prices_and_context_window.json.. Using fallback context limit: 1000000
Parser warnings: - Extra text detected before JSON object
- Extra text detected after JSON object
Trajectory dumped to /home/stas/Documents/GitHub/automl-journal/runs/autods-tabred/jobs/terminus-matched-20260828-105709/maps-routing__kUDWbWk/agent/trajectory.json
Trajectory dumped to /home/stas/Documents/GitHub/automl-journal/runs/autods-tabred/jobs/terminus-matched-20260828-105709/maps-routing__kUDWbWk/agent/trajectory.json
Collecting main service artifacts
Parser warnings: - Extra text detected before JSON object
- Extra text detected after JSON object
Sending keys: ["cat << 'EOF' > solution.py\nimport pandas as pd\nimport lightgbm as lgb\nfrom sklearn.metrics import roc_auc_score\n\n# Load data\ntrain_df = pd.read_csv('/app/data/train.csv')\nval_df = pd.read_csv('/app/data/val.csv')\ntest_df = pd.read_csv('/app/data/test.csv')\n\n# Separate features and target\nX_train = train_df.drop(columns=['target'])\ny_train = train_df['target']\nX_val = val_df.drop(columns=['target'])\ny_val = val_df['target']\n\n# Use LightGBM classifier\n# We use LGBMClassifier for simplicity, it handles NaNs automatically\nmodel = lgb.LGBMClassifier(\n    n_estimators=1000,\n    learning_rate=0.05,\n    num_leaves=31,\n    random_state=42,\n    n_jobs=-1,\n    importance_type='split'\n)\n\n# Train with early stopping using the validation set\nmodel.fit(\n    X_train, y_train,\n    eval_set=[(X_val, y_val)],\n    eval_metric='auc',\n    callbacks=[lgb.early_stopping(stopping_rounds=50)]\n)\n\n# Predict probabilities for the test set\n# predict_proba returns [prob_class_0, prob_class_1]\ntest_probs = model.predict_proba(test_df)[:, 1]\n\n# Save predictions to CSV\npred_df = pd.DataFrame({'target': test_probs})\npred_df.to_csv('/app/predictions.csv', index=False)\n\nprint('Predictions saved to /app/predictions.csv')\nEOF\n"] min_timeout_sec: 0.1 max_timeout_sec: 180.0
Sending keys: ['python3 solution.py\n'] min_timeout_sec: 10.0 max_timeout_sec: 180.0
Skipping image OS validation for hb__5a7d0661bb01ee4923f4b728816662f5: docker inspect returned 1
Installing: tmux, asciinema
Detected system: {'os': 'debian-based', 'package_manager': 'apt-get', 'update_command': None}
Installing tools using apt-get: DEBIAN_FRONTEND=noninteractive apt-get update && DEBIAN_FRONTEND=noninteractive apt-get install -y tmux asciinema
Trajectory dumped to /home/stas/Documents/GitHub/automl-journal/runs/autods-tabred/jobs/terminus-matched-20260828-105709/ecom-offers__NVPLUTQ/agent/trajectory.json
Failed to retrieve model info for 'openrouter/google/gemma-4-31b-it': This model isn't mapped yet. model=openrouter/google/gemma-4-31b-it, custom_llm_provider=openrouter. Add it here - https://github.com/BerriAI/litellm/blob/main/model_prices_and_context_window.json.. Using fallback context limit: 1000000
Starting recording.
Sending keys: ['asciinema rec --stdin /logs/agent/recording.cast', 'Enter'] min_timeout_sec: 1.0 max_timeout_sec: 180.0
Sending keys: ['clear', 'Enter'] min_timeout_sec: 0.0 max_timeout_sec: 180.0
Failed to retrieve model info for 'openrouter/google/gemma-4-31b-it': This model isn't mapped yet. model=openrouter/google/gemma-4-31b-it, custom_llm_provider=openrouter. Add it here - https://github.com/BerriAI/litellm/blob/main/model_prices_and_context_window.json.. Using fallback context limit: 1000000
Parser warnings: - Extra text detected before JSON object
- Extra text detected after JSON object
Sending keys: ['apt-get update && apt-get install -y libgomp1\n'] min_timeout_sec: 10.0 max_timeout_sec: 180.0
Parser warnings: - Extra text detected before JSON object
- Extra text detected after JSON object
Sending keys: ['ls -la /app/data\n'] min_timeout_sec: 0.1 max_timeout_sec: 180.0
Sending keys: ['cat /app/data/schema.json\n'] min_timeout_sec: 0.1 max_timeout_sec: 180.0
Sending keys: ['head -n 5 /app/data/train.csv\n'] min_timeout_sec: 0.1 max_timeout_sec: 180.0
Trajectory dumped to /home/stas/Documents/GitHub/automl-journal/runs/autods-tabred/jobs/terminus-matched-20260828-105709/weather__6Gs9Lqx/agent/trajectory.json
Failed to retrieve model info for 'openrouter/google/gemma-4-31b-it': This model isn't mapped yet. model=openrouter/google/gemma-4-31b-it, custom_llm_provider=openrouter. Add it here - https://github.com/BerriAI/litellm/blob/main/model_prices_and_context_window.json.. Using fallback context limit: 1000000
Sending keys: ['python3 solution.py\n'] min_timeout_sec: 10.0 max_timeout_sec: 180.0
Parser warnings: - Extra text detected before JSON object
- Extra text detected after JSON object
Sending keys: ['cat << \'EOF\' > solve.py\nimport pandas as pd\nimport lightgbm as lgb\nimport json\nimport numpy as np\n\n# Load schema\nwith open(\'/app/data/schema.json\', \'r\') as f:\n    schema = json.load(f)\n\nfeatures = schema[\'feature_columns\']\ntarget_col = schema[\'target_column\']\n\n# Load data\ntrain = pd.read_csv(\'/app/data/train.csv\')\nval = pd.read_csv(\'/app/data/val.csv\')\ntest = pd.read_csv(\'/app/data/test.csv\')\n\n# Prepare X and y\nX_train = train[features]\ny_train = train[target_col]\nX_val = val[features]\ny_val = val[target_col]\nX_test = test[features]\n\n# LightGBM handles NaNs internally. \n# We might want to treat -9999 as NaN if it\'s a sentinel value, \n# but let\'s start with default handling first.\n\n# Model parameters\nparams = {\n    \'objective\': \'regression\',\n    \'metric\': \'rmse\',\n    \'verbosity\': -1,\n    \'boosting_type\': \'gbdt\',\n    \'random_state\': 42,\n    \'learning_rate\': 0.05,\n    \'num_leaves\': 31,\n    \'feature_fraction\': 0.8,\n    \'bagging_fraction\': 0.8,\n    \'bagging_freq\': 5,\n}\n\n# Train with early stopping\nmodel = lgb.LGBMRegressor(**params, n_estimators=1000)\nmodel.fit(\n    X_train, y_train,\n    eval_set=[(X_val, y_val)],\n    eval_metric=\'rmse\',\n    callbacks=[lgb.early_stopping(stopping_rounds=50)]\n)\n\n# Predict\npreds = model.predict(X_test)\n\n# Save predictions\noutput = pd.DataFrame({\'target\': preds})\noutput.to_csv(\'/app/predictions.csv\', index=False)\n\nprint("Predictions saved to /app/predictions.csv")\nEOF\n'] min_timeout_sec: 0.1 max_timeout_sec: 180.0
Sending keys: ['python3 solve.py\n'] min_timeout_sec: 10.0 max_timeout_sec: 180.0
Trajectory dumped to /home/stas/Documents/GitHub/automl-journal/runs/autods-tabred/jobs/terminus-matched-20260828-105709/ecom-offers__NVPLUTQ/agent/trajectory.json
Failed to retrieve model info for 'openrouter/google/gemma-4-31b-it': This model isn't mapped yet. model=openrouter/google/gemma-4-31b-it, custom_llm_provider=openrouter. Add it here - https://github.com/BerriAI/litellm/blob/main/model_prices_and_context_window.json.. Using fallback context limit: 1000000
Parser warnings: - Extra text detected before JSON object
- Extra text detected after JSON object
Sending keys: ['wc -l /app/predictions.csv\n'] min_timeout_sec: 0.1 max_timeout_sec: 180.0
Sending keys: ['head -n 5 /app/predictions.csv\n'] min_timeout_sec: 0.1 max_timeout_sec: 180.0
Trajectory dumped to /home/stas/Documents/GitHub/automl-journal/runs/autods-tabred/jobs/terminus-matched-20260828-105709/ecom-offers__NVPLUTQ/agent/trajectory.json
Failed to retrieve model info for 'openrouter/google/gemma-4-31b-it': This model isn't mapped yet. model=openrouter/google/gemma-4-31b-it, custom_llm_provider=openrouter. Add it here - https://github.com/BerriAI/litellm/blob/main/model_prices_and_context_window.json.. Using fallback context limit: 1000000
Parser warnings: - Extra text detected before JSON object
- Extra text detected after JSON object
Trajectory dumped to /home/stas/Documents/GitHub/automl-journal/runs/autods-tabred/jobs/terminus-matched-20260828-105709/ecom-offers__NVPLUTQ/agent/trajectory.json
Failed to retrieve model info for 'openrouter/google/gemma-4-31b-it': This model isn't mapped yet. model=openrouter/google/gemma-4-31b-it, custom_llm_provider=openrouter. Add it here - https://github.com/BerriAI/litellm/blob/main/model_prices_and_context_window.json.. Using fallback context limit: 1000000
Trajectory dumped to /home/stas/Documents/GitHub/automl-journal/runs/autods-tabred/jobs/terminus-matched-20260828-105709/weather__6Gs9Lqx/agent/trajectory.json
Failed to retrieve model info for 'openrouter/google/gemma-4-31b-it': This model isn't mapped yet. model=openrouter/google/gemma-4-31b-it, custom_llm_provider=openrouter. Add it here - https://github.com/BerriAI/litellm/blob/main/model_prices_and_context_window.json.. Using fallback context limit: 1000000
Parser warnings: - Extra text detected before JSON object
- Extra text detected after JSON object
Trajectory dumped to /home/stas/Documents/GitHub/automl-journal/runs/autods-tabred/jobs/terminus-matched-20260828-105709/ecom-offers__NVPLUTQ/agent/trajectory.json
Trajectory dumped to /home/stas/Documents/GitHub/automl-journal/runs/autods-tabred/jobs/terminus-matched-20260828-105709/ecom-offers__NVPLUTQ/agent/trajectory.json
Collecting main service artifacts
Parser warnings: - Extra text detected before JSON object
- Extra text detected after JSON object
Sending keys: ['apt-get update && apt-get install -y libgomp1\n'] min_timeout_sec: 5.0 max_timeout_sec: 180.0
Sending keys: ['python3 solve.py\n'] min_timeout_sec: 10.0 max_timeout_sec: 180.0
Trajectory dumped to /home/stas/Documents/GitHub/automl-journal/runs/autods-tabred/jobs/terminus-matched-20260828-105709/weather__6Gs9Lqx/agent/trajectory.json
Failed to retrieve model info for 'openrouter/google/gemma-4-31b-it': This model isn't mapped yet. model=openrouter/google/gemma-4-31b-it, custom_llm_provider=openrouter. Add it here - https://github.com/BerriAI/litellm/blob/main/model_prices_and_context_window.json.. Using fallback context limit: 1000000
Skipping image OS validation for hb__0612845e095e012706fcb60606ee0f37: docker inspect returned 1
Parser warnings: - Extra text detected before JSON object
- Extra text detected after JSON object
Sending keys: [''] min_timeout_sec: 30.0 max_timeout_sec: 180.0
Installing: tmux, asciinema
Detected system: {'os': 'debian-based', 'package_manager': 'apt-get', 'update_command': None}
Installing tools using apt-get: DEBIAN_FRONTEND=noninteractive apt-get update && DEBIAN_FRONTEND=noninteractive apt-get install -y tmux asciinema
Starting recording.
Sending keys: ['asciinema rec --stdin /logs/agent/recording.cast', 'Enter'] min_timeout_sec: 1.0 max_timeout_sec: 180.0
Sending keys: ['clear', 'Enter'] min_timeout_sec: 0.0 max_timeout_sec: 180.0
Failed to retrieve model info for 'openrouter/google/gemma-4-31b-it': This model isn't mapped yet. model=openrouter/google/gemma-4-31b-it, custom_llm_provider=openrouter. Add it here - https://github.com/BerriAI/litellm/blob/main/model_prices_and_context_window.json.. Using fallback context limit: 1000000
Parser warnings: - Extra text detected before JSON object
- Extra text detected after JSON object
Sending keys: ['ls -la /app/data\n'] min_timeout_sec: 0.1 max_timeout_sec: 180.0
Sending keys: ['cat /app/data/schema.json\n'] min_timeout_sec: 0.1 max_timeout_sec: 180.0
Sending keys: ['head -n 5 /app/data/train.csv\n'] min_timeout_sec: 0.1 max_timeout_sec: 180.0
Trajectory dumped to /home/stas/Documents/GitHub/automl-journal/runs/autods-tabred/jobs/terminus-matched-20260828-105709/cooking-time__vwphu4k/agent/trajectory.json
Failed to retrieve model info for 'openrouter/google/gemma-4-31b-it': This model isn't mapped yet. model=openrouter/google/gemma-4-31b-it, custom_llm_provider=openrouter. Add it here - https://github.com/BerriAI/litellm/blob/main/model_prices_and_context_window.json.. Using fallback context limit: 1000000
Sending keys: ['ls -la /app/predictions.csv\n'] min_timeout_sec: 0.1 max_timeout_sec: 180.0
Sending keys: ['head -n 5 /app/predictions.csv\n'] min_timeout_sec: 0.1 max_timeout_sec: 180.0
Trajectory dumped to /home/stas/Documents/GitHub/automl-journal/runs/autods-tabred/jobs/terminus-matched-20260828-105709/weather__6Gs9Lqx/agent/trajectory.json
Failed to retrieve model info for 'openrouter/google/gemma-4-31b-it': This model isn't mapped yet. model=openrouter/google/gemma-4-31b-it, custom_llm_provider=openrouter. Add it here - https://github.com/BerriAI/litellm/blob/main/model_prices_and_context_window.json.. Using fallback context limit: 1000000
Parser warnings: - Extra text detected before JSON object
- Extra text detected after JSON object
Sending keys: ['wc -l /app/predictions.csv\n'] min_timeout_sec: 0.1 max_timeout_sec: 180.0
Trajectory dumped to /home/stas/Documents/GitHub/automl-journal/runs/autods-tabred/jobs/terminus-matched-20260828-105709/weather__6Gs9Lqx/agent/trajectory.json
Failed to retrieve model info for 'openrouter/google/gemma-4-31b-it': This model isn't mapped yet. model=openrouter/google/gemma-4-31b-it, custom_llm_provider=openrouter. Add it here - https://github.com/BerriAI/litellm/blob/main/model_prices_and_context_window.json.. Using fallback context limit: 1000000
Parser warnings: - Extra text detected before JSON object
- Extra text detected after JSON object
Trajectory dumped to /home/stas/Documents/GitHub/automl-journal/runs/autods-tabred/jobs/terminus-matched-20260828-105709/weather__6Gs9Lqx/agent/trajectory.json
Failed to retrieve model info for 'openrouter/google/gemma-4-31b-it': This model isn't mapped yet. model=openrouter/google/gemma-4-31b-it, custom_llm_provider=openrouter. Add it here - https://github.com/BerriAI/litellm/blob/main/model_prices_and_context_window.json.. Using fallback context limit: 1000000
Parser warnings: - Extra text detected before JSON object
- Extra text detected after JSON object
Sending keys: ['cat << \'EOF\' > solution.py\nimport pandas as pd\nimport lightgbm as lgb\nimport numpy as np\n\n# Load data\ntrain = pd.read_csv(\'/app/data/train.csv\')\nval = pd.read_csv(\'/app/data/val.csv\')\ntest = pd.read_csv(\'/app/data/test.csv\')\n\n# Define feature columns based on schema\n# num_*: numeric, bin_*: binary, cat_*: categorical\ncat_cols = [col for col in train.columns if col.startswith(\'cat_\')]\n\n# Separate features and target\nX_train = train.drop(columns=[\'target\'])\ny_train = train[\'target\']\nX_val = val.drop(columns=[\'target\'])\ny_val = val[\'target\']\n\n# Convert categorical columns to \'category\' dtype for LightGBM\nfor col in cat_cols:\n    X_train[col] = X_train[col].astype(\'category\')\n    X_val[col] = X_val[col].astype(\'category\')\n    test[col] = test[col].astype(\'category\')\n\n# Initialize LightGBM Regressor\nmodel = lgb.LGBMRegressor(\n    n_estimators=1000,\n    learning_rate=0.05,\n    num_leaves=31,\n    random_state=42,\n    n_jobs=-1\n)\n\n# Train with early stopping\nmodel.fit(\n    X_train, y_train,\n    eval_set=[(X_val, y_val)],\n    eval_metric=\'rmse\',\n    callbacks=[lgb.early_stopping(stopping_rounds=50)]\n)\n\n# Predict test set\npreds = model.predict(test)\n\n# Save predictions\npred_df = pd.DataFrame({\'target\': preds})\npred_df.to_csv(\'/app/predictions.csv\', index=False)\nprint("Predictions saved to /app/predictions.csv")\nEOF\n'] min_timeout_sec: 0.1 max_timeout_sec: 180.0
Sending keys: ['python3 solution.py\n'] min_timeout_sec: 10.0 max_timeout_sec: 180.0
Parser warnings: - Extra text detected before JSON object
- Extra text detected after JSON object
Trajectory dumped to /home/stas/Documents/GitHub/automl-journal/runs/autods-tabred/jobs/terminus-matched-20260828-105709/weather__6Gs9Lqx/agent/trajectory.json
Trajectory dumped to /home/stas/Documents/GitHub/automl-journal/runs/autods-tabred/jobs/terminus-matched-20260828-105709/weather__6Gs9Lqx/agent/trajectory.json
Collecting main service artifacts
Trajectory dumped to /home/stas/Documents/GitHub/automl-journal/runs/autods-tabred/jobs/terminus-matched-20260828-105709/cooking-time__vwphu4k/agent/trajectory.json
Failed to retrieve model info for 'openrouter/google/gemma-4-31b-it': This model isn't mapped yet. model=openrouter/google/gemma-4-31b-it, custom_llm_provider=openrouter. Add it here - https://github.com/BerriAI/litellm/blob/main/model_prices_and_context_window.json.. Using fallback context limit: 1000000
Parser warnings: - Extra text detected before JSON object
- Extra text detected after JSON object
Sending keys: ['apt-get update && apt-get install -y libgomp1\n'] min_timeout_sec: 1.0 max_timeout_sec: 180.0
Sending keys: ['python3 solution.py\n'] min_timeout_sec: 10.0 max_timeout_sec: 180.0
Skipping image OS validation for hb__2bde76ef3ea13380fff860ea3fbc1e33: docker inspect returned 1
Installing: tmux, asciinema
Detected system: {'os': 'debian-based', 'package_manager': 'apt-get', 'update_command': None}
Installing tools using apt-get: DEBIAN_FRONTEND=noninteractive apt-get update && DEBIAN_FRONTEND=noninteractive apt-get install -y tmux asciinema
Trajectory dumped to /home/stas/Documents/GitHub/automl-journal/runs/autods-tabred/jobs/terminus-matched-20260828-105709/cooking-time__vwphu4k/agent/trajectory.json
Failed to retrieve model info for 'openrouter/google/gemma-4-31b-it': This model isn't mapped yet. model=openrouter/google/gemma-4-31b-it, custom_llm_provider=openrouter. Add it here - https://github.com/BerriAI/litellm/blob/main/model_prices_and_context_window.json.. Using fallback context limit: 1000000
Parser warnings: - Extra text detected before JSON object
- Extra text detected after JSON object
Sending keys: ['ls -l /app/predictions.csv\n'] min_timeout_sec: 0.1 max_timeout_sec: 180.0
Sending keys: ['wc -l /app/predictions.csv\n'] min_timeout_sec: 0.1 max_timeout_sec: 180.0
Starting recording.
Sending keys: ['asciinema rec --stdin /logs/agent/recording.cast', 'Enter'] min_timeout_sec: 1.0 max_timeout_sec: 180.0
Trajectory dumped to /home/stas/Documents/GitHub/automl-journal/runs/autods-tabred/jobs/terminus-matched-20260828-105709/cooking-time__vwphu4k/agent/trajectory.json
Failed to retrieve model info for 'openrouter/google/gemma-4-31b-it': This model isn't mapped yet. model=openrouter/google/gemma-4-31b-it, custom_llm_provider=openrouter. Add it here - https://github.com/BerriAI/litellm/blob/main/model_prices_and_context_window.json.. Using fallback context limit: 1000000
Sending keys: ['clear', 'Enter'] min_timeout_sec: 0.0 max_timeout_sec: 180.0
Failed to retrieve model info for 'openrouter/google/gemma-4-31b-it': This model isn't mapped yet. model=openrouter/google/gemma-4-31b-it, custom_llm_provider=openrouter. Add it here - https://github.com/BerriAI/litellm/blob/main/model_prices_and_context_window.json.. Using fallback context limit: 1000000
Parser warnings: - Extra text detected before JSON object
- Extra text detected after JSON object
Sending keys: ['python3 solution.py\n'] min_timeout_sec: 60 max_timeout_sec: 180.0
Parser warnings: - Extra text detected before JSON object
- Extra text detected after JSON object
Sending keys: ['ls -la /app/data\n'] min_timeout_sec: 0.1 max_timeout_sec: 180.0
Sending keys: ['pip install lightgbm pandas scikit-learn\n'] min_timeout_sec: 10.0 max_timeout_sec: 180.0
Sending keys: ["cat <<EOF > solution.py\nimport pandas as pd\nimport lightgbm as lgb\nfrom sklearn.metrics import roc_auc_score\nimport numpy as np\n\ndef solve():\n    train = pd.read_csv('/app/data/train.csv')\n    val = pd.read_csv('/app/data/val.csv')\n    test = pd.read_csv('/app/data/test.csv')\n\n    target_col = 'target'\n    drop_cols = [target_col]\n\n    X_train = train.drop(columns=drop_cols)\n    y_train = train[target_col]\n    X_val = val.drop(columns=drop_cols)\n    y_val = val[target_col]\n    X_test = test\n\n    # Identify feature types\n    num_cols = [c for c in X_train.columns if c.startswith('num_')]\n    cat_cols = [c for c in X_train.columns if c.startswith('cat_')]\n    bin_cols = [c for c in X_train.columns if c.startswith('bin_')]\n\n    # Simple preprocessing: fill cat/bin NaNs with a constant, num NaNs are handled by LGBM\n    for col in cat_cols + bin_cols:\n        X_train[col] = X_train[col].astype(str).fillna('nan')\n        X_val[col] = X_val[col].astype(str).fillna('nan')\n        X_test[col] = X_test[col].astype(str).fillna('nan')\n\n    # Convert categories to category type for LGBM\n    for col in cat_cols + bin_cols:\n        X_train[col] = X_train[col].astype('category')\n        X_val[col] = X_val[col].astype('category')\n        X_test[col] = X_test[col].astype('category')\n\n    model = lgb.LGBMClassifier(\n        n_estimators=1000,\n        learning_rate=0.05,\n        num_leaves=31,\n        random_state=42,\n        n_jobs=-1\n    )\n\n    model.fit(\n        X_train, y_train,\n        eval_set=[(X_val, y_val)],\n        eval_metric='auc',\n        callbacks=[lgb.early_stopping(stopping_rounds=50)]\n    )\n\n    preds = model.predict_proba(X_test)[:, 1]\n    pd.DataFrame({'target': preds}).to_csv('/app/predictions.csv', index=False)\n\nif __name__ == '__main__':\n    solve()\nEOF\n"] min_timeout_sec: 0.1 max_timeout_sec: 180.0
Sending keys: ['python3 solution.py\n'] min_timeout_sec: 60 max_timeout_sec: 180.0
Sending keys: ['ls -l /app/predictions.csv\n'] min_timeout_sec: 0.1 max_timeout_sec: 180.0
Sending keys: ['wc -l /app/predictions.csv\n'] min_timeout_sec: 0.1 max_timeout_sec: 180.0
Trajectory dumped to /home/stas/Documents/GitHub/automl-journal/runs/autods-tabred/jobs/terminus-matched-20260828-105709/cooking-time__vwphu4k/agent/trajectory.json
Failed to retrieve model info for 'openrouter/google/gemma-4-31b-it': This model isn't mapped yet. model=openrouter/google/gemma-4-31b-it, custom_llm_provider=openrouter. Add it here - https://github.com/BerriAI/litellm/blob/main/model_prices_and_context_window.json.. Using fallback context limit: 1000000
Parser warnings: - Extra text detected before JSON object
- Extra text detected after JSON object
Trajectory dumped to /home/stas/Documents/GitHub/automl-journal/runs/autods-tabred/jobs/terminus-matched-20260828-105709/cooking-time__vwphu4k/agent/trajectory.json
Failed to retrieve model info for 'openrouter/google/gemma-4-31b-it': This model isn't mapped yet. model=openrouter/google/gemma-4-31b-it, custom_llm_provider=openrouter. Add it here - https://github.com/BerriAI/litellm/blob/main/model_prices_and_context_window.json.. Using fallback context limit: 1000000
Parser warnings: - Extra text detected before JSON object
- Extra text detected after JSON object
Trajectory dumped to /home/stas/Documents/GitHub/automl-journal/runs/autods-tabred/jobs/terminus-matched-20260828-105709/cooking-time__vwphu4k/agent/trajectory.json
Trajectory dumped to /home/stas/Documents/GitHub/automl-journal/runs/autods-tabred/jobs/terminus-matched-20260828-105709/cooking-time__vwphu4k/agent/trajectory.json
Collecting main service artifacts
Trajectory dumped to /home/stas/Documents/GitHub/automl-journal/runs/autods-tabred/jobs/terminus-matched-20260828-105709/homecredit-default__4u3kqDn/agent/trajectory.json
Failed to retrieve model info for 'openrouter/google/gemma-4-31b-it': This model isn't mapped yet. model=openrouter/google/gemma-4-31b-it, custom_llm_provider=openrouter. Add it here - https://github.com/BerriAI/litellm/blob/main/model_prices_and_context_window.json.. Using fallback context limit: 1000000
Skipping image OS validation for hb__7c06da68f110ae26f21ea0235e140956: docker inspect returned 1
Installing: tmux, asciinema
Detected system: {'os': 'debian-based', 'package_manager': 'apt-get', 'update_command': None}
Installing tools using apt-get: DEBIAN_FRONTEND=noninteractive apt-get update && DEBIAN_FRONTEND=noninteractive apt-get install -y tmux asciinema
Parser warnings: - Extra text detected before JSON object
- Extra text detected after JSON object
Sending keys: ['apt-get update && apt-get install -y libgomp1\n'] min_timeout_sec: 60.0 max_timeout_sec: 180.0
Starting recording.
Sending keys: ['asciinema rec --stdin /logs/agent/recording.cast', 'Enter'] min_timeout_sec: 1.0 max_timeout_sec: 180.0
Sending keys: ['clear', 'Enter'] min_timeout_sec: 0.0 max_timeout_sec: 180.0
Failed to retrieve model info for 'openrouter/google/gemma-4-31b-it': This model isn't mapped yet. model=openrouter/google/gemma-4-31b-it, custom_llm_provider=openrouter. Add it here - https://github.com/BerriAI/litellm/blob/main/model_prices_and_context_window.json.. Using fallback context limit: 1000000
Parser warnings: - Extra text detected before JSON object
- Extra text detected after JSON object
Sending keys: ['ls -la /app/data\n'] min_timeout_sec: 0.1 max_timeout_sec: 180.0
Sending keys: ['pip install lightgbm pandas numpy\n'] min_timeout_sec: 5.0 max_timeout_sec: 180.0
Sending keys: ["cat <<EOF > model.py\nimport pandas as pd\nimport numpy as np\nimport lightgbm as lgb\n\n# Load data\ntrain_df = pd.read_csv('/app/data/train.csv')\nval_df = pd.read_csv('/app/data/val.csv')\ntest_df = pd.read_csv('/app/data/test.csv')\n\n# Separate target\ny_train = train_df['target']\ny_val = val_df['target']\n\n# Drop target from features\nX_train = train_df.drop(columns=['target'])\nX_val = val_df.drop(columns=['target'])\n\n# Identify feature types\ncat_cols = [col for col in X_train.columns if col.startswith('cat_') or col.startswith('bin_')]\nnum_cols = [col for col in X_train.columns if col.startswith('num_')]\n\n# Convert categorical columns to category type for LightGBM\nfor col in cat_cols:\n    X_train[col] = X_train[col].astype('category')\n    X_val[col] = X_val[col].astype('category')\n    test_df[col] = test_df[col].astype('category')\n\n# Model training\nmodel = lgb.LGBMRegressor(n_estimators=1000, learning_rate=0.05, num_leaves=31, random_state=42)\nmodel.fit(\n    X_train, y_train,\n    eval_set=[(X_val, y_val)],\n    eval_metric='rmse',\n    callbacks=[lgb.early_stopping(stopping_rounds=50)]\n)\n\n# Prediction\npreds = model.predict(test_df)\n\n# Save to CSV\npreds_df = pd.DataFrame({'target': preds})\npreds_df.to_csv('/app/predictions.csv', index=False)\nEOF\n"] min_timeout_sec: 0.1 max_timeout_sec: 180.0
Sending keys: ['python3 model.py\n'] min_timeout_sec: 60.0 max_timeout_sec: 180.0
Sending keys: ['python3 solution.py\n'] min_timeout_sec: 60 max_timeout_sec: 180.0
Trajectory dumped to /home/stas/Documents/GitHub/automl-journal/runs/autods-tabred/jobs/terminus-matched-20260828-105709/delivery-eta__CqJZxdf/agent/trajectory.json
Failed to retrieve model info for 'openrouter/google/gemma-4-31b-it': This model isn't mapped yet. model=openrouter/google/gemma-4-31b-it, custom_llm_provider=openrouter. Add it here - https://github.com/BerriAI/litellm/blob/main/model_prices_and_context_window.json.. Using fallback context limit: 1000000
Parser warnings: - Extra text detected before JSON object
- Extra text detected after JSON object
Sending keys: ['apt-get update && apt-get install -y libgomp1\n'] min_timeout_sec: 5.0 max_timeout_sec: 180.0
Sending keys: ['python3 model.py\n'] min_timeout_sec: 60.0 max_timeout_sec: 180.0
Trajectory dumped to /home/stas/Documents/GitHub/automl-journal/runs/autods-tabred/jobs/terminus-matched-20260828-105709/homecredit-default__4u3kqDn/agent/trajectory.json
Failed to retrieve model info for 'openrouter/google/gemma-4-31b-it': This model isn't mapped yet. model=openrouter/google/gemma-4-31b-it, custom_llm_provider=openrouter. Add it here - https://github.com/BerriAI/litellm/blob/main/model_prices_and_context_window.json.. Using fallback context limit: 1000000
Parser warnings: - Extra text detected before JSON object
- Extra text detected after JSON object
Sending keys: [''] min_timeout_sec: 60 max_timeout_sec: 180.0
Sending keys: ['ls -la /app/predictions.csv\n'] min_timeout_sec: 0.1 max_timeout_sec: 180.0
Trajectory dumped to /home/stas/Documents/GitHub/automl-journal/runs/autods-tabred/jobs/terminus-matched-20260828-105709/delivery-eta__CqJZxdf/agent/trajectory.json
Failed to retrieve model info for 'openrouter/google/gemma-4-31b-it': This model isn't mapped yet. model=openrouter/google/gemma-4-31b-it, custom_llm_provider=openrouter. Add it here - https://github.com/BerriAI/litellm/blob/main/model_prices_and_context_window.json.. Using fallback context limit: 1000000
Parser warnings: - Extra text detected before JSON object
- Extra text detected after JSON object
Sending keys: ['ls -la /app/predictions.csv\n'] min_timeout_sec: 0.1 max_timeout_sec: 180.0
Sending keys: ['head -n 5 /app/predictions.csv\n'] min_timeout_sec: 0.1 max_timeout_sec: 180.0
Trajectory dumped to /home/stas/Documents/GitHub/automl-journal/runs/autods-tabred/jobs/terminus-matched-20260828-105709/delivery-eta__CqJZxdf/agent/trajectory.json
Failed to retrieve model info for 'openrouter/google/gemma-4-31b-it': This model isn't mapped yet. model=openrouter/google/gemma-4-31b-it, custom_llm_provider=openrouter. Add it here - https://github.com/BerriAI/litellm/blob/main/model_prices_and_context_window.json.. Using fallback context limit: 1000000
Parser warnings: - Extra text detected before JSON object
- Extra text detected after JSON object
Sending keys: ['sed -i \'$a print("Done!")\' model.py\n'] min_timeout_sec: 0.1 max_timeout_sec: 180.0
Sending keys: ['python3 model.py\n'] min_timeout_sec: 60 max_timeout_sec: 180.0
Sending keys: ['ls -la /app/predictions.csv\n'] min_timeout_sec: 0.1 max_timeout_sec: 180.0
Sending keys: ['wc -l /app/predictions.csv\n'] min_timeout_sec: 0.1 max_timeout_sec: 180.0
Trajectory dumped to /home/stas/Documents/GitHub/automl-journal/runs/autods-tabred/jobs/terminus-matched-20260828-105709/homecredit-default__4u3kqDn/agent/trajectory.json
Failed to retrieve model info for 'openrouter/google/gemma-4-31b-it': This model isn't mapped yet. model=openrouter/google/gemma-4-31b-it, custom_llm_provider=openrouter. Add it here - https://github.com/BerriAI/litellm/blob/main/model_prices_and_context_window.json.. Using fallback context limit: 1000000
Parser warnings: - Extra text detected before JSON object
- Extra text detected after JSON object
Sending keys: ['ps aux | grep solution.py\n'] min_timeout_sec: 0.1 max_timeout_sec: 180.0
Sending keys: ['ls -la /app/predictions.csv\n'] min_timeout_sec: 0.1 max_timeout_sec: 180.0
Sending keys: ['wc -l /app/predictions.csv\n'] min_timeout_sec: 0.1 max_timeout_sec: 180.0
Trajectory dumped to /home/stas/Documents/GitHub/automl-journal/runs/autods-tabred/jobs/terminus-matched-20260828-105709/homecredit-default__4u3kqDn/agent/trajectory.json
Failed to retrieve model info for 'openrouter/google/gemma-4-31b-it': This model isn't mapped yet. model=openrouter/google/gemma-4-31b-it, custom_llm_provider=openrouter. Add it here - https://github.com/BerriAI/litellm/blob/main/model_prices_and_context_window.json.. Using fallback context limit: 1000000
Parser warnings: - Extra text detected before JSON object
- Extra text detected after JSON object
Sending keys: ['ls -l /app/predictions.csv\n'] min_timeout_sec: 0.1 max_timeout_sec: 180.0
Sending keys: ['wc -l /app/predictions.csv\n'] min_timeout_sec: 0.1 max_timeout_sec: 180.0
Trajectory dumped to /home/stas/Documents/GitHub/automl-journal/runs/autods-tabred/jobs/terminus-matched-20260828-105709/homecredit-default__4u3kqDn/agent/trajectory.json
Failed to retrieve model info for 'openrouter/google/gemma-4-31b-it': This model isn't mapped yet. model=openrouter/google/gemma-4-31b-it, custom_llm_provider=openrouter. Add it here - https://github.com/BerriAI/litellm/blob/main/model_prices_and_context_window.json.. Using fallback context limit: 1000000
Parser warnings: - Extra text detected before JSON object
- Extra text detected after JSON object
Sending keys: [''] min_timeout_sec: 60 max_timeout_sec: 180.0
Sending keys: ['ls -la /app/predictions.csv\n'] min_timeout_sec: 0.1 max_timeout_sec: 180.0
Sending keys: ['wc -l /app/predictions.csv\n'] min_timeout_sec: 0.1 max_timeout_sec: 180.0
Trajectory dumped to /home/stas/Documents/GitHub/automl-journal/runs/autods-tabred/jobs/terminus-matched-20260828-105709/delivery-eta__CqJZxdf/agent/trajectory.json
Failed to retrieve model info for 'openrouter/google/gemma-4-31b-it': This model isn't mapped yet. model=openrouter/google/gemma-4-31b-it, custom_llm_provider=openrouter. Add it here - https://github.com/BerriAI/litellm/blob/main/model_prices_and_context_window.json.. Using fallback context limit: 1000000
Parser warnings: - Extra text detected before JSON object
- Extra text detected after JSON object
Sending keys: ['cat <<EOF > model.py\nimport pandas as pd\nimport numpy as np\nimport lightgbm as lgb\n\n# Load data\ntrain_df = pd.read_csv(\'/app/data/train.csv\')\nval_df = pd.read_csv(\'/app/data/val.csv\')\ntest_df = pd.read_csv(\'/app/data/test.csv\')\n\ny_train = train_df[\'target\']\ny_val = val_df[\'target\']\nX_train = train_df.drop(columns=[\'target\'])\nX_val = val_df.drop(columns=[\'target\'])\n\ncat_cols = [col for col in X_train.columns if col.startswith(\'cat_\') or col.startswith(\'bin_\')]\nfor col in cat_cols:\n    X_train[col] = X_train[col].astype(\'category\')\n    X_val[col] = X_val[col].astype(\'category\')\n    test_df[col] = test_df[col].astype(\'category\')\n\n# Reduced n_estimators for faster execution\nmodel = lgb.LGBMRegressor(n_estimators=100, learning_rate=0.1, num_leaves=31, random_state=42)\nmodel.fit(X_train, y_train, eval_set=[(X_val, y_val)], callbacks=[lgb.early_stopping(stopping_rounds=10)])\n\npreds = model.predict(test_df)\npreds_df = pd.DataFrame({\'target\': preds})\npreds_df.to_csv(\'/app/predictions.csv\', index=False)\nprint("Predictions saved to /app/predictions.csv")\nEOF\n'] min_timeout_sec: 0.1 max_timeout_sec: 180.0
Sending keys: ['python3 model.py\n'] min_timeout_sec: 60 max_timeout_sec: 180.0
Sending keys: ['ls -l /app/predictions.csv\n'] min_timeout_sec: 0.1 max_timeout_sec: 180.0
Sending keys: ['wc -l /app/predictions.csv\n'] min_timeout_sec: 0.1 max_timeout_sec: 180.0
Trajectory dumped to /home/stas/Documents/GitHub/automl-journal/runs/autods-tabred/jobs/terminus-matched-20260828-105709/homecredit-default__4u3kqDn/agent/trajectory.json
Failed to retrieve model info for 'openrouter/google/gemma-4-31b-it': This model isn't mapped yet. model=openrouter/google/gemma-4-31b-it, custom_llm_provider=openrouter. Add it here - https://github.com/BerriAI/litellm/blob/main/model_prices_and_context_window.json.. Using fallback context limit: 1000000
Parser warnings: - Extra text detected before JSON object
- Extra text detected after JSON object
Trajectory dumped to /home/stas/Documents/GitHub/automl-journal/runs/autods-tabred/jobs/terminus-matched-20260828-105709/homecredit-default__4u3kqDn/agent/trajectory.json
Failed to retrieve model info for 'openrouter/google/gemma-4-31b-it': This model isn't mapped yet. model=openrouter/google/gemma-4-31b-it, custom_llm_provider=openrouter. Add it here - https://github.com/BerriAI/litellm/blob/main/model_prices_and_context_window.json.. Using fallback context limit: 1000000
Parser warnings: - Extra text detected before JSON object
- Extra text detected after JSON object
Trajectory dumped to /home/stas/Documents/GitHub/automl-journal/runs/autods-tabred/jobs/terminus-matched-20260828-105709/homecredit-default__4u3kqDn/agent/trajectory.json
Trajectory dumped to /home/stas/Documents/GitHub/automl-journal/runs/autods-tabred/jobs/terminus-matched-20260828-105709/homecredit-default__4u3kqDn/agent/trajectory.json
Collecting main service artifacts
Sending keys: ['ls -l /app/predictions.csv\n'] min_timeout_sec: 0.1 max_timeout_sec: 180.0
Sending keys: ['wc -l /app/predictions.csv\n'] min_timeout_sec: 0.1 max_timeout_sec: 180.0
Trajectory dumped to /home/stas/Documents/GitHub/automl-journal/runs/autods-tabred/jobs/terminus-matched-20260828-105709/delivery-eta__CqJZxdf/agent/trajectory.json
Failed to retrieve model info for 'openrouter/google/gemma-4-31b-it': This model isn't mapped yet. model=openrouter/google/gemma-4-31b-it, custom_llm_provider=openrouter. Add it here - https://github.com/BerriAI/litellm/blob/main/model_prices_and_context_window.json.. Using fallback context limit: 1000000
Parser warnings: - Extra text detected before JSON object
- Extra text detected after JSON object
Sending keys: ['wc -l /app/predictions.csv\n'] min_timeout_sec: 0.1 max_timeout_sec: 180.0
Sending keys: ['head -n 2 /app/predictions.csv\n'] min_timeout_sec: 0.1 max_timeout_sec: 180.0
Trajectory dumped to /home/stas/Documents/GitHub/automl-journal/runs/autods-tabred/jobs/terminus-matched-20260828-105709/delivery-eta__CqJZxdf/agent/trajectory.json
Failed to retrieve model info for 'openrouter/google/gemma-4-31b-it': This model isn't mapped yet. model=openrouter/google/gemma-4-31b-it, custom_llm_provider=openrouter. Add it here - https://github.com/BerriAI/litellm/blob/main/model_prices_and_context_window.json.. Using fallback context limit: 1000000
Parser warnings: - Extra text detected before JSON object
- Extra text detected after JSON object
Trajectory dumped to /home/stas/Documents/GitHub/automl-journal/runs/autods-tabred/jobs/terminus-matched-20260828-105709/delivery-eta__CqJZxdf/agent/trajectory.json
Trajectory dumped to /home/stas/Documents/GitHub/automl-journal/runs/autods-tabred/jobs/terminus-matched-20260828-105709/delivery-eta__CqJZxdf/agent/trajectory.json
Collecting main service artifacts
Skipping image OS validation for hb__560ea29b5df726488c1564b86d5666d8: docker inspect returned 1
Installing: tmux, asciinema
Detected system: {'os': 'debian-based', 'package_manager': 'apt-get', 'update_command': None}
Installing tools using apt-get: DEBIAN_FRONTEND=noninteractive apt-get update && DEBIAN_FRONTEND=noninteractive apt-get install -y tmux asciinema
Skipping image OS validation for hb__a1865b71d5c2f0a55cc8128839a56408: docker inspect returned 1
Installing: tmux, asciinema
Detected system: {'os': 'debian-based', 'package_manager': 'apt-get', 'update_command': None}
Installing tools using apt-get: DEBIAN_FRONTEND=noninteractive apt-get update && DEBIAN_FRONTEND=noninteractive apt-get install -y tmux asciinema
Starting recording.
Sending keys: ['asciinema rec --stdin /logs/agent/recording.cast', 'Enter'] min_timeout_sec: 1.0 max_timeout_sec: 180.0
Sending keys: ['clear', 'Enter'] min_timeout_sec: 0.0 max_timeout_sec: 180.0
Starting recording.
Sending keys: ['asciinema rec --stdin /logs/agent/recording.cast', 'Enter'] min_timeout_sec: 1.0 max_timeout_sec: 180.0
Failed to retrieve model info for 'openrouter/google/gemma-4-31b-it': This model isn't mapped yet. model=openrouter/google/gemma-4-31b-it, custom_llm_provider=openrouter. Add it here - https://github.com/BerriAI/litellm/blob/main/model_prices_and_context_window.json.. Using fallback context limit: 1000000
Sending keys: ['clear', 'Enter'] min_timeout_sec: 0.0 max_timeout_sec: 180.0
Failed to retrieve model info for 'openrouter/google/gemma-4-31b-it': This model isn't mapped yet. model=openrouter/google/gemma-4-31b-it, custom_llm_provider=openrouter. Add it here - https://github.com/BerriAI/litellm/blob/main/model_prices_and_context_window.json.. Using fallback context limit: 1000000
Parser warnings: - Extra text detected before JSON object
- Extra text detected after JSON object
Sending keys: ['ls -la /app/data\n'] min_timeout_sec: 0.1 max_timeout_sec: 180.0
Sending keys: ['head -n 5 /app/data/train.csv\n'] min_timeout_sec: 0.1 max_timeout_sec: 180.0
Sending keys: ['cat /app/data/schema.json\n'] min_timeout_sec: 0.1 max_timeout_sec: 180.0
Trajectory dumped to /home/stas/Documents/GitHub/automl-journal/runs/autods-tabred/jobs/terminus-matched-20260828-105709/maps-routing__RXRXxkE/agent/trajectory.json
Failed to retrieve model info for 'openrouter/google/gemma-4-31b-it': This model isn't mapped yet. model=openrouter/google/gemma-4-31b-it, custom_llm_provider=openrouter. Add it here - https://github.com/BerriAI/litellm/blob/main/model_prices_and_context_window.json.. Using fallback context limit: 1000000
Parser warnings: - Extra text detected before JSON object
- Extra text detected after JSON object
Sending keys: ['ls -la /app/data\n'] min_timeout_sec: 0.1 max_timeout_sec: 180.0
Sending keys: ['cat /app/data/schema.json\n'] min_timeout_sec: 0.1 max_timeout_sec: 180.0
Sending keys: ['head -n 5 /app/data/train.csv\n'] min_timeout_sec: 0.1 max_timeout_sec: 180.0
Trajectory dumped to /home/stas/Documents/GitHub/automl-journal/runs/autods-tabred/jobs/terminus-matched-20260828-105709/sberbank-housing__x28HWSX/agent/trajectory.json
Failed to retrieve model info for 'openrouter/google/gemma-4-31b-it': This model isn't mapped yet. model=openrouter/google/gemma-4-31b-it, custom_llm_provider=openrouter. Add it here - https://github.com/BerriAI/litellm/blob/main/model_prices_and_context_window.json.. Using fallback context limit: 1000000
Parser warnings: - Extra text detected before JSON object
- Extra text detected after JSON object
Sending keys: ["cat << 'EOF' > solution.py\nimport pandas as pd\nimport lightgbm as lgb\nimport numpy as np\nfrom sklearn.metrics import mean_squared_error\n\n# Load data\nprint('Loading data...')\ntrain = pd.read_csv('/app/data/train.csv')\nval = pd.read_csv('/app/data/val.csv')\ntest = pd.read_csv('/app/data/test.csv')\n\n# Identify feature types\ncat_cols = [col for col in train.columns if col.startswith('cat_')]\nnum_cols = [col for col in train.columns if col.startswith('num_')]\n\n# Convert categorical columns to category type\nfor col in cat_cols:\n    train[col] = train[col].astype('category')\n    val[col] = val[col].astype('category')\n    test[col] = test[col].astype('category')\n\nX_train = train.drop(columns=['target'])\ny_train = train['target']\nX_val = val.drop(columns=['target'])\ny_val = val['target']\n\n# Build LightGBM model\nprint('Training model...')\nmodel = lgb.LGBMRegressor(\n    n_estimators=1000,\n    learning_rate=0.05,\n    num_leaves=31,\n    objective='regression',\n    metric='rmse',\n    random_state=42,\n    n_jobs=-1\n)\n\nmodel.fit(\n    X_train, y_train,\n    eval_set=[(X_val, y_val)],\n    callbacks=[lgb.early_stopping(stopping_rounds=50)]\n)\n\n# Evaluate on validation set\npreds_val = model.predict(X_val)\nrmse = np.sqrt(mean_squared_error(y_val, preds_val))\nprint(f'Validation RMSE: {rmse}')\n\n# Predict on test set\nprint('Predicting on test set...')\npreds_test = model.predict(test)\n\n# Save predictions\noutput = pd.DataFrame({'target': preds_test})\noutput.to_csv('/app/predictions.csv', index=False)\nprint('Predictions saved to /app/predictions.csv')\nEOF\n"] min_timeout_sec: 0.1 max_timeout_sec: 180.0
Sending keys: ['python3 solution.py\n'] min_timeout_sec: 60 max_timeout_sec: 180.0
Parser warnings: - Extra text detected before JSON object
- Extra text detected after JSON object
Sending keys: ["cat << 'EOF' > solution.py\nimport pandas as pd\nimport lightgbm as lgb\nfrom sklearn.metrics import mean_squared_error\nimport numpy as np\n\n# Load data\ntrain = pd.read_csv('/app/data/train.csv')\nval = pd.read_csv('/app/data/val.csv')\ntest = pd.read_csv('/app/data/test.csv')\n\ntarget_col = 'target'\n\n# Identify feature types\nall_cols = train.columns.tolist()\nfeatures = [col for col in all_cols if col != target_col]\n\ncat_features = [col for col in features if col.startswith('cat_') or col.startswith('bin_')]\nnum_features = [col for col in features if col.startswith('num_')]\n\n# Prepare X and y\nX_train = train[features]\ny_train = train[target_col]\nX_val = val[features]\ny_val = val[target_col]\nX_test = test[features]\n\n# Convert categorical features to category dtype for LightGBM\nfor col in cat_features:\n    X_train[col] = X_train[col].astype('category')\n    X_val[col] = X_val[col].astype('category')\n    X_test[col] = X_test[col].astype('category')\n\n# Train LightGBM\nmodel = lgb.LGBMRegressor(\n    n_estimators=1000,\n    learning_rate=0.05,\n    num_leaves=31,\n    max_depth=-1,\n    random_state=42,\n    n_jobs=-1\n)\n\nmodel.fit(\n    X_train, y_train,\n    eval_set=[(X_val, y_val)],\n    eval_metric='rmse',\n    callbacks=[lgb.early_stopping(stopping_rounds=50)]\n)\n\n# Predict\npreds = model.predict(X_test)\n\n# Save results\nsubmission = pd.DataFrame({'target': preds})\nsubmission.to_csv('/app/predictions.csv', index=False)\n\nprint('Predictions saved to /app/predictions.csv')\nEOF\n"] min_timeout_sec: 0.1 max_timeout_sec: 180.0
Sending keys: ['python3 solution.py\n'] min_timeout_sec: 10.0 max_timeout_sec: 180.0
Trajectory dumped to /home/stas/Documents/GitHub/automl-journal/runs/autods-tabred/jobs/terminus-matched-20260828-105709/sberbank-housing__x28HWSX/agent/trajectory.json
Failed to retrieve model info for 'openrouter/google/gemma-4-31b-it': This model isn't mapped yet. model=openrouter/google/gemma-4-31b-it, custom_llm_provider=openrouter. Add it here - https://github.com/BerriAI/litellm/blob/main/model_prices_and_context_window.json.. Using fallback context limit: 1000000
Parser warnings: - Extra text detected before JSON object
- Extra text detected after JSON object
Sending keys: ['apt-get update && apt-get install -y libgomp1\n'] min_timeout_sec: 5.0 max_timeout_sec: 180.0
Sending keys: ['python3 solution.py\n'] min_timeout_sec: 15.0 max_timeout_sec: 180.0
Trajectory dumped to /home/stas/Documents/GitHub/automl-journal/runs/autods-tabred/jobs/terminus-matched-20260828-105709/sberbank-housing__x28HWSX/agent/trajectory.json
Failed to retrieve model info for 'openrouter/google/gemma-4-31b-it': This model isn't mapped yet. model=openrouter/google/gemma-4-31b-it, custom_llm_provider=openrouter. Add it here - https://github.com/BerriAI/litellm/blob/main/model_prices_and_context_window.json.. Using fallback context limit: 1000000
Parser warnings: - Extra text detected before JSON object
- Extra text detected after JSON object
Sending keys: ['head -n 5 /app/predictions.csv\n'] min_timeout_sec: 0.1 max_timeout_sec: 180.0
Sending keys: ['wc -l /app/predictions.csv\n'] min_timeout_sec: 0.1 max_timeout_sec: 180.0
Trajectory dumped to /home/stas/Documents/GitHub/automl-journal/runs/autods-tabred/jobs/terminus-matched-20260828-105709/sberbank-housing__x28HWSX/agent/trajectory.json
Failed to retrieve model info for 'openrouter/google/gemma-4-31b-it': This model isn't mapped yet. model=openrouter/google/gemma-4-31b-it, custom_llm_provider=openrouter. Add it here - https://github.com/BerriAI/litellm/blob/main/model_prices_and_context_window.json.. Using fallback context limit: 1000000
Parser warnings: - Extra text detected before JSON object
- Extra text detected after JSON object
Trajectory dumped to /home/stas/Documents/GitHub/automl-journal/runs/autods-tabred/jobs/terminus-matched-20260828-105709/sberbank-housing__x28HWSX/agent/trajectory.json
Failed to retrieve model info for 'openrouter/google/gemma-4-31b-it': This model isn't mapped yet. model=openrouter/google/gemma-4-31b-it, custom_llm_provider=openrouter. Add it here - https://github.com/BerriAI/litellm/blob/main/model_prices_and_context_window.json.. Using fallback context limit: 1000000
Parser warnings: - Extra text detected before JSON object
- Extra text detected after JSON object
Trajectory dumped to /home/stas/Documents/GitHub/automl-journal/runs/autods-tabred/jobs/terminus-matched-20260828-105709/sberbank-housing__x28HWSX/agent/trajectory.json
Trajectory dumped to /home/stas/Documents/GitHub/automl-journal/runs/autods-tabred/jobs/terminus-matched-20260828-105709/sberbank-housing__x28HWSX/agent/trajectory.json
Collecting main service artifacts
Trajectory dumped to /home/stas/Documents/GitHub/automl-journal/runs/autods-tabred/jobs/terminus-matched-20260828-105709/maps-routing__RXRXxkE/agent/trajectory.json
Failed to retrieve model info for 'openrouter/google/gemma-4-31b-it': This model isn't mapped yet. model=openrouter/google/gemma-4-31b-it, custom_llm_provider=openrouter. Add it here - https://github.com/BerriAI/litellm/blob/main/model_prices_and_context_window.json.. Using fallback context limit: 1000000
Parser warnings: - Extra text detected before JSON object
- Extra text detected after JSON object
Sending keys: ['apt-get update && apt-get install -y libgomp1\n'] min_timeout_sec: 10.0 max_timeout_sec: 180.0
Skipping image OS validation for hb__a746e348e3e3151b64dc0b47006657ad: docker inspect returned 1
Installing: tmux, asciinema
Detected system: {'os': 'debian-based', 'package_manager': 'apt-get', 'update_command': None}
Installing tools using apt-get: DEBIAN_FRONTEND=noninteractive apt-get update && DEBIAN_FRONTEND=noninteractive apt-get install -y tmux asciinema
Sending keys: ['python3 solution.py\n'] min_timeout_sec: 60 max_timeout_sec: 180.0
Starting recording.
Sending keys: ['asciinema rec --stdin /logs/agent/recording.cast', 'Enter'] min_timeout_sec: 1.0 max_timeout_sec: 180.0
Sending keys: ['clear', 'Enter'] min_timeout_sec: 0.0 max_timeout_sec: 180.0
Failed to retrieve model info for 'openrouter/google/gemma-4-31b-it': This model isn't mapped yet. model=openrouter/google/gemma-4-31b-it, custom_llm_provider=openrouter. Add it here - https://github.com/BerriAI/litellm/blob/main/model_prices_and_context_window.json.. Using fallback context limit: 1000000
Parser warnings: - Extra text detected before JSON object
- Extra text detected after JSON object
Sending keys: ['ls -la /app/data\n'] min_timeout_sec: 0.1 max_timeout_sec: 180.0
Sending keys: ['head -n 5 /app/data/train.csv\n'] min_timeout_sec: 0.1 max_timeout_sec: 180.0
Sending keys: ['cat /app/data/schema.json\n'] min_timeout_sec: 0.1 max_timeout_sec: 180.0
Trajectory dumped to /home/stas/Documents/GitHub/automl-journal/runs/autods-tabred/jobs/terminus-matched-20260828-105709/homesite-insurance__TAZ88rw/agent/trajectory.json
Failed to retrieve model info for 'openrouter/google/gemma-4-31b-it': This model isn't mapped yet. model=openrouter/google/gemma-4-31b-it, custom_llm_provider=openrouter. Add it here - https://github.com/BerriAI/litellm/blob/main/model_prices_and_context_window.json.. Using fallback context limit: 1000000
Parser warnings: - Extra text detected before JSON object
- Extra text detected after JSON object
Sending keys: ["cat << 'EOF' > solution.py\nimport pandas as pd\nimport numpy as np\nimport lightgbm as lgb\nfrom sklearn.metrics import roc_auc_score\n\ndef solve():\n    train = pd.read_csv('/app/data/train.csv')\n    val = pd.read_csv('/app/data/val.csv')\n    test = pd.read_csv('/app/data/test.csv')\n\n    target_col = 'target'\n    num_cols = [c for c in train.columns if c.startswith('num_')]\n    bin_cols = [c for c in train.columns if c.startswith('bin_')]\n    cat_cols = [c for c in train.columns if c.startswith('cat_')]\n\n    X_train = train[num_cols + bin_cols + cat_cols]\n    y_train = train[target_col]\n    X_val = val[num_cols + bin_cols + cat_cols]\n    y_val = val[target_col]\n    X_test = test[num_cols + bin_cols + cat_cols]\n\n    for col in cat_cols:\n        X_train[col] = X_train[col].astype('category')\n        X_val[col] = X_val[col].astype('category')\n        X_test[col] = X_test[col].astype('category')\n\n    model = lgb.LGBMClassifier(\n        n_estimators=1000,\n        learning_rate=0.05,\n        num_leaves=31,\n        max_depth=-1,\n        random_state=42,\n        n_jobs=-1\n    )\n\n    model.fit(\n        X_train, y_train,\n        eval_set=[(X_val, y_val)],\n        eval_metric='auc',\n        callbacks=[lgb.early_stopping(stopping_rounds=50)]\n    )\n\n    preds = model.predict_proba(X_test)[:, 1]\n    \n    out = pd.DataFrame({'target': preds})\n    out.to_csv('/app/predictions.csv', index=False)\n    print('Predictions saved to /app/predictions.csv')\n\nif __name__ == '__main__':\n    solve()\nEOF\n"] min_timeout_sec: 0.1 max_timeout_sec: 180.0
Sending keys: ['python3 solution.py\n'] min_timeout_sec: 10.0 max_timeout_sec: 180.0
Trajectory dumped to /home/stas/Documents/GitHub/automl-journal/runs/autods-tabred/jobs/terminus-matched-20260828-105709/homesite-insurance__TAZ88rw/agent/trajectory.json
Failed to retrieve model info for 'openrouter/google/gemma-4-31b-it': This model isn't mapped yet. model=openrouter/google/gemma-4-31b-it, custom_llm_provider=openrouter. Add it here - https://github.com/BerriAI/litellm/blob/main/model_prices_and_context_window.json.. Using fallback context limit: 1000000
Parser warnings: - Extra text detected before JSON object
- Extra text detected after JSON object
Sending keys: ['apt-get update && apt-get install -y libgomp1\n'] min_timeout_sec: 5.0 max_timeout_sec: 180.0
Sending keys: ['python3 solution.py\n'] min_timeout_sec: 10.0 max_timeout_sec: 180.0
Trajectory dumped to /home/stas/Documents/GitHub/automl-journal/runs/autods-tabred/jobs/terminus-matched-20260828-105709/maps-routing__RXRXxkE/agent/trajectory.json
Failed to retrieve model info for 'openrouter/google/gemma-4-31b-it': This model isn't mapped yet. model=openrouter/google/gemma-4-31b-it, custom_llm_provider=openrouter. Add it here - https://github.com/BerriAI/litellm/blob/main/model_prices_and_context_window.json.. Using fallback context limit: 1000000
Trajectory dumped to /home/stas/Documents/GitHub/automl-journal/runs/autods-tabred/jobs/terminus-matched-20260828-105709/homesite-insurance__TAZ88rw/agent/trajectory.json
Failed to retrieve model info for 'openrouter/google/gemma-4-31b-it': This model isn't mapped yet. model=openrouter/google/gemma-4-31b-it, custom_llm_provider=openrouter. Add it here - https://github.com/BerriAI/litellm/blob/main/model_prices_and_context_window.json.. Using fallback context limit: 1000000
Parser warnings: - Extra text detected before JSON object
- Extra text detected after JSON object
Sending keys: [''] min_timeout_sec: 60 max_timeout_sec: 180.0
Parser warnings: - Extra text detected before JSON object
- Extra text detected after JSON object
Sending keys: ['ls -la /app/predictions.csv\n'] min_timeout_sec: 0.1 max_timeout_sec: 180.0
Sending keys: ['wc -l /app/predictions.csv\n'] min_timeout_sec: 0.1 max_timeout_sec: 180.0
Trajectory dumped to /home/stas/Documents/GitHub/automl-journal/runs/autods-tabred/jobs/terminus-matched-20260828-105709/homesite-insurance__TAZ88rw/agent/trajectory.json
Failed to retrieve model info for 'openrouter/google/gemma-4-31b-it': This model isn't mapped yet. model=openrouter/google/gemma-4-31b-it, custom_llm_provider=openrouter. Add it here - https://github.com/BerriAI/litellm/blob/main/model_prices_and_context_window.json.. Using fallback context limit: 1000000
Parser warnings: - Extra text detected before JSON object
- Extra text detected after JSON object
Sending keys: ["cat << 'EOF' > solution.py\nimport pandas as pd\nimport numpy as np\nimport lightgbm as lgb\nfrom sklearn.metrics import roc_auc_score\nimport os\n\ndef solve():\n    print('Loading data...')\n    train = pd.read_csv('/app/data/train.csv')\n    val = pd.read_csv('/app/data/val.csv')\n    test = pd.read_csv('/app/data/test.csv')\n\n    target_col = 'target'\n    num_cols = [c for c in train.columns if c.startswith('num_')]\n    bin_cols = [c for c in train.columns if c.startswith('bin_')]\n    cat_cols = [c for c in train.columns if c.startswith('cat_')]\n\n    print(f'Features: {len(num_cols)} num, {len(bin_cols)} bin, {len(cat_cols)} cat')\n\n    X_train = train[num_cols + bin_cols + cat_cols].copy()\n    y_train = train[target_col]\n    X_val = val[num_cols + bin_cols + cat_cols].copy()\n    y_val = val[target_col]\n    X_test = test[num_cols + bin_cols + cat_cols].copy()\n\n    for col in cat_cols:\n        X_train[col] = X_train[col].astype('category')\n        X_val[col] = X_val[col].astype('category')\n        X_test[col] = X_test[col].astype('category')\n\n    print('Training model...')\n    model = lgb.LGBMClassifier(\n        n_estimators=1000,\n        learning_rate=0.05,\n        num_leaves=31,\n        max_depth=-1,\n        random_state=42,\n        n_jobs=-1,\n        verbosity=-1\n    )\n\n    model.fit(\n        X_train, y_train,\n        eval_set=[(X_val, y_val)],\n        eval_metric='auc',\n        callbacks=[lgb.early_stopping(stopping_rounds=50)]\n    )\n\n    print('Predicting...')\n    preds = model.predict_proba(X_test)[:, 1]\n    \n    print('Saving predictions...')\n    out = pd.DataFrame({'target': preds})\n    out.to_csv('/app/predictions.csv', index=False)\n    print(f'Predictions saved to /app/predictions.csv. Shape: {out.shape}')\n\nif __name__ == '__main__':\n    try:\n        solve()\n    except Exception as e:\n        print(f'Error occurred: {e}')\nEOF\n"] min_timeout_sec: 0.1 max_timeout_sec: 180.0
Sending keys: ['python3 solution.py\n'] min_timeout_sec: 15.0 max_timeout_sec: 180.0
Sending keys: ['ls -la /app/predictions.csv\n'] min_timeout_sec: 0.1 max_timeout_sec: 180.0
Trajectory dumped to /home/stas/Documents/GitHub/automl-journal/runs/autods-tabred/jobs/terminus-matched-20260828-105709/homesite-insurance__TAZ88rw/agent/trajectory.json
Failed to retrieve model info for 'openrouter/google/gemma-4-31b-it': This model isn't mapped yet. model=openrouter/google/gemma-4-31b-it, custom_llm_provider=openrouter. Add it here - https://github.com/BerriAI/litellm/blob/main/model_prices_and_context_window.json.. Using fallback context limit: 1000000
Parser warnings: - Extra text detected before JSON object
- Extra text detected after JSON object
Sending keys: ['python3 solution.py\n'] min_timeout_sec: 60 max_timeout_sec: 180.0
Trajectory dumped to /home/stas/Documents/GitHub/automl-journal/runs/autods-tabred/jobs/terminus-matched-20260828-105709/maps-routing__RXRXxkE/agent/trajectory.json
Failed to retrieve model info for 'openrouter/google/gemma-4-31b-it': This model isn't mapped yet. model=openrouter/google/gemma-4-31b-it, custom_llm_provider=openrouter. Add it here - https://github.com/BerriAI/litellm/blob/main/model_prices_and_context_window.json.. Using fallback context limit: 1000000
Parser warnings: - Extra text detected before JSON object
- Extra text detected after JSON object
Sending keys: [''] min_timeout_sec: 60 max_timeout_sec: 180.0
Sending keys: ['ls -la /app/predictions.csv\n'] min_timeout_sec: 0.1 max_timeout_sec: 180.0
Sending keys: ['wc -l /app/predictions.csv\n'] min_timeout_sec: 0.1 max_timeout_sec: 180.0
Trajectory dumped to /home/stas/Documents/GitHub/automl-journal/runs/autods-tabred/jobs/terminus-matched-20260828-105709/homesite-insurance__TAZ88rw/agent/trajectory.json
Failed to retrieve model info for 'openrouter/google/gemma-4-31b-it': This model isn't mapped yet. model=openrouter/google/gemma-4-31b-it, custom_llm_provider=openrouter. Add it here - https://github.com/BerriAI/litellm/blob/main/model_prices_and_context_window.json.. Using fallback context limit: 1000000
Parser warnings: - Extra text detected before JSON object
- Extra text detected after JSON object
Sending keys: ['python3 solution.py\n'] min_timeout_sec: 60 max_timeout_sec: 180.0
Trajectory dumped to /home/stas/Documents/GitHub/automl-journal/runs/autods-tabred/jobs/terminus-matched-20260828-105709/maps-routing__RXRXxkE/agent/trajectory.json
Failed to retrieve model info for 'openrouter/google/gemma-4-31b-it': This model isn't mapped yet. model=openrouter/google/gemma-4-31b-it, custom_llm_provider=openrouter. Add it here - https://github.com/BerriAI/litellm/blob/main/model_prices_and_context_window.json.. Using fallback context limit: 1000000
Parser warnings: - Extra text detected before JSON object
- Extra text detected after JSON object
Sending keys: [''] min_timeout_sec: 60 max_timeout_sec: 180.0
Sending keys: ['ls -la /app/predictions.csv\n'] min_timeout_sec: 0.1 max_timeout_sec: 180.0
Sending keys: ['wc -l /app/predictions.csv\n'] min_timeout_sec: 0.1 max_timeout_sec: 180.0
Trajectory dumped to /home/stas/Documents/GitHub/automl-journal/runs/autods-tabred/jobs/terminus-matched-20260828-105709/homesite-insurance__TAZ88rw/agent/trajectory.json
Failed to retrieve model info for 'openrouter/google/gemma-4-31b-it': This model isn't mapped yet. model=openrouter/google/gemma-4-31b-it, custom_llm_provider=openrouter. Add it here - https://github.com/BerriAI/litellm/blob/main/model_prices_and_context_window.json.. Using fallback context limit: 1000000
Parser warnings: - Extra text detected before JSON object
- Extra text detected after JSON object
Sending keys: ['pkill -f solution.py\n'] min_timeout_sec: 1.0 max_timeout_sec: 180.0
Sending keys: ['python3 solution.py\n'] min_timeout_sec: 60 max_timeout_sec: 180.0
Trajectory dumped to /home/stas/Documents/GitHub/automl-journal/runs/autods-tabred/jobs/terminus-matched-20260828-105709/maps-routing__RXRXxkE/agent/trajectory.json
Failed to retrieve model info for 'openrouter/google/gemma-4-31b-it': This model isn't mapped yet. model=openrouter/google/gemma-4-31b-it, custom_llm_provider=openrouter. Add it here - https://github.com/BerriAI/litellm/blob/main/model_prices_and_context_window.json.. Using fallback context limit: 1000000
Parser warnings: - Extra text detected before JSON object
- Extra text detected after JSON object
Sending keys: ['ls -l /app/predictions.csv\n'] min_timeout_sec: 0.1 max_timeout_sec: 180.0
Sending keys: ['ps aux | grep solution.py\n'] min_timeout_sec: 0.1 max_timeout_sec: 180.0
Trajectory dumped to /home/stas/Documents/GitHub/automl-journal/runs/autods-tabred/jobs/terminus-matched-20260828-105709/maps-routing__RXRXxkE/agent/trajectory.json
Failed to retrieve model info for 'openrouter/google/gemma-4-31b-it': This model isn't mapped yet. model=openrouter/google/gemma-4-31b-it, custom_llm_provider=openrouter. Add it here - https://github.com/BerriAI/litellm/blob/main/model_prices_and_context_window.json.. Using fallback context limit: 1000000
Parser warnings: - Extra text detected before JSON object
- Extra text detected after JSON object
Sending keys: [''] min_timeout_sec: 60 max_timeout_sec: 180.0
Sending keys: ['ls -l /app/predictions.csv\n'] min_timeout_sec: 0.1 max_timeout_sec: 180.0
Sending keys: ['wc -l /app/predictions.csv\n'] min_timeout_sec: 0.1 max_timeout_sec: 180.0
Trajectory dumped to /home/stas/Documents/GitHub/automl-journal/runs/autods-tabred/jobs/terminus-matched-20260828-105709/homesite-insurance__TAZ88rw/agent/trajectory.json
Failed to retrieve model info for 'openrouter/google/gemma-4-31b-it': This model isn't mapped yet. model=openrouter/google/gemma-4-31b-it, custom_llm_provider=openrouter. Add it here - https://github.com/BerriAI/litellm/blob/main/model_prices_and_context_window.json.. Using fallback context limit: 1000000
Trajectory dumped to /home/stas/Documents/GitHub/automl-journal/runs/autods-tabred/jobs/terminus-matched-20260828-105709/maps-routing__RXRXxkE/agent/trajectory.json
Failed to retrieve model info for 'openrouter/google/gemma-4-31b-it': This model isn't mapped yet. model=openrouter/google/gemma-4-31b-it, custom_llm_provider=openrouter. Add it here - https://github.com/BerriAI/litellm/blob/main/model_prices_and_context_window.json.. Using fallback context limit: 1000000
Parser warnings: - Extra text detected before JSON object
- Extra text detected after JSON object
Sending keys: ["cat << 'EOF' > solution_fast.py\nimport pandas as pd\nimport numpy as np\nimport lightgbm as lgb\nimport os\n\ndef solve():\n    print('Loading data...')\n    train = pd.read_csv('/app/data/train.csv')\n    val = pd.read_csv('/app/data/val.csv')\n    test = pd.read_csv('/app/data/test.csv')\n    target_col = 'target'\n    num_cols = [c for c in train.columns if c.startswith('num_')]\n    bin_cols = [c for c in train.columns if c.startswith('bin_')]\n    cat_cols = [c for c in train.columns if c.startswith('cat_')]\n    X_train = train[num_cols + bin_cols + cat_cols].copy()\n    y_train = train[target_col]\n    X_val = val[num_cols + bin_cols + cat_cols].copy()\n    y_val = val[target_col]\n    X_test = test[num_cols + bin_cols + cat_cols].copy()\n    for col in cat_cols:\n        X_train[col] = X_train[col].astype('category')\n        X_val[col] = X_val[col].astype('category')\n        X_test[col] = X_test[col].astype('category')\n    print('Training model...')\n    model = lgb.LGBMClassifier(n_estimators=10, learning_rate=0.1, random_state=42, n_jobs=-1, verbosity=-1)\n    model.fit(X_train, y_train, eval_set=[(X_val, y_val)], eval_metric='auc', callbacks=[lgb.early_stopping(stopping_rounds=5)])\n    print('Predicting...')\n    preds = model.predict_proba(X_test)[:, 1]\n    out = pd.DataFrame({'target': preds})\n    out.to_csv('/app/predictions.csv', index=False)\n    print(f'Done. Shape: {out.shape}')\n\nif __name__ == '__main__':\n    solve()\nEOF\n"] min_timeout_sec: 0.1 max_timeout_sec: 180.0
Parser warnings: - Extra text detected before JSON object
- Extra text detected after JSON object
Sending keys: [''] min_timeout_sec: 60 max_timeout_sec: 180.0
Sending keys: ["bash -c 'python3 solution_fast.py'\n"] min_timeout_sec: 30.0 max_timeout_sec: 180.0
Sending keys: ['ls -l /app/predictions.csv\n'] min_timeout_sec: 0.1 max_timeout_sec: 180.0
Trajectory dumped to /home/stas/Documents/GitHub/automl-journal/runs/autods-tabred/jobs/terminus-matched-20260828-105709/homesite-insurance__TAZ88rw/agent/trajectory.json
Failed to retrieve model info for 'openrouter/google/gemma-4-31b-it': This model isn't mapped yet. model=openrouter/google/gemma-4-31b-it, custom_llm_provider=openrouter. Add it here - https://github.com/BerriAI/litellm/blob/main/model_prices_and_context_window.json.. Using fallback context limit: 1000000
Parser warnings: - Extra text detected before JSON object
- Extra text detected after JSON object
Sending keys: ['wc -l /app/predictions.csv\n'] min_timeout_sec: 0.1 max_timeout_sec: 180.0
Trajectory dumped to /home/stas/Documents/GitHub/automl-journal/runs/autods-tabred/jobs/terminus-matched-20260828-105709/homesite-insurance__TAZ88rw/agent/trajectory.json
Failed to retrieve model info for 'openrouter/google/gemma-4-31b-it': This model isn't mapped yet. model=openrouter/google/gemma-4-31b-it, custom_llm_provider=openrouter. Add it here - https://github.com/BerriAI/litellm/blob/main/model_prices_and_context_window.json.. Using fallback context limit: 1000000
Parser warnings: - Extra text detected before JSON object
- Extra text detected after JSON object
Sending keys: ['wc -l /app/predictions.csv\n'] min_timeout_sec: 0.1 max_timeout_sec: 180.0
Trajectory dumped to /home/stas/Documents/GitHub/automl-journal/runs/autods-tabred/jobs/terminus-matched-20260828-105709/homesite-insurance__TAZ88rw/agent/trajectory.json
Failed to retrieve model info for 'openrouter/google/gemma-4-31b-it': This model isn't mapped yet. model=openrouter/google/gemma-4-31b-it, custom_llm_provider=openrouter. Add it here - https://github.com/BerriAI/litellm/blob/main/model_prices_and_context_window.json.. Using fallback context limit: 1000000
Parser warnings: - Extra text detected before JSON object
- Extra text detected after JSON object
Trajectory dumped to /home/stas/Documents/GitHub/automl-journal/runs/autods-tabred/jobs/terminus-matched-20260828-105709/homesite-insurance__TAZ88rw/agent/trajectory.json
Failed to retrieve model info for 'openrouter/google/gemma-4-31b-it': This model isn't mapped yet. model=openrouter/google/gemma-4-31b-it, custom_llm_provider=openrouter. Add it here - https://github.com/BerriAI/litellm/blob/main/model_prices_and_context_window.json.. Using fallback context limit: 1000000
Parser warnings: - Extra text detected before JSON object
- Extra text detected after JSON object
Trajectory dumped to /home/stas/Documents/GitHub/automl-journal/runs/autods-tabred/jobs/terminus-matched-20260828-105709/homesite-insurance__TAZ88rw/agent/trajectory.json
Trajectory dumped to /home/stas/Documents/GitHub/automl-journal/runs/autods-tabred/jobs/terminus-matched-20260828-105709/homesite-insurance__TAZ88rw/agent/trajectory.json
Collecting main service artifacts
Trajectory dumped to /home/stas/Documents/GitHub/automl-journal/runs/autods-tabred/jobs/terminus-matched-20260828-105709/maps-routing__RXRXxkE/agent/trajectory.json
Failed to retrieve model info for 'openrouter/google/gemma-4-31b-it': This model isn't mapped yet. model=openrouter/google/gemma-4-31b-it, custom_llm_provider=openrouter. Add it here - https://github.com/BerriAI/litellm/blob/main/model_prices_and_context_window.json.. Using fallback context limit: 1000000
Skipping image OS validation for hb__125d6e469991bf365f72af9ee99eefdd: docker inspect returned 1
Installing: tmux, asciinema
Detected system: {'os': 'debian-based', 'package_manager': 'apt-get', 'update_command': None}
Installing tools using apt-get: DEBIAN_FRONTEND=noninteractive apt-get update && DEBIAN_FRONTEND=noninteractive apt-get install -y tmux asciinema
Parser warnings: - Extra text detected before JSON object
- Extra text detected after JSON object
Sending keys: ['head -n 5 /app/predictions.csv\n'] min_timeout_sec: 0.1 max_timeout_sec: 180.0
Sending keys: ['wc -l /app/predictions.csv\n'] min_timeout_sec: 0.1 max_timeout_sec: 180.0
Trajectory dumped to /home/stas/Documents/GitHub/automl-journal/runs/autods-tabred/jobs/terminus-matched-20260828-105709/maps-routing__RXRXxkE/agent/trajectory.json
Failed to retrieve model info for 'openrouter/google/gemma-4-31b-it': This model isn't mapped yet. model=openrouter/google/gemma-4-31b-it, custom_llm_provider=openrouter. Add it here - https://github.com/BerriAI/litellm/blob/main/model_prices_and_context_window.json.. Using fallback context limit: 1000000
Parser warnings: - Extra text detected before JSON object
- Extra text detected after JSON object
Trajectory dumped to /home/stas/Documents/GitHub/automl-journal/runs/autods-tabred/jobs/terminus-matched-20260828-105709/maps-routing__RXRXxkE/agent/trajectory.json
Failed to retrieve model info for 'openrouter/google/gemma-4-31b-it': This model isn't mapped yet. model=openrouter/google/gemma-4-31b-it, custom_llm_provider=openrouter. Add it here - https://github.com/BerriAI/litellm/blob/main/model_prices_and_context_window.json.. Using fallback context limit: 1000000
Parser warnings: - Extra text detected before JSON object
- Extra text detected after JSON object
Trajectory dumped to /home/stas/Documents/GitHub/automl-journal/runs/autods-tabred/jobs/terminus-matched-20260828-105709/maps-routing__RXRXxkE/agent/trajectory.json
Trajectory dumped to /home/stas/Documents/GitHub/automl-journal/runs/autods-tabred/jobs/terminus-matched-20260828-105709/maps-routing__RXRXxkE/agent/trajectory.json
Collecting main service artifacts
Starting recording.
Sending keys: ['asciinema rec --stdin /logs/agent/recording.cast', 'Enter'] min_timeout_sec: 1.0 max_timeout_sec: 180.0
Sending keys: ['clear', 'Enter'] min_timeout_sec: 0.0 max_timeout_sec: 180.0
Failed to retrieve model info for 'openrouter/google/gemma-4-31b-it': This model isn't mapped yet. model=openrouter/google/gemma-4-31b-it, custom_llm_provider=openrouter. Add it here - https://github.com/BerriAI/litellm/blob/main/model_prices_and_context_window.json.. Using fallback context limit: 1000000
Parser warnings: - Extra text detected before JSON object
- Extra text detected after JSON object
Sending keys: ['ls -l /app/data\n'] min_timeout_sec: 0.1 max_timeout_sec: 180.0
Sending keys: ['head -n 5 /app/data/train.csv\n'] min_timeout_sec: 0.1 max_timeout_sec: 180.0
Sending keys: ['cat /app/data/schema.json\n'] min_timeout_sec: 0.1 max_timeout_sec: 180.0
Trajectory dumped to /home/stas/Documents/GitHub/automl-journal/runs/autods-tabred/jobs/terminus-matched-20260828-105709/ecom-offers__oi6qKbQ/agent/trajectory.json
Failed to retrieve model info for 'openrouter/google/gemma-4-31b-it': This model isn't mapped yet. model=openrouter/google/gemma-4-31b-it, custom_llm_provider=openrouter. Add it here - https://github.com/BerriAI/litellm/blob/main/model_prices_and_context_window.json.. Using fallback context limit: 1000000
Skipping image OS validation for hb__5a7d0661bb01ee4923f4b728816662f5: docker inspect returned 1
Installing: tmux, asciinema
Detected system: {'os': 'debian-based', 'package_manager': 'apt-get', 'update_command': None}
Installing tools using apt-get: DEBIAN_FRONTEND=noninteractive apt-get update && DEBIAN_FRONTEND=noninteractive apt-get install -y tmux asciinema
Starting recording.
Sending keys: ['asciinema rec --stdin /logs/agent/recording.cast', 'Enter'] min_timeout_sec: 1.0 max_timeout_sec: 180.0
Sending keys: ['clear', 'Enter'] min_timeout_sec: 0.0 max_timeout_sec: 180.0
Failed to retrieve model info for 'openrouter/google/gemma-4-31b-it': This model isn't mapped yet. model=openrouter/google/gemma-4-31b-it, custom_llm_provider=openrouter. Add it here - https://github.com/BerriAI/litellm/blob/main/model_prices_and_context_window.json.. Using fallback context limit: 1000000
Parser warnings: - Extra text detected before JSON object
- Extra text detected after JSON object
Sending keys: ["cat << 'EOF' > solution.py\nimport pandas as pd\nimport lightgbm as lgb\nfrom sklearn.metrics import roc_auc_score\nimport numpy as np\n\n# Load data\ntrain = pd.read_csv('/app/data/train.csv')\nval = pd.read_csv('/app/data/val.csv')\ntest = pd.read_csv('/app/data/test.csv')\n\nx_train = train.drop(columns=['target'])\ny_train = train['target']\nx_val = val.drop(columns=['target'])\ny_val = val['target']\n\n# LightGBM handles NaNs automatically\n# Define model\nmodel = lgb.LGBMClassifier(\n    n_estimators=1000,\n    learning_rate=0.05,\n    num_leaves=31,\n    random_state=42,\n    n_jobs=-1\n)\n\n# Train with early stopping\nmodel.fit(\n    x_train, y_train,\n    eval_set=[(x_val, y_val)],\n    eval_metric='auc',\n    callbacks=[lgb.early_stopping(stopping_rounds=50)]\n)\n\n# Predict probabilities for test set\npreds = model.predict_proba(test)[:, 1]\n\n# Save predictions\npred_df = pd.DataFrame({'target': preds})\npred_df.to_csv('/app/predictions.csv', index=False)\n\n# Final validation score\nval_preds = model.predict_proba(x_val)[:, 1]\nprint(f'Validation ROC-AUC: {roc_auc_score(y_val, val_preds):.4f}')\nEOF\n"] min_timeout_sec: 0.1 max_timeout_sec: 180.0
Sending keys: ['python3 solution.py\n'] min_timeout_sec: 10.0 max_timeout_sec: 180.0
Parser warnings: - Extra text detected before JSON object
- Extra text detected after JSON object
Sending keys: ['ls -la /app/data\n'] min_timeout_sec: 0.1 max_timeout_sec: 180.0
Sending keys: ['pip install lightgbm pandas scikit-learn\n'] min_timeout_sec: 10.0 max_timeout_sec: 180.0
Trajectory dumped to /home/stas/Documents/GitHub/automl-journal/runs/autods-tabred/jobs/terminus-matched-20260828-105709/ecom-offers__oi6qKbQ/agent/trajectory.json
Failed to retrieve model info for 'openrouter/google/gemma-4-31b-it': This model isn't mapped yet. model=openrouter/google/gemma-4-31b-it, custom_llm_provider=openrouter. Add it here - https://github.com/BerriAI/litellm/blob/main/model_prices_and_context_window.json.. Using fallback context limit: 1000000
Parser warnings: - Extra text detected before JSON object
- Extra text detected after JSON object
Sending keys: ['apt-get update && apt-get install -y libgomp1\n'] min_timeout_sec: 5.0 max_timeout_sec: 180.0
Trajectory dumped to /home/stas/Documents/GitHub/automl-journal/runs/autods-tabred/jobs/terminus-matched-20260828-105709/weather__PhPfoTs/agent/trajectory.json
Failed to retrieve model info for 'openrouter/google/gemma-4-31b-it': This model isn't mapped yet. model=openrouter/google/gemma-4-31b-it, custom_llm_provider=openrouter. Add it here - https://github.com/BerriAI/litellm/blob/main/model_prices_and_context_window.json.. Using fallback context limit: 1000000
Sending keys: ['python3 solution.py\n'] min_timeout_sec: 10.0 max_timeout_sec: 180.0
Parser warnings: - Extra text detected before JSON object
- Extra text detected after JSON object
Sending keys: ["cat << 'EOF' > solution.py\nimport pandas as pd\nimport lightgbm as lgb\nfrom sklearn.metrics import mean_squared_error\nimport numpy as np\n\ndef preprocess(df):\n    for col in df.columns:\n        if col.startswith('cat_'):\n            df[col] = df[col].astype('category')\n        elif col.startswith('bin_'):\n            df[col] = df[col].astype('category')\n    return df\n\n# Load data\ntrain = pd.read_csv('/app/data/train.csv')\nval = pd.read_csv('/app/data/val.csv')\ntest = pd.read_csv('/app/data/test.csv')\n\nX_train = train.drop(columns=['target'])\ny_train = train['target']\nX_val = val.drop(columns=['target'])\ny_val = val['target']\n\nX_train = preprocess(X_train)\nX_val = preprocess(X_val)\ntest = preprocess(test)\n\n# LightGBM model\nmodel = lgb.LGBMRegressor(\n    n_estimators=1000,\n    learning_rate=0.05,\n    num_leaves=31,\n    random_state=42,\n    objective='regression',\n    metric='rmse'\n)\n\n# Train with early stopping\nmodel.fit(\n    X_train, y_train,\n    eval_set=[(X_val, y_val)],\n    callbacks=[lgb.early_stopping(stopping_rounds=50)]\n)\n\n# Predict\npreds = model.predict(test)\n\n# Save predictions\noutput = pd.DataFrame({'target': preds})\noutput.to_csv('/app/predictions.csv', index=False)\nprint('Predictions saved to /app/predictions.csv')\nEOF\n"] min_timeout_sec: 0.1 max_timeout_sec: 180.0
Sending keys: ['python3 solution.py\n'] min_timeout_sec: 60 max_timeout_sec: 180.0
Trajectory dumped to /home/stas/Documents/GitHub/automl-journal/runs/autods-tabred/jobs/terminus-matched-20260828-105709/ecom-offers__oi6qKbQ/agent/trajectory.json
Failed to retrieve model info for 'openrouter/google/gemma-4-31b-it': This model isn't mapped yet. model=openrouter/google/gemma-4-31b-it, custom_llm_provider=openrouter. Add it here - https://github.com/BerriAI/litellm/blob/main/model_prices_and_context_window.json.. Using fallback context limit: 1000000
Parser warnings: - Extra text detected before JSON object
- Extra text detected after JSON object
Sending keys: ['wc -l /app/predictions.csv\n'] min_timeout_sec: 0.1 max_timeout_sec: 180.0
Sending keys: ['head -n 5 /app/predictions.csv\n'] min_timeout_sec: 0.1 max_timeout_sec: 180.0
Trajectory dumped to /home/stas/Documents/GitHub/automl-journal/runs/autods-tabred/jobs/terminus-matched-20260828-105709/ecom-offers__oi6qKbQ/agent/trajectory.json
Failed to retrieve model info for 'openrouter/google/gemma-4-31b-it': This model isn't mapped yet. model=openrouter/google/gemma-4-31b-it, custom_llm_provider=openrouter. Add it here - https://github.com/BerriAI/litellm/blob/main/model_prices_and_context_window.json.. Using fallback context limit: 1000000
Parser warnings: - Extra text detected before JSON object
- Extra text detected after JSON object
Trajectory dumped to /home/stas/Documents/GitHub/automl-journal/runs/autods-tabred/jobs/terminus-matched-20260828-105709/ecom-offers__oi6qKbQ/agent/trajectory.json
Failed to retrieve model info for 'openrouter/google/gemma-4-31b-it': This model isn't mapped yet. model=openrouter/google/gemma-4-31b-it, custom_llm_provider=openrouter. Add it here - https://github.com/BerriAI/litellm/blob/main/model_prices_and_context_window.json.. Using fallback context limit: 1000000
Parser warnings: - Extra text detected before JSON object
- Extra text detected after JSON object
Trajectory dumped to /home/stas/Documents/GitHub/automl-journal/runs/autods-tabred/jobs/terminus-matched-20260828-105709/ecom-offers__oi6qKbQ/agent/trajectory.json
Trajectory dumped to /home/stas/Documents/GitHub/automl-journal/runs/autods-tabred/jobs/terminus-matched-20260828-105709/ecom-offers__oi6qKbQ/agent/trajectory.json
Collecting main service artifacts
Skipping image OS validation for hb__0612845e095e012706fcb60606ee0f37: docker inspect returned 1
Installing: tmux, asciinema
Detected system: {'os': 'debian-based', 'package_manager': 'apt-get', 'update_command': None}
Installing tools using apt-get: DEBIAN_FRONTEND=noninteractive apt-get update && DEBIAN_FRONTEND=noninteractive apt-get install -y tmux asciinema
Starting recording.
Sending keys: ['asciinema rec --stdin /logs/agent/recording.cast', 'Enter'] min_timeout_sec: 1.0 max_timeout_sec: 180.0
Sending keys: ['clear', 'Enter'] min_timeout_sec: 0.0 max_timeout_sec: 180.0
Failed to retrieve model info for 'openrouter/google/gemma-4-31b-it': This model isn't mapped yet. model=openrouter/google/gemma-4-31b-it, custom_llm_provider=openrouter. Add it here - https://github.com/BerriAI/litellm/blob/main/model_prices_and_context_window.json.. Using fallback context limit: 1000000
Parser warnings: - Extra text detected before JSON object
- Extra text detected after JSON object
Sending keys: ['ls -la /app/data\n'] min_timeout_sec: 0.1 max_timeout_sec: 180.0
Sending keys: ['head -n 5 /app/data/train.csv\n'] min_timeout_sec: 0.1 max_timeout_sec: 180.0
Sending keys: ['cat /app/data/schema.json\n'] min_timeout_sec: 0.1 max_timeout_sec: 180.0
Trajectory dumped to /home/stas/Documents/GitHub/automl-journal/runs/autods-tabred/jobs/terminus-matched-20260828-105709/cooking-time__BxFoZBk/agent/trajectory.json
Failed to retrieve model info for 'openrouter/google/gemma-4-31b-it': This model isn't mapped yet. model=openrouter/google/gemma-4-31b-it, custom_llm_provider=openrouter. Add it here - https://github.com/BerriAI/litellm/blob/main/model_prices_and_context_window.json.. Using fallback context limit: 1000000
Parser warnings: - Extra text detected before JSON object
- Extra text detected after JSON object
Sending keys: ["cat << 'EOF' > solution.py\nimport pandas as pd\nimport lightgbm as lgb\nimport numpy as np\n\ndef solve():\n    # Load data\n    train = pd.read_csv('/app/data/train.csv')\n    val = pd.read_csv('/app/data/val.csv')\n    test = pd.read_csv('/app/data/test.csv')\n\n    # Identify feature types\n    target_col = 'target'\n    all_cols = train.columns.tolist()\n    num_cols = [c for c in all_cols if c.startswith('num_')]\n    bin_cols = [c for c in all_cols if c.startswith('bin_')]\n    cat_cols = [c for c in all_cols if c.startswith('cat_')]\n\n    X_train = train.drop(columns=[target_col])\n    y_train = train[target_col]\n    X_val = val.drop(columns=[target_col])\n    y_val = val[target_col]\n    X_test = test\n\n    # LightGBM handles NaNs and Categorical features if specified\n    # Convert cat_cols to category type for LightGBM\n    for col in cat_cols:\n        X_train[col] = X_train[col].astype('category')\n        X_val[col] = X_val[col].astype('category')\n        X_test[col] = X_test[col].astype('category')\n\n    model = lgb.LGBMRegressor(\n        n_estimators=1000,\n        learning_rate=0.05,\n        num_leaves=31,\n        objective='regression',\n        metric='rmse',\n        random_state=42,\n        n_jobs=-1\n    )\n\n    model.fit(\n        X_train, y_train,\n        eval_set=[(X_val, y_val)],\n        callbacks=[lgb.early_stopping(stopping_rounds=50)]\n    )\n\n    # Predictions\n    preds = model.predict(X_test)\n    \n    # Save predictions\n    output = pd.DataFrame({'target': preds})\n    output.to_csv('/app/predictions.csv', index=False)\n\nif __name__ == '__main__':\n    solve()\nEOF\n"] min_timeout_sec: 0.1 max_timeout_sec: 180.0
Sending keys: ['python3 solution.py\n'] min_timeout_sec: 10.0 max_timeout_sec: 180.0
Trajectory dumped to /home/stas/Documents/GitHub/automl-journal/runs/autods-tabred/jobs/terminus-matched-20260828-105709/weather__PhPfoTs/agent/trajectory.json
Failed to retrieve model info for 'openrouter/google/gemma-4-31b-it': This model isn't mapped yet. model=openrouter/google/gemma-4-31b-it, custom_llm_provider=openrouter. Add it here - https://github.com/BerriAI/litellm/blob/main/model_prices_and_context_window.json.. Using fallback context limit: 1000000
Parser warnings: - Extra text detected before JSON object
- Extra text detected after JSON object
Sending keys: ['apt-get update && apt-get install -y libgomp1\n'] min_timeout_sec: 10.0 max_timeout_sec: 180.0
Trajectory dumped to /home/stas/Documents/GitHub/automl-journal/runs/autods-tabred/jobs/terminus-matched-20260828-105709/cooking-time__BxFoZBk/agent/trajectory.json
Failed to retrieve model info for 'openrouter/google/gemma-4-31b-it': This model isn't mapped yet. model=openrouter/google/gemma-4-31b-it, custom_llm_provider=openrouter. Add it here - https://github.com/BerriAI/litellm/blob/main/model_prices_and_context_window.json.. Using fallback context limit: 1000000
Parser warnings: - Extra text detected before JSON object
- Extra text detected after JSON object
Sending keys: ['apt-get update && apt-get install -y libgomp1\n'] min_timeout_sec: 1.0 max_timeout_sec: 180.0
Sending keys: ['python3 solution.py\n'] min_timeout_sec: 10.0 max_timeout_sec: 180.0
Sending keys: ['python3 solution.py\n'] min_timeout_sec: 60 max_timeout_sec: 180.0
Trajectory dumped to /home/stas/Documents/GitHub/automl-journal/runs/autods-tabred/jobs/terminus-matched-20260828-105709/cooking-time__BxFoZBk/agent/trajectory.json
Failed to retrieve model info for 'openrouter/google/gemma-4-31b-it': This model isn't mapped yet. model=openrouter/google/gemma-4-31b-it, custom_llm_provider=openrouter. Add it here - https://github.com/BerriAI/litellm/blob/main/model_prices_and_context_window.json.. Using fallback context limit: 1000000
Parser warnings: - Extra text detected before JSON object
- Extra text detected after JSON object
Sending keys: ['python3 solution.py\n'] min_timeout_sec: 10.0 max_timeout_sec: 180.0
Trajectory dumped to /home/stas/Documents/GitHub/automl-journal/runs/autods-tabred/jobs/terminus-matched-20260828-105709/cooking-time__BxFoZBk/agent/trajectory.json
Failed to retrieve model info for 'openrouter/google/gemma-4-31b-it': This model isn't mapped yet. model=openrouter/google/gemma-4-31b-it, custom_llm_provider=openrouter. Add it here - https://github.com/BerriAI/litellm/blob/main/model_prices_and_context_window.json.. Using fallback context limit: 1000000
Parser warnings: - Extra text detected before JSON object
- Extra text detected after JSON object
Sending keys: [''] min_timeout_sec: 30.0 max_timeout_sec: 180.0
Sending keys: ['ls -la /app/predictions.csv\n'] min_timeout_sec: 0.1 max_timeout_sec: 180.0
Trajectory dumped to /home/stas/Documents/GitHub/automl-journal/runs/autods-tabred/jobs/terminus-matched-20260828-105709/cooking-time__BxFoZBk/agent/trajectory.json
Failed to retrieve model info for 'openrouter/google/gemma-4-31b-it': This model isn't mapped yet. model=openrouter/google/gemma-4-31b-it, custom_llm_provider=openrouter. Add it here - https://github.com/BerriAI/litellm/blob/main/model_prices_and_context_window.json.. Using fallback context limit: 1000000
Trajectory dumped to /home/stas/Documents/GitHub/automl-journal/runs/autods-tabred/jobs/terminus-matched-20260828-105709/weather__PhPfoTs/agent/trajectory.json
Failed to retrieve model info for 'openrouter/google/gemma-4-31b-it': This model isn't mapped yet. model=openrouter/google/gemma-4-31b-it, custom_llm_provider=openrouter. Add it here - https://github.com/BerriAI/litellm/blob/main/model_prices_and_context_window.json.. Using fallback context limit: 1000000
Parser warnings: - Extra text detected before JSON object
- Extra text detected after JSON object
Sending keys: ['ls -la /app/predictions.csv\n'] min_timeout_sec: 0.1 max_timeout_sec: 180.0
Sending keys: ['wc -l /app/predictions.csv\n'] min_timeout_sec: 0.1 max_timeout_sec: 180.0
Sending keys: ['head -n 5 /app/predictions.csv\n'] min_timeout_sec: 0.1 max_timeout_sec: 180.0
Trajectory dumped to /home/stas/Documents/GitHub/automl-journal/runs/autods-tabred/jobs/terminus-matched-20260828-105709/cooking-time__BxFoZBk/agent/trajectory.json
Failed to retrieve model info for 'openrouter/google/gemma-4-31b-it': This model isn't mapped yet. model=openrouter/google/gemma-4-31b-it, custom_llm_provider=openrouter. Add it here - https://github.com/BerriAI/litellm/blob/main/model_prices_and_context_window.json.. Using fallback context limit: 1000000
Parser warnings: - Extra text detected before JSON object
- Extra text detected after JSON object
Sending keys: ['ls -l /app/predictions.csv\n'] min_timeout_sec: 0.1 max_timeout_sec: 180.0
Parser warnings: - Extra text detected before JSON object
- Extra text detected after JSON object
Sending keys: ['head -n 5 /app/predictions.csv\n'] min_timeout_sec: 0.1 max_timeout_sec: 180.0
Trajectory dumped to /home/stas/Documents/GitHub/automl-journal/runs/autods-tabred/jobs/terminus-matched-20260828-105709/cooking-time__BxFoZBk/agent/trajectory.json
Sending keys: ['wc -l /app/predictions.csv\n'] min_timeout_sec: 0.1 max_timeout_sec: 180.0
Failed to retrieve model info for 'openrouter/google/gemma-4-31b-it': This model isn't mapped yet. model=openrouter/google/gemma-4-31b-it, custom_llm_provider=openrouter. Add it here - https://github.com/BerriAI/litellm/blob/main/model_prices_and_context_window.json.. Using fallback context limit: 1000000
Trajectory dumped to /home/stas/Documents/GitHub/automl-journal/runs/autods-tabred/jobs/terminus-matched-20260828-105709/weather__PhPfoTs/agent/trajectory.json
Failed to retrieve model info for 'openrouter/google/gemma-4-31b-it': This model isn't mapped yet. model=openrouter/google/gemma-4-31b-it, custom_llm_provider=openrouter. Add it here - https://github.com/BerriAI/litellm/blob/main/model_prices_and_context_window.json.. Using fallback context limit: 1000000
Parser warnings: - Extra text detected before JSON object
- Extra text detected after JSON object
Parser warnings: - Extra text detected before JSON object
- Extra text detected after JSON object
Trajectory dumped to /home/stas/Documents/GitHub/automl-journal/runs/autods-tabred/jobs/terminus-matched-20260828-105709/weather__PhPfoTs/agent/trajectory.json
Trajectory dumped to /home/stas/Documents/GitHub/automl-journal/runs/autods-tabred/jobs/terminus-matched-20260828-105709/cooking-time__BxFoZBk/agent/trajectory.json
Trajectory dumped to /home/stas/Documents/GitHub/automl-journal/runs/autods-tabred/jobs/terminus-matched-20260828-105709/cooking-time__BxFoZBk/agent/trajectory.json
Failed to retrieve model info for 'openrouter/google/gemma-4-31b-it': This model isn't mapped yet. model=openrouter/google/gemma-4-31b-it, custom_llm_provider=openrouter. Add it here - https://github.com/BerriAI/litellm/blob/main/model_prices_and_context_window.json.. Using fallback context limit: 1000000
Collecting main service artifacts
Parser warnings: - Extra text detected before JSON object
- Extra text detected after JSON object
Trajectory dumped to /home/stas/Documents/GitHub/automl-journal/runs/autods-tabred/jobs/terminus-matched-20260828-105709/weather__PhPfoTs/agent/trajectory.json
Trajectory dumped to /home/stas/Documents/GitHub/automl-journal/runs/autods-tabred/jobs/terminus-matched-20260828-105709/weather__PhPfoTs/agent/trajectory.json
Collecting main service artifacts
Skipping image OS validation for hb__2bde76ef3ea13380fff860ea3fbc1e33: docker inspect returned 1
Skipping image OS validation for hb__7c06da68f110ae26f21ea0235e140956: docker inspect returned 1
Installing: tmux, asciinema
Detected system: {'os': 'debian-based', 'package_manager': 'apt-get', 'update_command': None}
Installing tools using apt-get: DEBIAN_FRONTEND=noninteractive apt-get update && DEBIAN_FRONTEND=noninteractive apt-get install -y tmux asciinema
Installing: tmux, asciinema
Detected system: {'os': 'debian-based', 'package_manager': 'apt-get', 'update_command': None}
Installing tools using apt-get: DEBIAN_FRONTEND=noninteractive apt-get update && DEBIAN_FRONTEND=noninteractive apt-get install -y tmux asciinema
Starting recording.
Sending keys: ['asciinema rec --stdin /logs/agent/recording.cast', 'Enter'] min_timeout_sec: 1.0 max_timeout_sec: 180.0
Sending keys: ['clear', 'Enter'] min_timeout_sec: 0.0 max_timeout_sec: 180.0
Failed to retrieve model info for 'openrouter/google/gemma-4-31b-it': This model isn't mapped yet. model=openrouter/google/gemma-4-31b-it, custom_llm_provider=openrouter. Add it here - https://github.com/BerriAI/litellm/blob/main/model_prices_and_context_window.json.. Using fallback context limit: 1000000
Starting recording.
Sending keys: ['asciinema rec --stdin /logs/agent/recording.cast', 'Enter'] min_timeout_sec: 1.0 max_timeout_sec: 180.0
Sending keys: ['clear', 'Enter'] min_timeout_sec: 0.0 max_timeout_sec: 180.0
Failed to retrieve model info for 'openrouter/google/gemma-4-31b-it': This model isn't mapped yet. model=openrouter/google/gemma-4-31b-it, custom_llm_provider=openrouter. Add it here - https://github.com/BerriAI/litellm/blob/main/model_prices_and_context_window.json.. Using fallback context limit: 1000000
Parser warnings: - Extra text detected before JSON object
- Extra text detected after JSON object
Sending keys: ['ls -la /app/data\n'] min_timeout_sec: 0.1 max_timeout_sec: 180.0
Sending keys: ['head -n 5 /app/data/train.csv\n'] min_timeout_sec: 0.1 max_timeout_sec: 180.0
Sending keys: ['cat /app/data/schema.json\n'] min_timeout_sec: 0.1 max_timeout_sec: 180.0
Trajectory dumped to /home/stas/Documents/GitHub/automl-journal/runs/autods-tabred/jobs/terminus-matched-20260828-105709/delivery-eta__KeZUjrj/agent/trajectory.json
Failed to retrieve model info for 'openrouter/google/gemma-4-31b-it': This model isn't mapped yet. model=openrouter/google/gemma-4-31b-it, custom_llm_provider=openrouter. Add it here - https://github.com/BerriAI/litellm/blob/main/model_prices_and_context_window.json.. Using fallback context limit: 1000000
Parser warnings: - Extra text detected before JSON object
- Extra text detected after JSON object
Sending keys: ['ls -la /app/data\n'] min_timeout_sec: 0.1 max_timeout_sec: 180.0
Sending keys: ['pip install lightgbm pandas scikit-learn\n'] min_timeout_sec: 10.0 max_timeout_sec: 180.0
Parser warnings: - Extra text detected before JSON object
- Extra text detected after JSON object
Sending keys: ["cat << 'EOF' > solution.py\nimport pandas as pd\nimport lightgbm as lgb\nimport numpy as np\n\n# Load data\nprint('Loading data...')\ntrain_df = pd.read_csv('/app/data/train.csv')\nval_df = pd.read_csv('/app/data/val.csv')\ntest_df = pd.read_csv('/app/data/test.csv')\n\ntarget_col = 'target'\n\n# Separate features and target\nX_train = train_df.drop(columns=[target_col])\ny_train = train_df[target_col]\nX_val = val_df.drop(columns=[target_col])\ny_val = val_df[target_col]\n\n# Identify categorical and binary features\n# Based on schema: num_*, bin_0, cat_0\ncat_cols = [col for col in X_train.columns if col.startswith('cat_') or col.startswith('bin_')]\n\n# For LightGBM, we can specify which columns are categorical\n# categorical_feature = cat_cols\n\n# Initialize LightGBM model\nmodel = lgb.LGBMRegressor(\n    n_estimators=1000,\n    learning_rate=0.05,\n    num_leaves=31,\n    max_depth=-1,\n    objective='regression',\n    metric='rmse',\n    random_state=42,\n    n_jobs=-1,\n    importance_type='split'\n)\n\n# Train the model\nprint('Training model...')\nmodel.fit(\n    X_train, y_train,\n    eval_set=[(X_val, y_val)],\n    eval_metric='rmse',\n    callbacks=[lgb.early_stopping(stopping_rounds=50)]\n)\n\n# Predict on test set\nprint('Predicting on test set...')\ny_pred = model.predict(test_df)\n\n# Save predictions\npred_df = pd.DataFrame({'target': y_pred})\npred_df.to_csv('/app/predictions.csv', index=False)\nprint('Predictions saved to /app/predictions.csv')\nEOF\n"] min_timeout_sec: 0.1 max_timeout_sec: 180.0
Sending keys: ['python3 solution.py\n'] min_timeout_sec: 60 max_timeout_sec: 180.0
Sending keys: ["cat <<EOF > solution.py\nimport pandas as pd\nimport lightgbm as lgb\nfrom sklearn.metrics import roc_auc_score\n\ndef solve():\n    train = pd.read_csv('/app/data/train.csv')\n    val = pd.read_csv('/app/data/val.csv')\n    test = pd.read_csv('/app/data/test.csv')\n\n    target_col = 'target'\n    X_train = train.drop(columns=[target_col])\n    y_train = train[target_col]\n    X_val = val.drop(columns=[target_col])\n    y_val = val[target_col]\n\n    # Identify feature types\n    cat_features = [col for col in X_train.columns if col.startswith('cat_')]\n    \n    # Convert categorical to 'category' dtype for LightGBM\n    for col in cat_features:\n        X_train[col] = X_train[col].astype('category')\n        X_val[col] = X_val[col].astype('category')\n        test[col] = test[col].astype('category')\n\n    # Train LightGBM\n    model = lgb.LGBMClassifier(n_estimators=1000, learning_rate=0.05, num_leaves=31, random_state=42)\n    model.fit(\n        X_train, y_train, \n        eval_set=[(X_val, y_val)],\n        eval_metric='auc',\n        callbacks=[lgb.early_stopping(stopping_rounds=50)]\n    )\n\n    # Predict probabilities\n    preds = model.predict_proba(test)[:, 1]\n    \n    # Save to csv\n    pd.DataFrame({'target': preds}).to_csv('/app/predictions.csv', index=False)\n\nif __name__ == '__main__':\n    solve()\nEOF\n"] min_timeout_sec: 0.1 max_timeout_sec: 180.0
Sending keys: ['python3 solution.py\n'] min_timeout_sec: 60.0 max_timeout_sec: 180.0
Trajectory dumped to /home/stas/Documents/GitHub/automl-journal/runs/autods-tabred/jobs/terminus-matched-20260828-105709/delivery-eta__KeZUjrj/agent/trajectory.json
Failed to retrieve model info for 'openrouter/google/gemma-4-31b-it': This model isn't mapped yet. model=openrouter/google/gemma-4-31b-it, custom_llm_provider=openrouter. Add it here - https://github.com/BerriAI/litellm/blob/main/model_prices_and_context_window.json.. Using fallback context limit: 1000000
Parser warnings: - Extra text detected before JSON object
- Extra text detected after JSON object
Sending keys: ['apt-get update && apt-get install -y libgomp1\n'] min_timeout_sec: 10.0 max_timeout_sec: 180.0
Trajectory dumped to /home/stas/Documents/GitHub/automl-journal/runs/autods-tabred/jobs/terminus-matched-20260828-105709/homecredit-default__825HQDF/agent/trajectory.json
Failed to retrieve model info for 'openrouter/google/gemma-4-31b-it': This model isn't mapped yet. model=openrouter/google/gemma-4-31b-it, custom_llm_provider=openrouter. Add it here - https://github.com/BerriAI/litellm/blob/main/model_prices_and_context_window.json.. Using fallback context limit: 1000000
Parser warnings: - Extra text detected before JSON object
- Extra text detected after JSON object
Sending keys: ['apt-get update && apt-get install -y libgomp1\n'] min_timeout_sec: 5.0 max_timeout_sec: 180.0
Sending keys: ['python3 solution.py\n'] min_timeout_sec: 60 max_timeout_sec: 180.0
Sending keys: ['python3 solution.py\n'] min_timeout_sec: 60.0 max_timeout_sec: 180.0
Trajectory dumped to /home/stas/Documents/GitHub/automl-journal/runs/autods-tabred/jobs/terminus-matched-20260828-105709/delivery-eta__KeZUjrj/agent/trajectory.json
Failed to retrieve model info for 'openrouter/google/gemma-4-31b-it': This model isn't mapped yet. model=openrouter/google/gemma-4-31b-it, custom_llm_provider=openrouter. Add it here - https://github.com/BerriAI/litellm/blob/main/model_prices_and_context_window.json.. Using fallback context limit: 1000000
Trajectory dumped to /home/stas/Documents/GitHub/automl-journal/runs/autods-tabred/jobs/terminus-matched-20260828-105709/homecredit-default__825HQDF/agent/trajectory.json
Failed to retrieve model info for 'openrouter/google/gemma-4-31b-it': This model isn't mapped yet. model=openrouter/google/gemma-4-31b-it, custom_llm_provider=openrouter. Add it here - https://github.com/BerriAI/litellm/blob/main/model_prices_and_context_window.json.. Using fallback context limit: 1000000
Parser warnings: - Extra text detected before JSON object
- Extra text detected after JSON object
Sending keys: [''] min_timeout_sec: 60 max_timeout_sec: 180.0
Parser warnings: - Extra text detected before JSON object
- Extra text detected after JSON object
Sending keys: [''] min_timeout_sec: 60.0 max_timeout_sec: 180.0
Sending keys: ['ls -l /app/predictions.csv\n'] min_timeout_sec: 0.1 max_timeout_sec: 180.0
Sending keys: ['wc -l /app/predictions.csv\n'] min_timeout_sec: 0.1 max_timeout_sec: 180.0
Sending keys: ['ls -la /app/predictions.csv\n'] min_timeout_sec: 0.1 max_timeout_sec: 180.0
Trajectory dumped to /home/stas/Documents/GitHub/automl-journal/runs/autods-tabred/jobs/terminus-matched-20260828-105709/delivery-eta__KeZUjrj/agent/trajectory.json
Trajectory dumped to /home/stas/Documents/GitHub/automl-journal/runs/autods-tabred/jobs/terminus-matched-20260828-105709/homecredit-default__825HQDF/agent/trajectory.json
Failed to retrieve model info for 'openrouter/google/gemma-4-31b-it': This model isn't mapped yet. model=openrouter/google/gemma-4-31b-it, custom_llm_provider=openrouter. Add it here - https://github.com/BerriAI/litellm/blob/main/model_prices_and_context_window.json.. Using fallback context limit: 1000000
Failed to retrieve model info for 'openrouter/google/gemma-4-31b-it': This model isn't mapped yet. model=openrouter/google/gemma-4-31b-it, custom_llm_provider=openrouter. Add it here - https://github.com/BerriAI/litellm/blob/main/model_prices_and_context_window.json.. Using fallback context limit: 1000000
Parser warnings: - Extra text detected before JSON object
- Extra text detected after JSON object
Sending keys: ['ls -la /app/predictions.csv\n'] min_timeout_sec: 0.1 max_timeout_sec: 180.0
Sending keys: ['wc -l /app/predictions.csv\n'] min_timeout_sec: 0.1 max_timeout_sec: 180.0
Trajectory dumped to /home/stas/Documents/GitHub/automl-journal/runs/autods-tabred/jobs/terminus-matched-20260828-105709/homecredit-default__825HQDF/agent/trajectory.json
Failed to retrieve model info for 'openrouter/google/gemma-4-31b-it': This model isn't mapped yet. model=openrouter/google/gemma-4-31b-it, custom_llm_provider=openrouter. Add it here - https://github.com/BerriAI/litellm/blob/main/model_prices_and_context_window.json.. Using fallback context limit: 1000000
Parser warnings: - Extra text detected before JSON object
- Extra text detected after JSON object
Sending keys: [''] min_timeout_sec: 60 max_timeout_sec: 180.0
Parser warnings: - Extra text detected before JSON object
- Extra text detected after JSON object
Sending keys: ['ls -l /app/predictions.csv\n'] min_timeout_sec: 0.1 max_timeout_sec: 180.0
Sending keys: ['wc -l /app/predictions.csv\n'] min_timeout_sec: 0.1 max_timeout_sec: 180.0
Trajectory dumped to /home/stas/Documents/GitHub/automl-journal/runs/autods-tabred/jobs/terminus-matched-20260828-105709/homecredit-default__825HQDF/agent/trajectory.json
Failed to retrieve model info for 'openrouter/google/gemma-4-31b-it': This model isn't mapped yet. model=openrouter/google/gemma-4-31b-it, custom_llm_provider=openrouter. Add it here - https://github.com/BerriAI/litellm/blob/main/model_prices_and_context_window.json.. Using fallback context limit: 1000000
Parser warnings: - Extra text detected before JSON object
- Extra text detected after JSON object
Sending keys: ['python3 solution.py\n'] min_timeout_sec: 60 max_timeout_sec: 180.0
Sending keys: ['ls -l /app/predictions.csv\n'] min_timeout_sec: 0.1 max_timeout_sec: 180.0
Sending keys: ['wc -l /app/predictions.csv\n'] min_timeout_sec: 0.1 max_timeout_sec: 180.0
Sending keys: ['head -n 5 /app/predictions.csv\n'] min_timeout_sec: 0.1 max_timeout_sec: 180.0
Trajectory dumped to /home/stas/Documents/GitHub/automl-journal/runs/autods-tabred/jobs/terminus-matched-20260828-105709/delivery-eta__KeZUjrj/agent/trajectory.json
Failed to retrieve model info for 'openrouter/google/gemma-4-31b-it': This model isn't mapped yet. model=openrouter/google/gemma-4-31b-it, custom_llm_provider=openrouter. Add it here - https://github.com/BerriAI/litellm/blob/main/model_prices_and_context_window.json.. Using fallback context limit: 1000000
Parser warnings: - Extra text detected before JSON object
- Extra text detected after JSON object
Trajectory dumped to /home/stas/Documents/GitHub/automl-journal/runs/autods-tabred/jobs/terminus-matched-20260828-105709/delivery-eta__KeZUjrj/agent/trajectory.json
Failed to retrieve model info for 'openrouter/google/gemma-4-31b-it': This model isn't mapped yet. model=openrouter/google/gemma-4-31b-it, custom_llm_provider=openrouter. Add it here - https://github.com/BerriAI/litellm/blob/main/model_prices_and_context_window.json.. Using fallback context limit: 1000000
Parser warnings: - Extra text detected before JSON object
- Extra text detected after JSON object
Trajectory dumped to /home/stas/Documents/GitHub/automl-journal/runs/autods-tabred/jobs/terminus-matched-20260828-105709/delivery-eta__KeZUjrj/agent/trajectory.json
Trajectory dumped to /home/stas/Documents/GitHub/automl-journal/runs/autods-tabred/jobs/terminus-matched-20260828-105709/delivery-eta__KeZUjrj/agent/trajectory.json
Collecting main service artifacts
Sending keys: ['ls -l /app/predictions.csv\n'] min_timeout_sec: 0.1 max_timeout_sec: 180.0
Sending keys: ['wc -l /app/predictions.csv\n'] min_timeout_sec: 0.1 max_timeout_sec: 180.0
Trajectory dumped to /home/stas/Documents/GitHub/automl-journal/runs/autods-tabred/jobs/terminus-matched-20260828-105709/homecredit-default__825HQDF/agent/trajectory.json
Failed to retrieve model info for 'openrouter/google/gemma-4-31b-it': This model isn't mapped yet. model=openrouter/google/gemma-4-31b-it, custom_llm_provider=openrouter. Add it here - https://github.com/BerriAI/litellm/blob/main/model_prices_and_context_window.json.. Using fallback context limit: 1000000
Parser warnings: - Extra text detected before JSON object
- Extra text detected after JSON object
Sending keys: ['head -n 5 /app/predictions.csv\n'] min_timeout_sec: 0.1 max_timeout_sec: 180.0
Trajectory dumped to /home/stas/Documents/GitHub/automl-journal/runs/autods-tabred/jobs/terminus-matched-20260828-105709/homecredit-default__825HQDF/agent/trajectory.json
Failed to retrieve model info for 'openrouter/google/gemma-4-31b-it': This model isn't mapped yet. model=openrouter/google/gemma-4-31b-it, custom_llm_provider=openrouter. Add it here - https://github.com/BerriAI/litellm/blob/main/model_prices_and_context_window.json.. Using fallback context limit: 1000000
Parser warnings: - Extra text detected before JSON object
- Extra text detected after JSON object
Sending keys: ['head -n 5 /app/predictions.csv\n'] min_timeout_sec: 0.1 max_timeout_sec: 180.0
Trajectory dumped to /home/stas/Documents/GitHub/automl-journal/runs/autods-tabred/jobs/terminus-matched-20260828-105709/homecredit-default__825HQDF/agent/trajectory.json
Failed to retrieve model info for 'openrouter/google/gemma-4-31b-it': This model isn't mapped yet. model=openrouter/google/gemma-4-31b-it, custom_llm_provider=openrouter. Add it here - https://github.com/BerriAI/litellm/blob/main/model_prices_and_context_window.json.. Using fallback context limit: 1000000
Parser warnings: - Extra text detected before JSON object
- Extra text detected after JSON object
Trajectory dumped to /home/stas/Documents/GitHub/automl-journal/runs/autods-tabred/jobs/terminus-matched-20260828-105709/homecredit-default__825HQDF/agent/trajectory.json
Failed to retrieve model info for 'openrouter/google/gemma-4-31b-it': This model isn't mapped yet. model=openrouter/google/gemma-4-31b-it, custom_llm_provider=openrouter. Add it here - https://github.com/BerriAI/litellm/blob/main/model_prices_and_context_window.json.. Using fallback context limit: 1000000
Parser warnings: - Extra text detected before JSON object
- Extra text detected after JSON object
Trajectory dumped to /home/stas/Documents/GitHub/automl-journal/runs/autods-tabred/jobs/terminus-matched-20260828-105709/homecredit-default__825HQDF/agent/trajectory.json
Trajectory dumped to /home/stas/Documents/GitHub/automl-journal/runs/autods-tabred/jobs/terminus-matched-20260828-105709/homecredit-default__825HQDF/agent/trajectory.json
Collecting main service artifacts
Skipping image OS validation for hb__560ea29b5df726488c1564b86d5666d8: docker inspect returned 1
Installing: tmux, asciinema
Detected system: {'os': 'debian-based', 'package_manager': 'apt-get', 'update_command': None}
Installing tools using apt-get: DEBIAN_FRONTEND=noninteractive apt-get update && DEBIAN_FRONTEND=noninteractive apt-get install -y tmux asciinema
Skipping image OS validation for hb__a1865b71d5c2f0a55cc8128839a56408: docker inspect returned 1
Installing: tmux, asciinema
Detected system: {'os': 'debian-based', 'package_manager': 'apt-get', 'update_command': None}
Installing tools using apt-get: DEBIAN_FRONTEND=noninteractive apt-get update && DEBIAN_FRONTEND=noninteractive apt-get install -y tmux asciinema
Starting recording.
Sending keys: ['asciinema rec --stdin /logs/agent/recording.cast', 'Enter'] min_timeout_sec: 1.0 max_timeout_sec: 180.0
Sending keys: ['clear', 'Enter'] min_timeout_sec: 0.0 max_timeout_sec: 180.0
Failed to retrieve model info for 'openrouter/google/gemma-4-31b-it': This model isn't mapped yet. model=openrouter/google/gemma-4-31b-it, custom_llm_provider=openrouter. Add it here - https://github.com/BerriAI/litellm/blob/main/model_prices_and_context_window.json.. Using fallback context limit: 1000000
Starting recording.
Sending keys: ['asciinema rec --stdin /logs/agent/recording.cast', 'Enter'] min_timeout_sec: 1.0 max_timeout_sec: 180.0
Sending keys: ['clear', 'Enter'] min_timeout_sec: 0.0 max_timeout_sec: 180.0
Parser warnings: - Extra text detected before JSON object
- Extra text detected after JSON object
Sending keys: ['ls -la /app/data\n'] min_timeout_sec: 0.1 max_timeout_sec: 180.0
Sending keys: ['head -n 5 /app/data/train.csv\n'] min_timeout_sec: 0.1 max_timeout_sec: 180.0
Failed to retrieve model info for 'openrouter/google/gemma-4-31b-it': This model isn't mapped yet. model=openrouter/google/gemma-4-31b-it, custom_llm_provider=openrouter. Add it here - https://github.com/BerriAI/litellm/blob/main/model_prices_and_context_window.json.. Using fallback context limit: 1000000
Sending keys: ['cat /app/data/schema.json\n'] min_timeout_sec: 0.1 max_timeout_sec: 180.0
Trajectory dumped to /home/stas/Documents/GitHub/automl-journal/runs/autods-tabred/jobs/terminus-matched-20260828-105709/maps-routing__d8DHthy/agent/trajectory.json
Failed to retrieve model info for 'openrouter/google/gemma-4-31b-it': This model isn't mapped yet. model=openrouter/google/gemma-4-31b-it, custom_llm_provider=openrouter. Add it here - https://github.com/BerriAI/litellm/blob/main/model_prices_and_context_window.json.. Using fallback context limit: 1000000
Parser warnings: - Extra text detected before JSON object
- Extra text detected after JSON object
Sending keys: ['ls -l /app/data\n'] min_timeout_sec: 0.1 max_timeout_sec: 180.0
Sending keys: ['pip install lightgbm pandas scikit-learn\n'] min_timeout_sec: 5.0 max_timeout_sec: 180.0
Parser warnings: - Extra text detected before JSON object
- Extra text detected after JSON object
Sending keys: ["cat << 'EOF' > solution.py\nimport pandas as pd\nimport lightgbm as lgb\nfrom sklearn.metrics import mean_squared_error\nimport numpy as np\n\n# Load data\ntrain = pd.read_csv('/app/data/train.csv')\nval = pd.read_csv('/app/data/val.csv')\ntest = pd.read_csv('/app/data/test.csv')\n\nX_train = train.drop(columns=['target'])\ny_train = train['target']\nX_val = val.drop(columns=['target'])\ny_val = val['target']\n\n# Identify categorical features\ncat_cols = [col for col in X_train.columns if col.startswith('cat_')]\nfor col in cat_cols:\n    X_train[col] = X_train[col].astype('category')\n    X_val[col] = X_val[col].astype('category')\n    test[col] = test[col].astype('category')\n\n# Train LightGBM\nmodel = lgb.LGBMRegressor(n_estimators=1000, learning_rate=0.05, random_state=42)\nmodel.fit(\n    X_train, y_train,\n    eval_set=[(X_val, y_val)],\n    eval_metric='rmse',\n    callbacks=[lgb.early_stopping(stopping_rounds=50)]\n)\n\n# Predict on test set\npreds = model.predict(test)\n\n# Save to predictions.csv\n# Must have exactly one column named 'target', no index\npdf = pd.DataFrame({'target': preds})\npdf.to_csv('/app/predictions.csv', index=False)\n\nprint('Predictions saved to /app/predictions.csv')\nEOF\n"] min_timeout_sec: 0.1 max_timeout_sec: 180.0
Sending keys: ['python3 solution.py\n'] min_timeout_sec: 60 max_timeout_sec: 180.0
Sending keys: ["cat <<EOF > solution.py\nimport pandas as pd\nimport lightgbm as lgb\nfrom sklearn.metrics import mean_squared_error\nimport numpy as np\n\n# Load data\ntrain = pd.read_csv('/app/data/train.csv')\nval = pd.read_csv('/app/data/val.csv')\ntest = pd.read_csv('/app/data/test.csv')\n\n# Identify feature types\nnum_cols = [col for col in train.columns if col.startswith('num_')]\nbin_cols = [col for col in train.columns if col.startswith('bin_')]\ncat_cols = [col for col in train.columns if col.startswith('cat_')]\n\n# Prepare X and y\nX_train = train.drop(columns=['target'])\ny_train = train['target']\nX_val = val.drop(columns=['target'])\ny_val = val['target']\n\n# Handle categoricals for LightGBM\nfor col in cat_cols:\n    X_train[col] = X_train[col].astype('category')\n    X_val[col] = X_val[col].astype('category')\n    test[col] = test[col].astype('category')\n\n# Train LightGBM\nmodel = lgb.LGBMRegressor(n_estimators=1000, learning_rate=0.05, random_state=42)\nmodel.fit(\n    X_train, y_train, \n    eval_set=[(X_val, y_val)],\n    eval_metric='rmse',\n    callbacks=[lgb.early_stopping(stopping_rounds=50)]\n)\n\n# Predict\npreds = model.predict(test)\n\n# Save predictions\npd.DataFrame({'target': preds}).to_csv('/app/predictions.csv', index=False)\nEOF\n"] min_timeout_sec: 0.1 max_timeout_sec: 180.0
Sending keys: ['python3 solution.py\n'] min_timeout_sec: 10.0 max_timeout_sec: 180.0
Trajectory dumped to /home/stas/Documents/GitHub/automl-journal/runs/autods-tabred/jobs/terminus-matched-20260828-105709/sberbank-housing__NYC3QEv/agent/trajectory.json
Failed to retrieve model info for 'openrouter/google/gemma-4-31b-it': This model isn't mapped yet. model=openrouter/google/gemma-4-31b-it, custom_llm_provider=openrouter. Add it here - https://github.com/BerriAI/litellm/blob/main/model_prices_and_context_window.json.. Using fallback context limit: 1000000
Parser warnings: - Extra text detected before JSON object
- Extra text detected after JSON object
Sending keys: ['apt-get update && apt-get install -y libgomp1\n'] min_timeout_sec: 5.0 max_timeout_sec: 180.0
Sending keys: ['python3 solution.py\n'] min_timeout_sec: 15.0 max_timeout_sec: 180.0
Sending keys: ['ls -l /app/predictions.csv\n'] min_timeout_sec: 0.1 max_timeout_sec: 180.0
Trajectory dumped to /home/stas/Documents/GitHub/automl-journal/runs/autods-tabred/jobs/terminus-matched-20260828-105709/sberbank-housing__NYC3QEv/agent/trajectory.json
Failed to retrieve model info for 'openrouter/google/gemma-4-31b-it': This model isn't mapped yet. model=openrouter/google/gemma-4-31b-it, custom_llm_provider=openrouter. Add it here - https://github.com/BerriAI/litellm/blob/main/model_prices_and_context_window.json.. Using fallback context limit: 1000000
Parser warnings: - Extra text detected before JSON object
- Extra text detected after JSON object
Sending keys: ['head -n 5 /app/predictions.csv\n'] min_timeout_sec: 0.1 max_timeout_sec: 180.0
Sending keys: ['wc -l /app/predictions.csv\n'] min_timeout_sec: 0.1 max_timeout_sec: 180.0
Trajectory dumped to /home/stas/Documents/GitHub/automl-journal/runs/autods-tabred/jobs/terminus-matched-20260828-105709/sberbank-housing__NYC3QEv/agent/trajectory.json
Failed to retrieve model info for 'openrouter/google/gemma-4-31b-it': This model isn't mapped yet. model=openrouter/google/gemma-4-31b-it, custom_llm_provider=openrouter. Add it here - https://github.com/BerriAI/litellm/blob/main/model_prices_and_context_window.json.. Using fallback context limit: 1000000
Parser warnings: - Extra text detected before JSON object
- Extra text detected after JSON object
Trajectory dumped to /home/stas/Documents/GitHub/automl-journal/runs/autods-tabred/jobs/terminus-matched-20260828-105709/sberbank-housing__NYC3QEv/agent/trajectory.json
Trajectory dumped to /home/stas/Documents/GitHub/automl-journal/runs/autods-tabred/jobs/terminus-matched-20260828-105709/sberbank-housing__NYC3QEv/agent/trajectory.json
Collecting main service artifacts
Skipping image OS validation for hb__a746e348e3e3151b64dc0b47006657ad: docker inspect returned 1
Trajectory dumped to /home/stas/Documents/GitHub/automl-journal/runs/autods-tabred/jobs/terminus-matched-20260828-105709/maps-routing__d8DHthy/agent/trajectory.json
Failed to retrieve model info for 'openrouter/google/gemma-4-31b-it': This model isn't mapped yet. model=openrouter/google/gemma-4-31b-it, custom_llm_provider=openrouter. Add it here - https://github.com/BerriAI/litellm/blob/main/model_prices_and_context_window.json.. Using fallback context limit: 1000000
Installing: tmux, asciinema
Detected system: {'os': 'debian-based', 'package_manager': 'apt-get', 'update_command': None}
Installing tools using apt-get: DEBIAN_FRONTEND=noninteractive apt-get update && DEBIAN_FRONTEND=noninteractive apt-get install -y tmux asciinema
Parser warnings: - Extra text detected before JSON object
- Extra text detected after JSON object
Sending keys: ['apt-get update && apt-get install -y libgomp1\n'] min_timeout_sec: 5.0 max_timeout_sec: 180.0
Starting recording.
Sending keys: ['asciinema rec --stdin /logs/agent/recording.cast', 'Enter'] min_timeout_sec: 1.0 max_timeout_sec: 180.0
Sending keys: ['python3 solution.py\n'] min_timeout_sec: 60 max_timeout_sec: 180.0
Sending keys: ['clear', 'Enter'] min_timeout_sec: 0.0 max_timeout_sec: 180.0
Failed to retrieve model info for 'openrouter/google/gemma-4-31b-it': This model isn't mapped yet. model=openrouter/google/gemma-4-31b-it, custom_llm_provider=openrouter. Add it here - https://github.com/BerriAI/litellm/blob/main/model_prices_and_context_window.json.. Using fallback context limit: 1000000
Parser warnings: - Extra text detected before JSON object
- Extra text detected after JSON object
Sending keys: ['ls -la /app/data\n'] min_timeout_sec: 0.1 max_timeout_sec: 180.0
Sending keys: ['cat /app/data/schema.json\n'] min_timeout_sec: 0.1 max_timeout_sec: 180.0
Trajectory dumped to /home/stas/Documents/GitHub/automl-journal/runs/autods-tabred/jobs/terminus-matched-20260828-105709/homesite-insurance__FQ9t9Bw/agent/trajectory.json
Failed to retrieve model info for 'openrouter/google/gemma-4-31b-it': This model isn't mapped yet. model=openrouter/google/gemma-4-31b-it, custom_llm_provider=openrouter. Add it here - https://github.com/BerriAI/litellm/blob/main/model_prices_and_context_window.json.. Using fallback context limit: 1000000
Parser warnings: - Extra text detected before JSON object
- Extra text detected after JSON object
Sending keys: ['cat << \'EOF\' > solution.py\nimport pandas as pd\nimport numpy as np\nimport lightgbm as lgb\nfrom sklearn.metrics import roc_auc_score\n\n# Load data\ntrain = pd.read_csv(\'/app/data/train.csv\')\nval = pd.read_csv(\'/app/data/val.csv\')\ntest = pd.read_csv(\'/app/data/test.csv\')\n\nX_train = train.drop(columns=[\'target\'])\ny_train = train[\'target\']\nX_val = val.drop(columns=[\'target\'])\ny_val = val[\'target\']\n\n# Identify feature types\nnum_cols = [c for c in X_train.columns if c.startswith(\'num_\')]\nbin_cols = [c for c in X_train.columns if c.startswith(\'bin_\')]\ncat_cols = [c for c in X_train.columns if c.startswith(\'cat_\')]\n\n# Convert categorical columns to \'category\' dtype for LightGBM\nfor col in cat_cols:\n    X_train[col] = X_train[col].astype(\'category\')\n    X_val[col] = X_val[col].astype(\'category\')\n    test[col] = test[col].astype(\'category\')\n\n# Train LightGBM model\nmodel = lgb.LGBMClassifier(\n    n_estimators=1000,\n    learning_rate=0.05,\n    num_leaves=31,\n    colsample_bytree=0.8,\n    subsample=0.8,\n    random_state=42,\n    n_jobs=-1\n)\n\nmodel.fit(\n    X_train, y_train,\n    eval_set=[(X_val, y_val)],\n    eval_metric=\'auc\',\n    callbacks=[lgb.early_stopping(stopping_rounds=50)]\n)\n\n# Predict probabilities for the positive class\nprobs = model.predict_proba(test)[:, 1]\n\n# Save to predictions.csv\npred_df = pd.DataFrame({\'target\': probs})\npred_df.to_csv(\'/app/predictions.csv\', index=False)\nprint("Predictions saved to /app/predictions.csv")\nEOF\n'] min_timeout_sec: 0.1 max_timeout_sec: 180.0
Sending keys: ['python3 solution.py\n'] min_timeout_sec: 10.0 max_timeout_sec: 180.0
Trajectory dumped to /home/stas/Documents/GitHub/automl-journal/runs/autods-tabred/jobs/terminus-matched-20260828-105709/homesite-insurance__FQ9t9Bw/agent/trajectory.json
Failed to retrieve model info for 'openrouter/google/gemma-4-31b-it': This model isn't mapped yet. model=openrouter/google/gemma-4-31b-it, custom_llm_provider=openrouter. Add it here - https://github.com/BerriAI/litellm/blob/main/model_prices_and_context_window.json.. Using fallback context limit: 1000000
Parser warnings: - Extra text detected before JSON object
- Extra text detected after JSON object
Sending keys: ['apt-get update && apt-get install -y libgomp1\n'] min_timeout_sec: 2.0 max_timeout_sec: 180.0
Sending keys: ['python3 solution.py\n'] min_timeout_sec: 10.0 max_timeout_sec: 180.0
Trajectory dumped to /home/stas/Documents/GitHub/automl-journal/runs/autods-tabred/jobs/terminus-matched-20260828-105709/homesite-insurance__FQ9t9Bw/agent/trajectory.json
Failed to retrieve model info for 'openrouter/google/gemma-4-31b-it': This model isn't mapped yet. model=openrouter/google/gemma-4-31b-it, custom_llm_provider=openrouter. Add it here - https://github.com/BerriAI/litellm/blob/main/model_prices_and_context_window.json.. Using fallback context limit: 1000000
Parser warnings: - Extra text detected before JSON object
- Extra text detected after JSON object
Sending keys: ['python3 solution.py\n'] min_timeout_sec: 10.0 max_timeout_sec: 180.0
Trajectory dumped to /home/stas/Documents/GitHub/automl-journal/runs/autods-tabred/jobs/terminus-matched-20260828-105709/homesite-insurance__FQ9t9Bw/agent/trajectory.json
Failed to retrieve model info for 'openrouter/google/gemma-4-31b-it': This model isn't mapped yet. model=openrouter/google/gemma-4-31b-it, custom_llm_provider=openrouter. Add it here - https://github.com/BerriAI/litellm/blob/main/model_prices_and_context_window.json.. Using fallback context limit: 1000000
Trajectory dumped to /home/stas/Documents/GitHub/automl-journal/runs/autods-tabred/jobs/terminus-matched-20260828-105709/maps-routing__d8DHthy/agent/trajectory.json
Failed to retrieve model info for 'openrouter/google/gemma-4-31b-it': This model isn't mapped yet. model=openrouter/google/gemma-4-31b-it, custom_llm_provider=openrouter. Add it here - https://github.com/BerriAI/litellm/blob/main/model_prices_and_context_window.json.. Using fallback context limit: 1000000
Parser warnings: - Extra text detected before JSON object
- Extra text detected after JSON object
Sending keys: [''] min_timeout_sec: 60 max_timeout_sec: 180.0
Parser warnings: - Extra text detected before JSON object
- Extra text detected after JSON object
Sending keys: ['ls -la /app/predictions.csv\n'] min_timeout_sec: 0.1 max_timeout_sec: 180.0
Sending keys: ['wc -l /app/predictions.csv\n'] min_timeout_sec: 0.1 max_timeout_sec: 180.0
Sending keys: ['head -n 5 /app/predictions.csv\n'] min_timeout_sec: 0.1 max_timeout_sec: 180.0
Trajectory dumped to /home/stas/Documents/GitHub/automl-journal/runs/autods-tabred/jobs/terminus-matched-20260828-105709/homesite-insurance__FQ9t9Bw/agent/trajectory.json
Failed to retrieve model info for 'openrouter/google/gemma-4-31b-it': This model isn't mapped yet. model=openrouter/google/gemma-4-31b-it, custom_llm_provider=openrouter. Add it here - https://github.com/BerriAI/litellm/blob/main/model_prices_and_context_window.json.. Using fallback context limit: 1000000
Parser warnings: - Extra text detected before JSON object
- Extra text detected after JSON object
Sending keys: [''] min_timeout_sec: 30.0 max_timeout_sec: 180.0
Sending keys: ['ls -la /app/predictions.csv\n'] min_timeout_sec: 0.1 max_timeout_sec: 180.0
Sending keys: ['wc -l /app/predictions.csv\n'] min_timeout_sec: 0.1 max_timeout_sec: 180.0
Sending keys: ['head -n 5 /app/predictions.csv\n'] min_timeout_sec: 0.1 max_timeout_sec: 180.0
Trajectory dumped to /home/stas/Documents/GitHub/automl-journal/runs/autods-tabred/jobs/terminus-matched-20260828-105709/homesite-insurance__FQ9t9Bw/agent/trajectory.json
Failed to retrieve model info for 'openrouter/google/gemma-4-31b-it': This model isn't mapped yet. model=openrouter/google/gemma-4-31b-it, custom_llm_provider=openrouter. Add it here - https://github.com/BerriAI/litellm/blob/main/model_prices_and_context_window.json.. Using fallback context limit: 1000000
Parser warnings: - Extra text detected before JSON object
- Extra text detected after JSON object
Sending keys: ['ps aux | grep python3\n'] min_timeout_sec: 0.1 max_timeout_sec: 180.0
Sending keys: ['ls -la /app/predictions.csv\n'] min_timeout_sec: 0.1 max_timeout_sec: 180.0
Sending keys: ['wc -l /app/predictions.csv\n'] min_timeout_sec: 0.1 max_timeout_sec: 180.0
Sending keys: ['head -n 5 /app/predictions.csv\n'] min_timeout_sec: 0.1 max_timeout_sec: 180.0
Trajectory dumped to /home/stas/Documents/GitHub/automl-journal/runs/autods-tabred/jobs/terminus-matched-20260828-105709/homesite-insurance__FQ9t9Bw/agent/trajectory.json
Failed to retrieve model info for 'openrouter/google/gemma-4-31b-it': This model isn't mapped yet. model=openrouter/google/gemma-4-31b-it, custom_llm_provider=openrouter. Add it here - https://github.com/BerriAI/litellm/blob/main/model_prices_and_context_window.json.. Using fallback context limit: 1000000
Parser warnings: - Extra text detected before JSON object
- Extra text detected after JSON object
Sending keys: ['pkill -9 python3\n'] min_timeout_sec: 0.1 max_timeout_sec: 180.0
Sending keys: ['ls -la /app/predictions.csv\n'] min_timeout_sec: 0.1 max_timeout_sec: 180.0
Sending keys: ['wc -l /app/predictions.csv\n'] min_timeout_sec: 0.1 max_timeout_sec: 180.0
Sending keys: ['head -n 5 /app/predictions.csv\n'] min_timeout_sec: 0.1 max_timeout_sec: 180.0
Trajectory dumped to /home/stas/Documents/GitHub/automl-journal/runs/autods-tabred/jobs/terminus-matched-20260828-105709/homesite-insurance__FQ9t9Bw/agent/trajectory.json
Failed to retrieve model info for 'openrouter/google/gemma-4-31b-it': This model isn't mapped yet. model=openrouter/google/gemma-4-31b-it, custom_llm_provider=openrouter. Add it here - https://github.com/BerriAI/litellm/blob/main/model_prices_and_context_window.json.. Using fallback context limit: 1000000
Parser warnings: - Extra text detected before JSON object
- Extra text detected after JSON object
Sending keys: ['C-c\n'] min_timeout_sec: 0.1 max_timeout_sec: 180.0
Sending keys: ['ls -la /app/predictions.csv\n'] min_timeout_sec: 0.1 max_timeout_sec: 180.0
Sending keys: ['python3 solution.py\n'] min_timeout_sec: 60.0 max_timeout_sec: 180.0
Sending keys: ['ls -l /app/predictions.csv\n'] min_timeout_sec: 0.1 max_timeout_sec: 180.0
Sending keys: ['head -n 5 /app/predictions.csv\n'] min_timeout_sec: 0.1 max_timeout_sec: 180.0
Trajectory dumped to /home/stas/Documents/GitHub/automl-journal/runs/autods-tabred/jobs/terminus-matched-20260828-105709/maps-routing__d8DHthy/agent/trajectory.json
Failed to retrieve model info for 'openrouter/google/gemma-4-31b-it': This model isn't mapped yet. model=openrouter/google/gemma-4-31b-it, custom_llm_provider=openrouter. Add it here - https://github.com/BerriAI/litellm/blob/main/model_prices_and_context_window.json.. Using fallback context limit: 1000000
Parser warnings: - Extra text detected before JSON object
- Extra text detected after JSON object
Sending keys: ['ps aux | grep solution.py\n'] min_timeout_sec: 0.1 max_timeout_sec: 180.0
Sending keys: ['ls -l /app/predictions.csv\n'] min_timeout_sec: 0.1 max_timeout_sec: 180.0
Sending keys: ['wc -l /app/predictions.csv\n'] min_timeout_sec: 0.1 max_timeout_sec: 180.0
Trajectory dumped to /home/stas/Documents/GitHub/automl-journal/runs/autods-tabred/jobs/terminus-matched-20260828-105709/maps-routing__d8DHthy/agent/trajectory.json
Failed to retrieve model info for 'openrouter/google/gemma-4-31b-it': This model isn't mapped yet. model=openrouter/google/gemma-4-31b-it, custom_llm_provider=openrouter. Add it here - https://github.com/BerriAI/litellm/blob/main/model_prices_and_context_window.json.. Using fallback context limit: 1000000
Parser warnings: - Extra text detected before JSON object
- Extra text detected after JSON object
Sending keys: ['C-c\n'] min_timeout_sec: 0.1 max_timeout_sec: 180.0
Sending keys: ['ls -l /app/predictions.csv\n'] min_timeout_sec: 0.1 max_timeout_sec: 180.0
Sending keys: ['wc -l /app/predictions.csv\n'] min_timeout_sec: 0.1 max_timeout_sec: 180.0
Trajectory dumped to /home/stas/Documents/GitHub/automl-journal/runs/autods-tabred/jobs/terminus-matched-20260828-105709/maps-routing__d8DHthy/agent/trajectory.json
Failed to retrieve model info for 'openrouter/google/gemma-4-31b-it': This model isn't mapped yet. model=openrouter/google/gemma-4-31b-it, custom_llm_provider=openrouter. Add it here - https://github.com/BerriAI/litellm/blob/main/model_prices_and_context_window.json.. Using fallback context limit: 1000000
Parser warnings: - Extra text detected before JSON object
- Extra text detected after JSON object
Sending keys: ['C-c\n'] min_timeout_sec: 0.1 max_timeout_sec: 180.0
Sending keys: ['C-c\n'] min_timeout_sec: 0.1 max_timeout_sec: 180.0
Sending keys: ['ls -l /app/predictions.csv\n'] min_timeout_sec: 0.1 max_timeout_sec: 180.0
Sending keys: ['wc -l /app/predictions.csv\n'] min_timeout_sec: 0.1 max_timeout_sec: 180.0
Trajectory dumped to /home/stas/Documents/GitHub/automl-journal/runs/autods-tabred/jobs/terminus-matched-20260828-105709/maps-routing__d8DHthy/agent/trajectory.json
Failed to retrieve model info for 'openrouter/google/gemma-4-31b-it': This model isn't mapped yet. model=openrouter/google/gemma-4-31b-it, custom_llm_provider=openrouter. Add it here - https://github.com/BerriAI/litellm/blob/main/model_prices_and_context_window.json.. Using fallback context limit: 1000000
Parser warnings: - Extra text detected before JSON object
- Extra text detected after JSON object
Sending keys: [''] min_timeout_sec: 60 max_timeout_sec: 180.0
Sending keys: ['wc -l /app/predictions.csv\n'] min_timeout_sec: 0.1 max_timeout_sec: 180.0
Sending keys: ['head -n 5 /app/predictions.csv\n'] min_timeout_sec: 0.1 max_timeout_sec: 180.0
Trajectory dumped to /home/stas/Documents/GitHub/automl-journal/runs/autods-tabred/jobs/terminus-matched-20260828-105709/homesite-insurance__FQ9t9Bw/agent/trajectory.json
Failed to retrieve model info for 'openrouter/google/gemma-4-31b-it': This model isn't mapped yet. model=openrouter/google/gemma-4-31b-it, custom_llm_provider=openrouter. Add it here - https://github.com/BerriAI/litellm/blob/main/model_prices_and_context_window.json.. Using fallback context limit: 1000000
Parser warnings: - Extra text detected before JSON object
- Extra text detected after JSON object
Sending keys: ['C-c\n'] min_timeout_sec: 0.1 max_timeout_sec: 180.0
Sending keys: ['wc -l /app/predictions.csv\n'] min_timeout_sec: 0.1 max_timeout_sec: 180.0
Sending keys: ['head -n 5 /app/predictions.csv\n'] min_timeout_sec: 0.1 max_timeout_sec: 180.0
Trajectory dumped to /home/stas/Documents/GitHub/automl-journal/runs/autods-tabred/jobs/terminus-matched-20260828-105709/homesite-insurance__FQ9t9Bw/agent/trajectory.json
Failed to retrieve model info for 'openrouter/google/gemma-4-31b-it': This model isn't mapped yet. model=openrouter/google/gemma-4-31b-it, custom_llm_provider=openrouter. Add it here - https://github.com/BerriAI/litellm/blob/main/model_prices_and_context_window.json.. Using fallback context limit: 1000000
Parser warnings: - Extra text detected before JSON object
- Extra text detected after JSON object
Trajectory dumped to /home/stas/Documents/GitHub/automl-journal/runs/autods-tabred/jobs/terminus-matched-20260828-105709/homesite-insurance__FQ9t9Bw/agent/trajectory.json
Trajectory dumped to /home/stas/Documents/GitHub/automl-journal/runs/autods-tabred/jobs/terminus-matched-20260828-105709/homesite-insurance__FQ9t9Bw/agent/trajectory.json
Collecting main service artifacts
Sending keys: ['ls -l /app/predictions.csv\n'] min_timeout_sec: 0.1 max_timeout_sec: 180.0
Sending keys: ['wc -l /app/predictions.csv\n'] min_timeout_sec: 0.1 max_timeout_sec: 180.0
Trajectory dumped to /home/stas/Documents/GitHub/automl-journal/runs/autods-tabred/jobs/terminus-matched-20260828-105709/maps-routing__d8DHthy/agent/trajectory.json
Failed to retrieve model info for 'openrouter/google/gemma-4-31b-it': This model isn't mapped yet. model=openrouter/google/gemma-4-31b-it, custom_llm_provider=openrouter. Add it here - https://github.com/BerriAI/litellm/blob/main/model_prices_and_context_window.json.. Using fallback context limit: 1000000
Parser warnings: - Extra text detected before JSON object
- Extra text detected after JSON object
Sending keys: ['C-c\n'] min_timeout_sec: 0.1 max_timeout_sec: 180.0
Sending keys: ["cat << 'EOF' > solution.py\nimport pandas as pd\nimport lightgbm as lgb\nimport numpy as np\n\n# Load data\ntrain = pd.read_csv('/app/data/train.csv')\nval = pd.read_csv('/app/data/val.csv')\ntest = pd.read_csv('/app/data/test.csv')\n\nX_train = train.drop(columns=['target'])\ny_train = train['target']\nX_val = val.drop(columns=['target'])\ny_val = val['target']\n\n# Identify categorical features\ncat_cols = [col for col in X_train.columns if col.startswith('cat_')]\nfor col in cat_cols:\n    X_train[col] = X_train[col].astype('category')\n    X_val[col] = X_val[col].astype('category')\n    test[col] = test[col].astype('category')\n\n# Train LightGBM with fewer estimators for speed\nmodel = lgb.LGBMRegressor(n_estimators=200, learning_rate=0.1, random_state=42)\nmodel.fit(\n    X_train, y_train,\n    eval_set=[(X_val, y_val)],\n    eval_metric='rmse',\n    callbacks=[lgb.early_stopping(stopping_rounds=20)]\n)\n\n# Predict on test set\npreds = model.predict(test)\n\n# Save to predictions.csv\npdf = pd.DataFrame({'target': preds})\npdf.to_csv('/app/predictions.csv', index=False)\n\nprint('Predictions saved to /app/predictions.csv')\nEOF\n"] min_timeout_sec: 0.1 max_timeout_sec: 180.0
Sending keys: ['python3 solution.py &\n'] min_timeout_sec: 1.0 max_timeout_sec: 180.0
Sending keys: ['sleep 60\n'] min_timeout_sec: 60.0 max_timeout_sec: 180.0
Sending keys: ['ls -l /app/predictions.csv\n'] min_timeout_sec: 0.1 max_timeout_sec: 180.0
Sending keys: ['wc -l /app/predictions.csv\n'] min_timeout_sec: 0.1 max_timeout_sec: 180.0
Trajectory dumped to /home/stas/Documents/GitHub/automl-journal/runs/autods-tabred/jobs/terminus-matched-20260828-105709/maps-routing__d8DHthy/agent/trajectory.json
Failed to retrieve model info for 'openrouter/google/gemma-4-31b-it': This model isn't mapped yet. model=openrouter/google/gemma-4-31b-it, custom_llm_provider=openrouter. Add it here - https://github.com/BerriAI/litellm/blob/main/model_prices_and_context_window.json.. Using fallback context limit: 1000000
Parser warnings: - Extra text detected before JSON object
- Extra text detected after JSON object
Sending keys: ['wc -l /app/predictions.csv\n'] min_timeout_sec: 0.1 max_timeout_sec: 180.0
Sending keys: ['head -n 5 /app/predictions.csv\n'] min_timeout_sec: 0.1 max_timeout_sec: 180.0
Trajectory dumped to /home/stas/Documents/GitHub/automl-journal/runs/autods-tabred/jobs/terminus-matched-20260828-105709/maps-routing__d8DHthy/agent/trajectory.json
Failed to retrieve model info for 'openrouter/google/gemma-4-31b-it': This model isn't mapped yet. model=openrouter/google/gemma-4-31b-it, custom_llm_provider=openrouter. Add it here - https://github.com/BerriAI/litellm/blob/main/model_prices_and_context_window.json.. Using fallback context limit: 1000000
Parser warnings: - Extra text detected before JSON object
- Extra text detected after JSON object
Trajectory dumped to /home/stas/Documents/GitHub/automl-journal/runs/autods-tabred/jobs/terminus-matched-20260828-105709/maps-routing__d8DHthy/agent/trajectory.json
Trajectory dumped to /home/stas/Documents/GitHub/automl-journal/runs/autods-tabred/jobs/terminus-matched-20260828-105709/maps-routing__d8DHthy/agent/trajectory.json
Collecting main service artifacts
