jobid,success
34311,1
69838,1
610,1
7946,1
38491,1
6518,1
70089,1
96208,1
103346,1
33411,1
109595,1
107036,1
3205,1
59228,1
61417,1
20703,1
40626,1
25059,1
38101,1
107913,1
8294,1
97015,1
102553,1
90069,0
45900,1
67857,1
39313,1
99707,1
40332,1
70624,1
55775,1
28478,1
24967,1
39038,1
45311,1
81646,1
10691,1
21179,1
33645,1
90048,1
100603,1
29272,1
53095,1
29160,1
105863,1
77195,1
73937,1
48865,1
55517,1
103788,1
16744,1
71609,1
52062,1
103503,1
47316,1
2199,1
33400,1
56023,1
22789,1
86998,1
7087,1
54781,1
15221,1
36907,1
77233,1
76041,1
78283,1
48702,1
73480,1
18540,1
105963,1
44035,1
12935,1
73285,0
54714,1
1069,1
100255,1
23140,1
83442,0
719,1
63265,1
25221,1
105767,0
51334,1
80893,1
13102,1
13740,1
116865,0
74525,1
12836,1
48776,1
87457,1
49600,1
36044,1
107245,1
59488,1
32191,1
51902,1
97323,1
52527,1
108927,1
90452,1
54515,1
18260,1
90762,1
18165,1
83035,1
74684,1
97053,1
105224,1
74216,1
81365,1
111181,1
22282,1
15611,1
68772,1
80501,1
101388,1
23508,1
51827,1
96834,1
91908,0
61351,1
34528,1
96765,1
35011,1
23233,1
48241,1
98257,1
47656,1
52712,1
77166,1
23440,1
95133,1
1159,1
77318,1
25280,1
72158,1
116931,1
18836,1
61457,1
97548,1
113903,1
84451,1
54941,1
58770,1
35800,1
70916,1
32580,1
106583,1
858,1
18,0
58855,1
56165,1
109704,1
87636,1
2599,1
31000,1
52320,1
46904,1
65252,1
104878,1
21540,1
84834,1
7702,1
107160,1
64366,1
57055,1
99053,1
48063,1
106600,1
90975,1
76942,1
104801,1
114581,1
109964,1
71980,1
25346,1
54841,1
65211,1
34245,1
37097,1
58786,1
973,0
10621,1
72554,1
44590,1
99170,1
99529,1
98516,1
57103,1
30929,1
94787,1
22854,1
82504,1
110872,1
80853,1
104980,1
46972,1
40301,1
100741,1
18312,1
98047,1
92756,1
2315,0
91614,1
77614,1
56982,1
38938,0
40645,1
109260,1
111835,1
90288,1
32799,1
57230,1
69549,1
36114,1
14694,1
90807,1
48359,1
13785,1
107312,1
55618,0
111879,0
72629,1
17404,1
82089,0
49635,1
41394,1
81393,1
82627,1
68248,1
86257,1
17130,1
49874,1
82607,1
29418,1
8945,0
85096,1
83149,0
30066,1
64934,1
49574,1
80565,1
66113,1
29295,1
36583,1
91724,1
67799,1
37682,0
13372,1
7899,1
69483,1
104595,1
13654,1
116134,0
94450,1
20653,1
73065,1
104379,1
51726,1
40429,1
67160,1
44488,1
93318,1
16533,1
43308,1
28520,1
114458,1
60466,1
109404,1
64079,0
36308,1
9756,0
8691,0
50728,1
65471,0
107131,1
88091,1
97900,1
16593,1
69290,1
71156,1
66890,1
80875,1
87685,1
104082,1
107311,1
34880,1
16080,1
28491,1
85571,1
69926,1
108727,1
51,0
14887,1
69015,1
84075,0
72994,1
69208,1
79763,1
75974,1
42747,1
85535,1
67539,1
42290,1
27431,1
77608,1
13213,1
9136,0
28038,1
12264,1
114995,1
33924,1
101438,1
9895,0
105634,1
71728,1
67784,1
41508,1
62355,1
21258,1
55361,0
15852,1
49849,1
55197,0
65126,1
113487,1
84074,0
73823,1
17341,1
86687,1
7670,1
87988,1
96210,1
33762,1
24690,1
4600,1
82990,1
69353,1
101480,1
102523,1
87663,1
49584,1
40426,1
31432,1
96215,1
23674,1
67787,1
26379,1
113060,1
64930,1
92407,1
103277,1
31058,1
29482,1
29870,1
55313,1
30030,1
82915,1
52540,1
113916,1
108807,1
98146,1
87049,1
77911,1
23267,1
92087,1
113042,1
53242,1
28975,1
77366,1
87919,1
111627,1
66777,1
33799,1
24691,1
101481,1
53942,1
88909,1
2565,1
84418,1
22144,1
12920,1
100608,1
71531,1
88148,1
93177,1
9182,0
109055,1
32437,1
2711,1
99675,1
66735,1
125,1
42205,1
32326,1
111933,1
67228,1
42721,1
116229,0
34477,1
47219,1
72972,1
101032,1
109894,1
59507,1
57955,1
38418,1
4435,1
103164,1
115159,1
14823,1
28639,1
101768,1
108244,1
49711,1
32228,1
103922,1
97782,1
7838,1
3574,1
39113,1
9013,0
52167,1
48426,1
107973,1
2988,1
52492,1
68225,1
89871,0
75281,1
113465,1
82488,1
94716,1
32882,1
104001,1
9529,0
15409,1
51632,1
23618,1
22592,1
29513,1
63474,1
62349,1
112002,1
54681,1
105964,1
35765,1
101526,1
91115,1
45638,1
42124,1
80336,1
24061,1
80634,1
109662,1
99334,1
85591,1
107531,0
552,1
38912,1
44838,1
38002,1
17907,1
77763,1
108794,1
98260,1
76729,1
80631,1
73002,1
15935,1
98050,1
58765,1
45299,1
9888,0
71435,1
105241,1
92556,1
82069,1
70779,1
109696,1
415,1
66704,1
48716,1
88794,1
62714,1
72022,1
34930,1
49455,1
13872,1
8611,1
99162,1
8330,1
73967,1
63830,1
103598,1
66968,1
76151,1
52105,1
94954,1
105967,1
85835,1
29607,1
39278,1
82162,1
116301,1
11160,1
5177,1
27262,1
76002,1
1963,1
20760,1
5446,1
17469,1
6674,1
23116,1
44227,1
62150,1
103865,1
29602,1
74491,1
27397,1
4271,1
22219,1
17038,1
62723,1
67238,1
40428,1
48167,1
102729,1
103210,1
102342,1
91049,1
9554,0
110000,1
74990,1
106558,1
90266,1
83230,0
8104,1
96600,1
43237,1
60309,1
114178,0
69625,1
42690,1
46162,1
24248,1
38384,1
16506,1
40443,1
16444,1
89552,1
5962,1
65560,1
2451,1
59090,1
92162,1
109614,1
87914,1
60526,1
109551,1
74667,1
65435,1
13162,1
99393,1
45878,1
71677,1
10040,0
52620,1
53884,1
74418,1
46586,1
29251,1
112003,1
72843,1
85837,1
20221,1
110609,1
113409,1
48990,1
37463,1
65836,1
21676,1
32352,1
27491,1
25888,1
106093,1
50530,1
86826,1
72317,1
83114,0
77347,1
51481,1
98673,1
83632,1
80442,1
72287,1
22064,1
103009,1
106694,1
103377,1
3078,1
49766,1
36317,1
68745,1
17637,1
7466,1
51715,1
102872,1
91190,1
58630,1
55256,0
75852,1
64014,1
87513,1
72427,1
107461,1
31286,1
12190,1
6774,1
10295,0
65604,1
78711,1
105969,1
5432,1
17450,0
16192,1
108209,1
30353,1
7312,1
82593,1
27924,1
69815,1
15378,1
44350,1
111352,1
39265,1
85490,1
97976,1
33864,1
1982,1
45955,1
104337,1
100407,1
51410,1
73502,1
77751,1
77160,1
66103,1
6798,1
74676,1
45775,1
86821,1
10826,1
14760,1
28634,1
95811,1
60805,1
82897,1
4803,1
100109,1
114453,1
46117,1
23119,1
111277,1
8149,1
25437,1
56172,1
105726,1
47431,1
60304,1
44621,1
18637,1
22480,1
61717,1
97336,1
82819,1
10148,0
40144,1
41048,1
3801,1
61926,1
97655,1
60438,1
71150,1
102681,1
60964,1
95853,1
55710,1
91434,1
64544,1
42817,1
45706,1
49993,1
99997,1
49490,1
50325,1
110828,1
54453,1
39191,1
85411,1
32795,1
40315,1
110463,1
36498,1
56049,1
110802,1
61829,1
8009,1
51119,1
26571,0
113428,1
84225,0
36079,1
32333,1
100717,1
38664,1
58764,1
108391,1
105999,1
9127,0
28774,1
34256,1
47191,1
14847,1
76676,1
94048,1
18429,1
55696,1
64067,1
56908,1
78565,1
40955,1
30941,1
45778,1
81838,1
93143,1
16960,1
61415,1
58397,1
110243,1
89298,1
26515,1
46434,1
97331,1
52147,1
67182,0
96211,1
67713,1
77758,1
34603,1
85172,1
101031,1
51039,0
57013,1
55744,1
95722,1
103108,1
16983,1
72177,1
50362,1
96581,1
110633,1
2438,1
101715,1
71739,1
33585,1
50553,0
51829,1
55942,1
23089,1
11063,1
95207,1
32532,1
45805,1
47236,1
69909,1
79614,1
112553,1
32800,1
5728,1
46380,1
40868,1
3576,1
95478,1
103474,1
51645,1
53668,1
64022,1
104755,1
78867,1
7717,1
84716,1
20995,1
108715,1
42362,1
1461,1
91641,1
18460,1
19369,1
50840,1
78944,1
75876,1
53025,1
76905,1
66861,1
47930,1
110705,1
47547,1
18632,1
96259,1
112376,1
97174,1
13138,1
31608,1
107460,1
111168,1
103839,1
91296,1
6107,1
57154,1
31261,1
73133,1
59670,1
51772,1
95658,1
16283,1
71333,1
93938,1
10372,0
56388,1
83557,0
45485,1
50337,1
1821,1
21017,1
74310,1
87562,1
103109,1
9864,0
113389,1
3497,1
19109,1
74492,1
28288,1
22505,1
79852,1
93329,1
54754,1
91851,1
6220,1
21470,1
92246,1
757,1
7806,1
47565,1
42873,1
48423,1
9622,0
51761,1
6338,1
112093,1
39673,1
43839,1
107334,1
10249,0
60760,1
104762,1
93937,1
110197,1
48707,1
93375,1
60098,1
78206,1
69108,1
114589,1
71602,1
104100,1
57268,1
13570,1
27341,1
4487,1
9262,0
13394,1
28502,1
26401,1
40478,1
33479,1
49876,1
97652,0
1865,1
115716,1
85354,1
30268,1
86496,1
69998,1
110430,1
66457,1
50546,1
37096,1
46225,1
37827,1
7073,1
110955,1
37242,1
56738,1
57563,1
32209,1
42692,1
103403,1
92558,1
42912,1
22027,1
78771,1
37479,1
23641,1
91411,1
28704,1
32202,1
32022,1
100415,1
91732,1
53544,1
115348,1
90152,1
637,1
65223,1
29404,1
53374,1
41504,1
52890,1
110401,1
114431,1
66794,1
49008,1
88435,1
83910,0
114798,1
70599,1
57926,1
65311,1
60044,1
589,1
106217,1
107178,1
5900,1
44544,1
73098,1
95560,1
71908,1
113268,1
114723,1
67576,1
92303,1
35939,1
115208,1
25407,1
87905,1
85094,1
25381,1
101471,1
26534,1
13336,1
101449,1
91149,1
82757,1
10910,1
9835,0
41252,1
47646,1
1460,1
37855,1
112684,1
38769,1
101645,1
88202,1
86677,1
1694,1
115942,1
26836,1
17332,1
57981,1
6544,1
62851,1
69541,1
114468,1
113091,1
106180,1
68211,1
73471,1
80630,1
82092,1
111040,1
73306,1
51389,1
57298,1
54017,1
88487,1
49554,1
7832,1
4353,1
4930,1
41191,0
71257,1
84347,0
113897,1
61852,1
59607,1
24260,1
81457,1
116220,1
47080,1
50734,1
44735,1
56249,1
44938,1
24992,1
5839,1
111589,1
6490,1
48061,1
67952,1
1244,1
25357,1
27725,1
26835,1
21961,1
51464,1
70053,1
53520,1
89067,1
109926,1
87047,1
53238,1
56987,1
41477,1
15915,1
15090,1
54203,1
83938,0
58581,1
8103,1
63103,1
86762,1
105914,1
9524,0
87402,1
44069,1
112654,1
88704,1
82124,1
92302,1
94311,1
115837,1
59066,1
110282,1
3531,0
7994,1
17465,1
83449,0
54020,1
63372,1
42230,1
106005,1
29815,1
98615,1
70647,1
103857,1
83652,1
80298,1
97473,1
7139,1
3042,1
80039,1
114727,1
104626,1
107128,1
65064,1
53046,1
1354,1
110165,1
59556,1
4934,1
8046,1
58552,1
83378,0
71727,1
92783,1
9684,0
58791,1
114163,1
79044,1
11135,1
1094,1
48850,1
47878,1
1567,1
99813,1
61518,1
81122,1
7288,1
89042,0
27930,1
48534,1
101460,1
77248,1
72752,1
64557,1
60496,1
42427,1
58070,1
38560,1
73246,1
35069,1
78179,1
60342,1
56437,1
9442,0
80570,1
49531,1
85870,1
92735,1
97481,1
32399,1
55304,1
87971,1
20893,1
41887,1
110759,1
41196,1
80562,1
83459,0
92345,1
44917,1
82319,1
92776,1
11101,1
23439,1
103906,1
35271,1
69285,1
9770,0
58735,1
99216,1
45020,1
110146,1
76574,1
29433,1
25992,1
60683,1
83406,0
45310,1
92981,1
13679,1
61410,1
96644,1
96068,1
28273,1
40309,1
37489,1
89199,1
116232,0
66003,1
4318,1
111658,1
3312,1
23354,1
53076,1
110525,1
71066,1
97485,1
11352,1
107853,1
74159,1
115924,1
693,1
24809,1
79845,1
27106,1
103236,1
115512,1
64723,1
55839,1
99305,1
16076,1
38250,1
87834,1
57995,1
82097,1
8195,1
80880,1
6668,0
55430,1
75723,1
111364,1
33063,1
52967,1
103151,1
30569,1
16119,1
114805,1
108604,1
92648,1
69428,1
70780,1
36345,1
116450,1
45874,1
8576,1
28859,1
38653,1
22449,1
77918,1
67113,1
22769,1
42,0
70912,1
116208,1
102228,1
41057,1
69585,1
58139,1
13527,1
90508,1
111182,1
100031,1
71347,1
17833,1
20742,1
100648,1
112775,1
35242,1
66753,1
28317,1
61902,1
86062,1
104774,1
43715,1
104610,1
84268,0
41965,0
49314,1
91837,1
65714,1
74300,1
9432,0
65623,1
93304,1
99669,1
11565,1
54909,1
79789,1
51087,1
63652,1
76190,1
49631,1
92973,1
80596,1
90979,1
102896,1
98526,1
63023,1
82164,1
10015,0
102185,1
34143,1
60369,1
27482,1
61585,1
68019,1
35706,1
60666,1
25223,1
114455,1
2106,1
11584,1
10760,1
96151,1
43677,1
50478,1
19693,1
73885,1
47719,1
50094,0
12872,1
31957,1
23102,1
64042,1
111020,1
69610,1
78643,1
60046,1
108922,1
1316,1
37124,1
27312,1
95647,1
5818,1
77281,1
16489,1
67917,1
88301,1
81213,1
1648,1
46235,1
37632,1
9678,0
44185,1
16494,1
71279,1
98100,1
96653,1
32121,1
6678,1
41604,1
71633,1
114931,1
116641,1
42113,1
63090,1
48648,1
73613,1
58860,0
5305,1
25433,1
104583,1
105032,1
71153,1
76688,1
26445,1
84738,1
22152,1
90502,1
13510,1
99099,1
44084,1
51044,0
83452,1
36680,1
35297,1
40122,1
31177,1
63401,0
27881,1
115100,1
77932,1
39605,1
71984,1
9734,0
33770,1
89566,1
111427,1
35094,1
116571,1
21305,1
1979,1
11255,1
13155,1
62423,1
77384,1
13487,1
61897,1
112720,1
10847,1
81947,1
16855,1
15437,1
97002,0
9963,0
82945,1
445,1
3323,1
103424,1
85203,1
42730,1
72495,1
92229,1
17230,1
106641,1
45724,1
50314,1
93316,1
5849,1
68458,1
56521,1
527,1
45564,1
17603,1
12247,1
70063,1
33630,1
100279,1
92930,1
12552,1
113109,1
93515,1
106089,1
13079,1
34621,1
29639,1
62278,1
92057,1
109265,1
114247,1
62399,1
43881,1
95277,1
54504,1
26022,1
87477,1
36884,1
112903,1
66535,1
76064,0
104376,1
8444,1
61915,1
57300,1
88890,1
22258,1
98463,0
38071,1
10895,1
22970,1
44200,1
59682,1
63874,1
30996,1
49438,1
21740,1
23694,1
40352,1
6846,1
24146,1
24400,1
20069,1
76024,1
80263,1
25575,1
92800,1
58204,1
65074,1
85513,1
106142,1
65667,1
108952,1
23557,1
48245,1
68264,1
81088,1
17238,1
43998,1
43805,1
78731,1
114575,1
55467,1
62245,1
43030,1
26570,1
114588,1
22184,1
95554,1
75265,1
79697,1
45537,1
41581,1
75246,1
103680,1
103296,1
19195,1
19266,1
89895,1
23371,1
74362,1
76475,0
97180,1
17970,1
95002,1
104854,0
28395,1
84042,0
33427,1
90047,1
47287,1
30608,1
5830,1
72043,1
82036,1
113009,1
113402,1
98310,1
87753,1
42139,1
75419,1
92114,1
61292,0
54587,1
43167,1
46052,1
46390,1
55578,1
53096,1
38549,1
53326,1
41041,1
61072,1
108185,1
100653,1
41410,1
91181,1
67602,1
1071,1
7076,1
23731,1
109254,1
30493,1
34488,1
113455,1
109661,1
42801,1
15493,1
87160,1
8697,0
59185,1
9958,0
89364,1
87150,1
51306,1
20881,1
85380,0
102204,1
3878,1
37748,1
90153,1
97564,1
51730,1
113968,1
35391,1
81785,1
17507,1
79304,1
42732,1
67759,1
12901,1
96064,1
79,1
5443,1
70683,1
76313,1
26408,0
70162,1
34247,1
49249,1
49050,1
75486,1
91352,1
34710,1
55188,0
81619,1
68908,1
94243,1
77521,1
26597,1
31275,1
65958,1
55413,0
89147,1
86298,1
109866,1
58049,1
71839,1
47427,1
95666,1
85864,1
45302,1
26807,1
100935,1
21698,1
1151,1
67092,1
73703,1
22097,1
111242,1
11440,1
33539,1
103282,1
9278,0
19377,1
15076,1
84845,1
69702,1
46408,1
26578,1
40693,1
16786,1
41773,1
69694,1
42238,1
7645,1
94891,1
81071,1
81986,1
23117,1
27973,1
56305,1
86994,1
59183,1
96883,1
64749,1
58434,1
64005,1
9297,0
69283,1
81560,1
28668,1
48192,1
24265,1
102208,1
5272,1
22942,1
39585,1
97758,1
12939,1
48017,1
28688,1
54679,1
10862,1
3405,1
59630,1
44898,1
13181,1
25412,1
78578,1
97097,1
80543,1
77450,1
24182,1
7749,1
97827,1
36881,1
106181,1
16543,1
2470,1
7163,0
8219,1
50918,1
41908,1
63209,1
59534,1
56977,1
96814,1
7014,1
8951,0
4743,1
62495,1
7101,1
79045,1
91640,1
44676,1
17705,1
76497,1
51884,1
108913,1
36253,1
85909,1
51057,0
36775,1
74861,1
25493,1
107951,1
18055,1
78412,1
105542,1
89831,1
85641,1
40376,1
22030,1
102111,1
78059,1
25972,1
79345,1
35546,1
69690,1
82755,1
69434,1
19521,1
10052,0
26315,1
99968,1
106369,1
39412,1
57266,1
24232,1
16708,1
43130,1
22778,1
24837,1
22836,1
16128,1
4192,1
116647,0
54435,1
50457,1
21972,1
891,1
92338,1
75051,1
11301,1
42320,1
20577,1
42987,1
41209,1
17216,1
98091,1
79139,1
82307,1
57371,1
91150,1
1358,1
5131,1
84873,1
62758,1
43751,1
79921,1
58185,1
105873,1
108156,1
93676,1
40075,1
62624,1
111515,1
37574,1
21078,1
86366,1
59169,1
65985,1
5364,1
18857,1
63983,1
4539,1
82060,1
59834,1
85008,1
51115,1
4858,1
16713,1
85865,1
107416,1
43025,1
41249,1
105173,1
3376,1
75172,1
14234,1
31941,1
68289,1
94486,1
116210,1
103852,1
116259,0
26897,1
76670,1
37377,1
58915,1
19897,1
33500,1
67446,1
52652,1
19631,1
57849,1
15077,1
85359,1
77564,1
58391,0
98171,1
1663,1
37443,1
89905,1
40364,1
112742,1
79833,1
11377,1
47199,1
104743,1
73271,1
61201,1
24198,1
104497,1
94328,1
69278,1
107106,1
65843,0
12084,1
110970,1
35674,1
6092,1
107582,1
21661,1
100876,1
80227,1
94671,1
21552,1
59231,1
3090,1
56588,1
43202,1
105715,1
60587,0
44840,1
107605,1
20709,1
2506,1
83140,0
83625,1
60200,1
80732,1
58479,1
87351,1
80972,1
25052,1
114332,0
24256,1
111991,1
20967,1
114551,1
111087,1
44885,1
97964,1
56625,1
11304,1
79098,1
60482,1
34082,1
75561,1
113837,1
89017,1
35545,1
1112,1
37672,1
16937,1
70648,1
114140,1
64367,1
51857,1
112517,1
100516,1
76022,1
74888,1
68481,1
9458,0
116463,1
76864,1
17007,1
57467,1
16636,1
80084,1
63805,1
76970,1
27868,1
83905,0
37597,1
102692,0
113162,1
42805,1
38062,1
13423,1
103975,1
49264,1
94805,1
99833,1
34103,1
74904,1
68408,1
99050,1
97741,1
101699,1
57935,1
36214,1
87350,1
83911,0
111826,1
71885,1
103231,1
8566,1
84351,0
81666,0
90855,1
87090,1
58609,1
62881,1
99516,1
42738,1
25367,1
14732,1
13615,1
86151,1
41997,1
104360,1
20115,1
19332,1
4441,1
84600,0
13300,1
19450,1
34725,1
49948,1
55165,1
60684,1
79483,1
11171,1
39729,1
72265,1
99307,1
110899,1
20270,1
104210,1
107656,1
104241,1
40285,1
29485,1
68235,1
22300,1
41770,1
70994,1
49250,1
79618,1
36894,1
35779,1
8301,1
22791,1
44296,1
98925,1
83422,0
41911,1
52955,1
36366,1
109693,1
75857,1
92526,1
19178,1
71519,1
63815,1
92551,1
57331,1
80262,1
31578,1
72949,1
49744,1
16143,1
32879,1
27260,1
80821,1
106764,1
104174,1
5380,1
87399,1
58945,0
115329,1
95533,1
84946,1
39612,1
112232,1
61104,1
80459,1
18225,1
53987,1
3484,1
76944,1
95858,0
3415,1
3239,1
92449,1
169,1
3034,1
23560,1
97298,1
95017,1
105153,1
109317,1
21637,1
13907,1
75665,1
101722,1
11447,1
27410,1
18839,1
47259,1
86728,1
76681,1
101885,1
49289,1
54281,1
63175,1
96590,1
95387,1
116108,0
25358,1
8709,0
101931,1
48122,1
45217,1
94449,1
82949,1
98135,1
75019,0
22568,1
7048,0
25688,1
9754,0
14937,1
38227,1
85772,1
72246,1
64874,1
18077,1
107501,1
5171,1
48110,1
44870,1
76544,1
65214,1
30885,1
83568,0
36790,1
39632,1
105929,1
73410,1
84610,0
96823,1
42510,1
83187,0
39695,0
792,1
91200,1
103488,1
6827,1
62958,1
92607,1
89893,1
33514,1
1933,1
50606,1
27277,1
55333,1
50946,0
83120,0
69205,1
1333,1
66780,1
31236,1
48281,1
57255,1
1776,1
114417,1
4629,1
90429,1
56869,1
25293,1
92203,1
59204,1
45330,1
29858,1
23684,1
104569,1
33149,1
72855,1
18546,1
9868,0
114321,1
60022,1
66013,1
78993,1
75355,1
1310,1
16057,1
107239,1
93550,1
116587,1
89535,1
50420,1
3824,1
34354,1
8198,1
8039,1
57333,1
87151,1
49592,1
103439,1
92174,1
83845,1
76023,1
30085,1
66778,1
3569,1
39305,1
5413,1
9950,0
47972,1
22699,1
11075,1
41559,1
108900,1
57135,1
888,1
73185,1
63411,1
65391,1
67782,1
56422,1
7551,1
113535,1
39916,1
112228,1
50629,1
28896,1
113992,1
31300,1
12417,1
112327,1
3143,1
50393,1
68861,1
97760,1
71819,1
10006,0
87191,1
18065,1
15667,1
34022,1
59261,1
100254,1
33326,1
40264,1
98477,1
114606,1
114928,1
110690,1
31558,1
67390,1
50998,0
40854,1
89229,1
27848,1
20195,1
40204,1
51337,1
17839,1
100490,1
4333,1
12930,1
4601,1
78349,1
112074,1
111552,1
84166,0
59426,1
47717,1
46526,1
11945,1
115907,0
114941,1
101323,1
111434,1
11969,1
76355,1
84930,1
82455,1
10607,1
77991,1
7084,0
92008,1
823,0
17580,1
61794,1
56251,1
56922,1
39116,1
29715,1
45389,1
38733,1
107479,1
82864,1
45957,1
90933,1
84859,1
76380,1
87601,1
39042,1
107786,1
51324,1
79023,1
30029,1
82318,1
83197,0
53595,1
32089,1
59538,1
13003,1
50822,1
96784,1
66141,1
83138,0
9217,0
55329,1
99086,1
3870,1
83171,0
6577,1
97271,1
44985,1
97178,1
66800,1
62968,1
29559,1
68560,1
39316,1
11164,1
20615,1
62878,1
107580,1
91269,1
69902,1
3476,1
51673,1
6376,1
14999,1
89891,0
99687,1
18201,1
39727,1
24437,1
14248,1
72468,1
94499,1
1658,1
45606,1
110334,1
25966,1
12651,1
96549,1
9241,0
12693,1
84546,0
19322,1
25063,1
72190,1
97376,1
19629,1
107466,1
107998,1
115331,1
25041,1
48216,1
34062,1
17536,1
103120,1
115326,1
25476,1
113874,1
85823,1
94472,1
26547,1
58186,1
84054,0
20739,1
116839,1
65470,1
43007,1
34961,1
102635,1
110636,1
67938,1
73158,1
108035,1
13448,1
85488,1
20710,1
23461,1
113734,1
82048,1
12873,1
106415,1
16289,1
108635,1
110961,1
47659,1
77818,1
5717,0
102936,1
81617,1
49427,1
2669,1
63594,1
20113,1
93513,1
104214,1
77092,1
43199,1
3134,1
57429,1
4838,1
4370,1
6125,1
27256,1
43560,1
85227,0
86284,1
32259,1
26804,1
70687,1
75918,1
114507,1
16775,1
39599,1
76521,1
19928,1
81738,1
107226,1
8469,1
39865,1
14781,1
84217,0
114272,1
29075,1
85107,1
94961,1
57702,0
3487,1
55097,1
6732,1
16035,1
17667,1
4073,1
32407,1
38930,1
103708,1
24832,1
94240,1
71778,1
111051,1
5833,1
37538,1
94520,1
101657,1
23958,1
87973,1
52494,1
101633,1
78311,1
58618,1
105424,1
37586,1
68382,1
49949,1
51330,1
3331,1
19192,1
44608,1
9605,0
68319,1
37083,1
5615,1
22925,1
63964,1
24085,1
68456,1
21760,1
48750,1
29692,1
25602,1
52414,1
58973,1
106737,1
37677,1
70035,1
79455,1
48743,1
47796,1
48974,1
86117,1
74134,1
48425,1
10928,1
26190,0
86150,1
61690,1
107589,1
7019,1
2155,1
15839,1
46149,1
112034,1
53452,1
96057,1
55175,1
46668,1
80876,1
59003,1
102249,1
71988,1
43755,1
67115,0
23653,1
19352,1
32632,1
80331,1
100421,1
81080,1
9947,0
25061,1
83324,0
50119,1
105611,1
54699,1
20917,1
56196,1
19514,1
40503,1
42325,1
101317,1
108078,1
43185,1
83611,1
29814,1
28223,1
116206,1
63576,1
106538,1
107883,1
12122,1
56147,1
62167,1
66194,1
111950,1
90155,1
116030,0
38973,1
105392,1
108890,0
20396,1
44846,1
50396,1
94094,1
21125,1
19050,1
20114,1
40154,1
23010,1
116917,0
60616,1
108105,1
60040,1
111954,1
56152,1
103438,1
110516,1
107145,1
106723,1
80105,1
5943,1
54808,1
39300,1
87846,1
107151,1
104289,1
51319,0
6094,1
116763,0
28174,1
18212,1
15380,1
43401,1
21883,1
84544,1
47738,1
43739,1
110211,1
8933,0
57755,1
39222,1
69617,1
38345,1
52330,1
100234,1
54359,1
105202,1
32264,1
66686,1
74000,1
106724,1
10952,1
22555,1
90574,1
106330,1
45153,1
95559,1
107610,1
56143,1
98732,1
53648,1
64587,1
37075,1
98437,1
61726,1
106112,1
21803,1
103918,1
99658,1
83040,1
45037,1
98464,1
24450,1
77332,1
90388,1
14962,1
96961,1
40244,1
58940,1
19575,1
105521,1
101210,1
74586,1
104191,1
66758,1
5902,1
99901,1
11230,1
74302,1
67690,1
106566,1
45168,1
72795,1
45038,1
84218,0
93280,1
98976,1
101197,1
34571,1
41745,1
24734,1
27444,1
46982,1
74624,1
41716,1
82032,1
78919,1
87087,1
49330,1
38798,1
104242,1
95698,1
64270,1
19504,1
38909,1
5691,1
91644,1
91826,1
12442,1
92945,1
205,1
112815,1
24642,0
59315,1
75519,1
50782,1
88940,1
60021,1
69074,1
60012,1
958,1
95939,1
38469,1
81459,1
16689,1
29369,1
85163,1
71054,1
2600,1
35539,1
6800,1
25622,1
51423,1
99837,1
82298,1
13317,1
98440,1
23758,1
8109,1
61700,0
116513,1
67875,1
29372,1
41936,1
77937,1
100496,1
615,1
74868,1
58981,1
58650,1
75829,1
94330,1
79900,1
115617,0
73653,1
31415,1
85965,1
109618,1
78352,1
8167,1
46176,1
32600,1
12089,1
73602,1
58739,1
64198,1
111010,1
26240,1
89973,1
35788,1
40800,1
1476,1
87157,1
38516,1
65029,1
42032,1
11628,1
36641,1
37499,1
13105,1
49746,1
15162,1
108933,1
6590,1
50,0
19984,1
30740,1
37780,1
29379,1
20243,1
92564,1
20782,1
89333,1
31449,1
109677,1
8916,0
40950,1
86678,1
42653,1
105050,1
63721,1
92917,1
98049,1
74225,1
105858,1
77989,1
20501,0
21788,1
9218,0
33978,1
47376,1
92230,1
101605,1
10977,1
36992,1
25099,1
83794,1
78167,1
47027,1
112743,1
25823,1
9012,0
37596,1
4260,1
63410,1
5027,1
45852,1
21248,1
101816,1
20193,1
14620,1
15993,1
105751,1
9360,0
36067,1
43908,1
96629,1
23202,1
70323,1
29024,1
57966,1
79182,1
37760,1
74693,1
65197,1
59303,1
1223,1
38237,0
3625,1
52077,1
40880,1
42553,1
68896,1
96816,1
80901,1
62726,1
61271,1
83866,1
51434,0
27332,1
82850,1
23636,1
88567,1
82446,1
76737,1
54843,1
16146,1
79841,1
982,1
70559,1
60886,1
90466,1
41495,1
85705,1
24507,1
4752,1
116346,1
106067,1
90818,1
103790,1
46110,1
91576,1
99355,1
85483,1
109902,1
31676,0
41163,1
87385,1
15231,1
102571,1
52508,1
62002,1
86778,1
64873,1
59612,0
65950,1
50317,1
24133,1
70207,1
43578,1
76519,1
33282,1
16433,1
39978,1
56317,1
14242,1
68625,1
94461,1
47177,1
112803,1
110264,1
63081,1
100443,1
23055,1
100700,1
99654,1
9586,0
73947,1
14919,1
49875,0
2860,1
23485,1
64910,1
104987,1
77857,1
103025,0
97284,1
45819,1
39913,1
45013,1
28274,1
77179,1
46350,1
75885,1
42517,1
74874,1
114024,1
19920,1
238,1
26245,1
7660,1
59790,1
98278,1
18991,1
14498,1
5948,1
101167,1
34553,1
74996,1
60820,1
75079,1
10349,0
102616,1
58914,1
55037,1
95619,1
10680,1
60709,1
43774,1
30847,1
50849,1
37918,1
96080,1
22135,1
24604,1
73404,1
67525,1
87507,1
87189,1
78748,1
47594,1
7804,1
67975,1
85997,1
48673,1
19763,1
66313,1
27358,1
8172,1
96344,1
76945,1
3934,1
47411,1
17568,1
18423,1
63094,1
18744,1
10731,1
54431,1
26521,1
21951,1
51116,1
8657,0
5015,1
83220,0
23053,1
59196,1
74335,1
85895,1
107772,1
108524,1
33193,1
87208,1
2452,1
7398,1
77015,1
114322,1
69854,1
3364,1
36587,1
27946,1
100292,1
41043,1
73100,1
89695,1
80746,1
106340,1
29767,1
33490,1
9445,0
95012,1
37832,1
98884,1
85141,1
34814,1
81443,1
81897,1
103405,1
98965,1
39095,0
3061,1
6123,1
54715,1
86472,1
9623,0
25574,1
11251,1
36085,1
86951,1
50588,1
18288,1
28155,1
89432,1
83463,0
1629,1
40151,1
78978,1
68650,1
64538,1
46515,1
86805,1
108977,1
52832,1
77712,1
114136,1
2056,0
24067,1
21506,1
6015,1
21106,1
6647,1
88096,1
58171,1
94583,1
57391,1
94181,1
115939,1
27729,1
17401,1
30609,1
46745,1
72126,1
28830,1
86706,1
75676,1
42154,1
45463,1
75138,1
78455,1
3975,1
103050,1
23733,1
17587,1
98873,1
9179,0
30856,1
75503,1
42916,0
108978,1
9780,0
16025,1
98073,1
66714,1
115137,1
43048,1
94302,1
110221,1
113741,1
56319,1
100596,1
26352,1
107886,1
64141,1
5837,1
17829,1
53616,1
72644,1
108073,1
33053,1
89907,1
104957,1
62402,1
12674,1
58176,1
90036,1
83388,1
102598,1
29778,1
113204,1
58906,1
33290,1
3048,1
49546,1
44713,1
34841,1
64467,1
66236,1
106231,1
29810,1
34747,1
26439,1
31478,1
67603,1
40670,1
110443,1
81548,1
106725,1
64708,1
42844,1
17676,1
59673,0
22277,1
71455,1
65403,1
56309,1
35829,1
17540,1
113870,1
40118,1
103621,1
70227,1
68819,1
54606,1
36524,1
23550,1
2919,1
94452,1
82604,1
109262,1
44771,1
76620,1
88271,1
72009,1
104548,1
52776,1
93238,1
21021,1
41646,1
35732,1
57693,1
36523,1
17388,1
88675,1
74490,1
22354,1
114314,1
70766,1
18748,1
20405,1
30723,1
10934,0
103757,1
30804,1
88399,1
23412,1
103531,1
101246,1
99380,1
112797,1
107776,1
9495,0
7593,1
18866,1
60285,1
25532,1
72618,1
66909,1
51524,1
42095,1
100800,1
56298,1
84971,1
42381,1
54836,1
111836,1
65875,0
63281,1
108395,1
64054,1
46647,1
94965,1
737,1
29473,1
60658,1
8833,0
109725,1
114260,1
76514,1
36417,1
115450,0
27549,1
97107,1
34626,1
45331,1
59683,1
129,1
24977,1
70886,1
61134,1
64967,1
85695,1
4789,1
32398,1
3194,1
31016,1
91779,1
82705,1
47198,1
23324,1
14396,1
30394,1
13149,1
61526,1
36171,1
106654,1
29394,1
25600,1
62325,1
82201,1
68038,1
34421,1
88405,1
37790,1
32750,1
9820,0
33922,1
59629,1
9457,0
55438,1
53629,1
65555,1
102146,1
101736,1
23729,1
1643,1
16277,1
108344,1
62286,1
85523,1
62129,0
35255,1
81526,1
101730,1
68363,1
24942,1
81664,1
56539,1
62425,1
36136,1
99999,1
18640,1
78604,1
30486,1
96643,1
72651,1
27525,1
115304,1
41201,1
44775,1
114793,1
107969,1
42926,1
69336,1
72436,1
50801,1
97729,1
43095,1
24343,1
51466,1
45693,1
106587,1
7894,1
40416,1
11273,1
109486,1
14629,1
90426,1
67519,1
116198,1
10348,0
48988,1
91192,1
74385,1
115420,1
33519,1
10273,0
106224,1
105098,1
95051,0
107401,1
12835,1
65227,1
116022,0
88075,1
100048,1
88644,1
34854,1
103816,1
74130,1
11844,1
51954,1
56210,1
46115,1
107638,1
88378,1
12864,1
54818,1
113660,1
61217,1
35597,1
14718,1
48720,1
101166,1
44220,1
38079,1
15784,1
26520,1
95024,1
101850,1
59954,1
19673,1
93248,1
22343,1
80303,1
86675,1
72035,1
49691,1
112271,1
108273,1
8752,0
48951,1
86743,1
30657,1
67982,1
55416,0
98416,1
111851,1
78886,1
111377,1
109158,1
33556,1
70496,1
28357,0
11123,1
83133,0
19929,1
55262,1
7160,1
47951,1
45999,1
44400,1
18883,1
36180,1
73634,1
10108,0
90884,1
15636,1
32743,1
78142,1
48232,1
72663,1
39137,1
17422,1
24315,1
67271,1
99102,1
50302,1
84475,1
112963,1
80488,1
72925,1
58073,1
56831,1
110540,1
12197,1
8734,0
48838,1
47969,1
54313,1
13368,1
26720,1
69770,1
93558,1
111439,1
74084,1
3291,1
17338,1
18079,1
34720,1
92663,1
110034,1
83514,0
94368,1
103867,1
48086,1
94231,1
10872,1
58188,1
112475,1
17426,1
72102,1
108018,1
97638,1
1783,1
102954,1
48242,1
36230,1
50528,1
97544,1
61109,1
48465,1
106789,1
31795,1
5462,1
71388,1
81844,1
69201,1
111884,1
102661,1
115808,1
103925,1
97186,1
67807,1
101306,1
94485,1
15873,1
105876,1
84958,1
8967,0
115866,0
24657,1
96150,1
17412,1
97897,1
14012,1
50710,1
100237,1
23908,1
26141,1
29190,1
77929,1
41095,1
3449,1
71428,1
10051,0
79711,1
49192,1
106166,1
87123,1
16225,1
55723,1
100431,1
7141,1
20910,1
83470,0
31066,1
42135,1
25028,1
53079,1
81227,1
53106,1
41232,1
80398,1
20343,1
41538,1
78313,1
62185,1
72799,1
73332,1
111912,1
86217,1
91626,1
108070,1
101636,1
69381,1
21705,1
64703,1
100196,1
60582,1
40821,1
83443,0
98749,1
53121,1
88114,1
31087,1
19158,1
81271,1
103960,1
62408,1
663,1
2118,1
85517,1
14071,1
1130,1
63219,1
116177,1
60308,1
83336,0
22233,1
83481,1
5397,1
77255,1
70977,1
32046,1
96576,1
77259,1
24668,1
27571,1
22003,1
114462,1
44258,1
5620,1
31952,1
101600,1
15064,1
1238,1
6659,1
59757,1
6109,1
104930,1
55215,0
82720,1
15583,1
38892,1
106842,1
104294,1
81984,1
48322,1
58168,1
91070,1
61671,1
67442,1
108637,1
113995,1
77952,0
6661,1
6967,1
39427,1
18280,1
106791,1
50511,1
50701,1
12303,1
81993,1
15303,1
73537,1
22032,1
71612,1
104396,1
27949,1
86861,1
39235,1
70459,1
41098,1
47452,1
75096,1
32628,1
71779,1
63960,1
15324,1
21387,1
58920,1
93528,1
10960,1
97281,1
71152,1
30011,1
108062,1
95614,1
2064,1
63554,1
79031,1
24512,1
101203,1
42949,1
68285,1
114216,1
52189,1
51712,1
71641,1
62126,1
92721,1
57353,1
63560,1
24119,1
2802,1
100862,1
107636,1
9145,0
14878,1
47728,1
86643,1
25906,1
87007,1
100635,1
42369,0
101671,1
83190,0
66640,1
21236,1
91803,1
91740,1
91104,1
15015,1
89834,1
108193,1
41516,1
112310,1
33700,1
75940,1
100419,1
116842,0
14333,1
97972,1
20171,1
30284,1
81136,1
68117,1
23216,1
113156,1
91320,1
116186,1
61572,1
32406,1
55208,0
37555,1
52342,1
64854,1
2076,1
43794,1
25666,1
85040,1
22820,1
2674,1
99580,1
21383,1
72832,1
27190,1
81113,1
14834,1
97430,1
68172,1
58,0
33241,1
28207,1
48503,1
104667,1
30129,1
80869,1
115523,1
21747,1
39044,1
65231,1
12559,1
75276,1
84131,0
49212,1
114370,1
1293,1
37664,1
87409,1
81909,1
96777,1
110425,0
104078,1
7121,1
5166,1
48070,1
88257,1
79566,1
33050,1
25333,1
104103,1
45166,1
15494,1
58900,1
61040,1
90693,1
70815,1
98386,1
110854,1
75952,1
33087,1
116368,0
5250,1
38292,1
17044,1
60985,1
83537,1
16011,1
41353,1
72553,1
80516,1
92040,1
11330,1
64320,1
93339,1
32573,1
66538,1
78885,1
26234,1
30273,1
113779,1
49336,1
39491,0
95253,1
75681,1
75453,1
45111,1
114960,1
89170,1
58730,0
37693,1
14323,1
110140,1
102941,1
9047,0
108187,1
70218,1
61683,1
76922,1
71469,1
44941,1
2953,1
1607,1
54391,1
95561,1
88876,1
113658,1
61589,1
92422,1
16285,1
8291,1
61102,1
93749,1
114539,1
37204,1
96384,1
21053,1
89379,1
27041,1
106025,1
23118,1
91954,1
8129,1
66189,1
84224,0
83345,0
54459,1
86545,1
16148,1
863,1
24798,1
69081,1
79632,1
82633,0
102512,1
114379,0
42530,1
46454,1
10473,0
22516,1
55090,1
2821,1
18405,1
79624,1
92724,1
2164,1
5280,1
18940,1
103332,1
28183,1
39857,1
93565,1
19728,1
112606,1
101138,1
104076,1
100394,1
82673,1
67699,1
109258,1
66786,1
76454,1
74354,1
42837,0
36734,1
105184,1
49029,1
64480,1
39909,1
4983,1
32977,1
16139,1
28330,1
87408,1
115560,1
105370,1
69192,1
64482,1
59810,1
102055,1
1561,1
87829,1
106894,1
96666,1
41753,1
70627,1
22880,1
72123,1
72502,1
104556,1
63944,1
115616,0
26761,1
25277,1
114716,1
86850,1
53009,1
99848,1
5950,1
13385,1
82168,0
41730,1
111799,1
102685,1
69535,1
3970,1
95146,1
63327,1
59430,1
116241,0
100705,1
13601,1
54918,1
37078,1
2589,1
75842,1
50155,1
71834,1
40462,1
78763,1
42967,1
113431,1
77982,1
4721,1
16066,1
65994,1
78303,1
101373,1
2555,0
44557,1
94978,1
28805,1
107431,1
116465,1
58228,1
76625,1
87486,0
107832,1
69925,1
106632,1
15489,1
68089,1
113918,1
44138,1
85759,1
75656,1
64512,1
75400,1
26671,1
69393,1
9369,0
24125,1
19861,1
1010,1
43614,1
48708,1
5363,1
1505,1
111409,1
42734,1
90488,1
22695,1
38233,1
79552,1
101426,1
66470,1
19283,1
40565,1
76955,1
114214,1
89117,1
115916,0
56550,1
34111,1
49079,1
24935,1
33542,1
7407,1
17013,1
14860,1
91071,1
3086,1
116481,1
84874,1
30340,1
32486,1
59395,1
10246,0
60360,1
65282,1
88517,1
113271,1
88636,1
17748,1
40711,1
57114,1
96531,1
94430,1
94279,1
58620,1
56795,1
68040,1
31828,1
21148,1
105422,1
8389,1
37739,1
91280,1
90506,1
102915,1
20099,1
28184,1
40382,1
59998,1
68464,1
23088,1
82096,1
23659,1
50526,1
31147,1
50775,1
50388,1
67770,1
77891,1
21536,1
22102,1
115919,1
85924,1
108851,1
35162,1
79199,1
61340,1
24883,1
5769,1
85237,1
20547,1
18946,1
49057,1
22068,1
85666,1
26255,1
76202,1
40540,1
66863,1
6613,1
89716,1
96171,1
52237,1
68812,1
97981,1
81256,1
8083,1
92211,1
500,1
70112,1
2335,1
103836,1
76757,1
77001,1
75422,1
97979,1
71011,1
78461,1
16652,1
518,1
32151,1
7159,1
100521,1
53968,1
6360,1
109319,1
26583,1
67894,1
87943,1
56141,1
31280,1
6654,1
50089,1
45452,1
17373,1
59613,0
85379,1
57277,1
115720,1
59478,1
4965,1
37117,1
10046,0
52271,1
11226,1
83130,0
76907,0
78609,1
64057,1
74031,1
103218,1
6218,1
25236,1
104977,1
55499,1
104660,1
52196,1
27566,1
116831,0
15634,1
62898,1
109168,1
42278,1
1769,1
26283,0
36476,1
86796,1
51940,1
81673,1
32746,1
55831,1
73162,1
114444,1
23814,1
67035,1
52714,1
49282,1
102110,1
27835,1
112317,1
86800,1
61064,1
21302,1
31423,1
111749,1
21966,1
9815,0
94036,1
13786,1
34593,1
60521,1
103714,1
36672,1
105590,1
15648,1
65696,1
56790,1
29178,1
22061,1
22150,1
92099,1
65228,1
102442,1
116719,0
34984,1
39097,1
68531,1
28368,1
63969,1
98962,1
33166,1
97730,1
27371,1
29974,1
71448,1
106468,1
20455,1
107077,1
10306,0
12943,1
24723,1
14877,1
58260,1
94817,1
101849,1
105046,1
113616,1
46339,1
27799,1
58528,1
68748,1
81439,1
91005,1
64600,1
49527,1
111130,1
48197,1
20426,1
65499,1
35085,1
85159,1
57879,1
32780,1
95825,0
9907,0
48415,1
366,1
96623,1
56959,1
18910,1
67902,1
8669,0
52357,1
51042,0
116815,1
70739,1
94194,1
63783,1
64175,1
62072,1
38734,1
107082,1
111447,1
97031,1
70631,1
83608,1
79244,1
23057,1
61248,1
20998,1
77661,1
45897,1
23533,1
108726,1
2665,1
62461,1
6033,1
16925,1
63545,1
53974,1
24230,1
31253,1
30694,1
49606,1
75751,1
39726,1
65700,1
61196,1
55892,1
112941,1
8303,1
46627,1
64165,1
99139,1
105318,1
67388,0
57443,1
109717,1
113926,1
16120,1
10663,1
43724,1
58177,1
73398,0
4787,1
89007,1
59051,1
82174,1
26925,1
100374,1
91414,1
4474,1
8261,1
76147,1
43491,1
12279,1
78108,1
61274,1
112788,1
41534,1
33701,1
4355,1
110846,1
28887,1
54957,1
106671,1
77223,1
46429,1
24283,1
114230,1
43152,1
52092,1
113925,1
113791,1
100062,1
16238,1
80799,1
87851,1
109631,1
15554,1
11066,1
8262,1
97759,1
21859,1
27280,1
22380,1
6472,1
110650,1
69951,1
68783,1
77755,1
80672,1
52331,1
109188,1
85220,1
17336,0
12907,1
106830,1
52499,1
57072,1
5000,1
105333,1
102212,1
89451,1
113869,1
103583,1
109496,1
42500,0
93949,1
27273,1
26862,1
45959,1
79314,1
74221,1
114280,1
14990,1
9039,0
79172,1
35178,1
16208,1
88571,1
111343,1
80145,1
11170,1
114740,1
65382,1
87367,1
17458,1
28842,1
50924,1
72042,1
62197,1
59331,1
54337,1
85125,1
8366,1
44158,1
25909,1
88768,1
82632,1
111438,1
3936,1
10176,0
68340,1
8043,1
55491,1
49456,1
12703,1
103997,1
61743,0
68582,1
40533,1
45588,1
113540,1
33959,1
104083,1
58194,1
72613,1
59184,1
40658,1
87995,1
28570,1
52158,1
43773,1
17335,1
74264,1
106486,1
80337,1
32076,1
94467,1
48402,1
45076,1
33236,1
13012,1
43188,1
26558,1
22483,1
15846,1
4257,1
96517,1
29312,1
49769,1
94682,1
66846,1
5054,1
22289,1
68787,1
14281,1
88659,1
115018,1
93659,1
19644,1
77593,1
101780,1
18371,1
32548,1
114909,1
67009,1
8758,0
91512,1
56416,1
86732,1
75937,1
84749,1
23707,1
23395,1
114739,1
58465,1
97079,1
79491,1
8699,0
107482,1
29533,1
38286,1
67158,1
44361,1
91797,1
3526,1
116853,1
10027,0
83796,1
17245,1
14618,1
101689,1
113932,1
87187,1
42002,1
10782,1
77670,1
58326,1
80520,1
77331,1
89751,1
87844,1
17167,1
2596,1
68843,1
70333,1
78950,1
20872,1
78872,1
82297,1
82277,1
34810,1
114902,1
8724,0
80221,1
97630,1
52185,1
33368,1
58209,1
56578,1
7504,1
10426,0
99022,1
56333,1
20449,1
14319,1
10384,0
184,1
4352,1
115316,1
23528,1
96460,1
22448,1
46861,1
101486,1
24194,1
15154,1
5840,1
79923,1
6563,1
90674,1
90725,1
67963,1
114467,1
109939,1
112419,1
36153,1
113114,1
86843,1
113454,1
60062,1
80107,1
82747,1
23438,0
58600,1
14708,1
95898,0
5385,1
10832,1
61724,1
62001,1
63427,0
38785,1
20943,1
81998,1
18669,1
41298,0
6473,1
25912,1
13690,1
66008,1
98757,1
4681,1
60262,1
95334,1
45678,1
34889,1
87789,1
114478,1
100573,1
75893,1
10119,0
20511,1
70585,1
44588,1
86491,1
1528,1
15819,1
24956,1
3773,1
29696,1
84677,0
35658,1
38135,1
37622,1
85455,1
67561,1
82055,1
95249,1
59919,1
14735,1
98563,1
85856,1
98448,0
113757,1
12937,1
72652,1
73638,1
60857,1
62103,1
31139,1
27326,1
33952,1
92199,1
110179,0
107908,1
72561,1
3006,1
53149,1
105951,1
6566,1
66775,1
43874,1
107729,1
11480,1
98677,1
3044,1
65961,1
14751,1
51163,1
14178,1
21652,1
29954,1
70229,1
38130,1
5316,1
44104,1
88730,1
53516,1
102490,1
35194,1
16490,1
72392,1
72551,1
101563,1
4111,1
31668,1
101887,1
60558,1
90141,1
93770,1
90627,1
4799,1
30276,1
43888,1
79118,1
36679,1
110188,1
116192,1
115312,1
109897,1
9879,0
101451,1
111244,1
74236,1
116055,1
68659,1
40430,1
76126,1
92838,1
32646,1
9305,0
53177,1
45986,1
73229,1
90485,1
58813,1
27569,1
1436,1
16312,1
103428,1
30498,1
23453,1
17659,1
32806,1
49862,1
82910,1
56377,1
9901,0
51284,0
35886,1
36622,1
26038,1
104426,1
77865,1
27484,1
64771,1
76293,1
77173,1
74590,1
75577,1
28892,1
18066,1
90216,1
26296,0
74900,1
68206,1
92511,1
20551,1
113172,1
41598,1
4132,1
81288,1
82486,1
55919,1
90893,1
60972,1
97288,1
63910,1
79030,1
103936,1
94576,1
110496,1
70917,1
5315,1
54610,1
12420,1
32664,1
45489,1
94067,1
114391,1
23563,1
59886,1
46025,1
39238,0
88867,1
113697,1
74967,1
81363,1
15782,1
26219,1
18179,1
6834,1
105009,1
30716,1
17441,1
75692,1
40455,1
68165,1
7699,1
30473,1
26543,1
35319,1
99664,1
4522,1
60135,1
16829,1
34169,1
58065,1
53952,1
101910,1
94369,1
98567,1
68079,1
21007,1
50646,1
10467,0
102369,1
51312,1
24996,1
16246,1
16668,1
32419,1
81478,1
33766,1
35650,1
63867,1
104220,1
65267,1
86940,1
56306,1
98911,1
97445,1
40129,1
7169,1
94890,1
63766,1
77734,1
28410,1
17384,1
29945,1
95797,1
27821,1
37049,1
89119,1
111386,1
70069,1
49454,1
19491,1
78478,1
95603,1
23914,1
86512,1
23424,1
9748,0
27967,1
74005,1
52813,1
17809,1
41120,1
87346,1
95773,1
2379,1
40168,1
17545,1
111,1
62996,1
79544,1
24726,1
89244,1
99905,1
98366,1
9388,0
28893,1
69082,1
69939,1
7393,1
96226,1
34142,1
39242,1
98173,1
88078,1
90576,1
105245,0
56332,1
73883,1
5702,1
72656,1
23404,1
27383,1
65907,1
56105,1
47419,1
4942,1
6259,1
81098,1
56751,1
103089,1
50697,1
5942,1
39244,1
29654,1
102398,1
110087,1
59486,1
91291,1
17032,1
102532,1
52927,1
47387,1
72870,1
94176,1
70366,1
55372,0
90027,1
90381,1
98514,1
75667,1
10431,0
69187,1
60301,1
23795,1
3684,1
59784,1
32294,1
85078,1
95049,1
35249,1
79324,1
50254,1
18242,1
72439,1
35416,1
7532,1
15234,1
23703,1
90941,1
51408,0
34370,1
87073,1
48469,1
92890,1
14372,1
52627,1
106848,1
15329,1
89934,1
102362,1
9461,0
103382,1
9840,0
72657,1
82646,1
7464,1
56955,1
114573,1
22205,1
52452,1
35139,1
107089,1
89788,1
95072,1
21159,1
15930,1
44845,1
34592,1
62985,1
62798,0
76034,1
19796,1
3851,1
64889,1
28514,1
16746,1
115026,1
30982,1
22426,1
97047,1
26732,1
43200,1
60840,1
43085,1
36375,1
15589,1
92995,1
64409,1
110457,1
38921,1
89043,1
1320,1
115521,1
43336,1
116704,0
54532,1
55332,1
40078,1
18330,1
109827,1
101041,1
49607,1
83063,0
8486,1
66087,1
72812,1
20860,1
62294,1
96665,1
90510,1
54486,1
35571,1
17430,1
52221,1
101921,1
94,1
24009,1
100314,1
33682,1
103422,1
80382,1
113789,1
102091,1
97507,1
88279,1
45056,1
35380,1
14393,1
594,1
10633,1
113208,1
69377,1
40641,1
39979,1
105928,1
98355,1
77084,1
109518,1
45101,1
109194,1
88112,1
106697,1
59019,1
19163,1
62244,1
103195,1
42889,1
4901,1
18383,1
41521,1
114625,1
21529,1
90352,1
21952,1
38349,1
114999,1
40878,1
67170,1
64334,1
98853,1
31509,1
89322,1
103014,1
51843,1
91729,1
93430,1
44345,1
75207,1
109113,1
112913,1
17310,1
91610,1
28750,1
53243,1
45511,1
43098,1
14002,1
30399,1
55043,1
42800,1
98798,1
13621,1
97724,1
17716,0
41992,1
5149,1
15115,1
85186,1
43290,1
19072,1
83634,1
211,1
100805,1
110090,1
38805,1
41291,0
13065,1
62969,1
20239,1
83098,0
90042,1
89438,1
45073,1
44858,1
79777,1
16007,1
59225,1
94897,1
59232,1
24892,1
59267,1
101258,1
27426,1
109923,1
103866,1
80589,1
44109,1
115518,1
68354,1
8250,1
5362,1
62497,1
98524,1
73758,1
6385,1
100996,1
15169,1
108313,1
113202,1
33844,1
13246,1
18318,1
88176,1
113068,1
28305,0
29032,1
114124,1
106780,1
107001,1
66404,1
94727,1
114698,1
96854,1
67501,1
54462,1
987,1
56967,1
18409,1
25176,1
63123,1
74893,1
21695,1
98151,0
93057,1
70499,1
36895,1
108894,1
87171,1
40449,1
9280,0
32309,1
30632,1
65158,1
2928,1
81032,1
83710,1
30412,1
30358,1
1908,1
30932,1
96917,1
88627,1
58574,1
20529,1
105479,1
61331,1
80294,1
34361,1
92313,1
4383,1
89447,1
17084,1
97375,1
7443,1
55597,0
103303,1
11885,1
47345,0
64006,1
14306,1
61339,1
94414,1
91426,1
26998,1
52268,1
53494,1
82678,0
72134,1
116970,1
52236,1
106887,1
98342,1
58799,1
100343,1
21658,1
48171,1
106649,1
72739,1
84814,0
112211,1
37814,1
37690,1
37355,1
94482,1
42864,1
43634,1
74781,1
39492,1
110603,1
70392,1
8698,0
19359,1
17408,1
73108,1
93566,1
76614,1
81190,1
35575,1
30416,1
20724,1
76008,1
12270,1
8496,1
34469,1
46533,1
18477,1
67261,1
74714,1
115550,1
74356,1
31786,1
86053,1
82172,1
37850,1
511,1
89627,1
87688,1
105663,1
104423,1
3333,1
99922,1
24789,1
56586,0
94079,1
102279,1
25444,1
39618,1
51500,1
71610,1
54812,1
90854,1
4544,1
57520,1
43610,1
59145,1
84590,1
6940,1
78437,1
89772,1
83385,0
109519,1
7222,1
62151,1
59547,1
65285,1
51542,1
70233,1
21881,1
65841,0
116412,0
65296,1
5378,1
15582,1
8573,1
25511,1
8367,1
28432,1
108800,1
24940,1
66198,1
50513,1
35764,1
28981,1
66063,1
70043,1
115698,1
8631,0
85701,1
28702,1
49581,1
24064,1
53533,1
97540,1
34764,1
29011,1
54033,1
37550,1
87063,1
34052,1
17610,1
35572,1
99731,1
55342,1
108657,1
54235,1
903,1
73124,1
41091,1
88367,1
49150,1
62059,1
79865,1
63176,1
15414,1
49237,1
79417,1
114940,1
18642,1
112776,1
35847,1
103951,1
6389,1
24550,1
75188,1
52168,1
106696,1
74642,1
101993,1
37756,1
81551,1
50805,1
1532,1
35059,1
15657,1
9449,0
23021,1
68617,1
108556,1
79424,1
41230,1
41401,1
24575,1
75214,1
48239,1
80946,1
100796,1
18366,1
42637,0
90197,1
3685,1
42185,1
11202,1
100938,1
13421,1
56078,1
47958,1
27299,1
116285,1
11564,1
33521,1
31644,1
73678,1
74180,1
69599,1
40751,1
113285,1
104729,1
53294,1
109495,1
96554,1
102361,1
19727,1
41576,1
84358,0
68894,1
34837,1
30194,1
83115,0
87144,1
107912,1
59696,1
60895,1
25654,1
63908,1
11341,1
2175,1
110164,1
8816,0
37851,1
81046,1
61177,1
53257,1
40799,1
13111,0
14425,1
85470,1
15065,1
98861,1
63165,1
4521,1
6402,1
83274,0
101415,1
40225,1
85333,1
68173,1
113614,1
66635,1
9664,0
80253,1
20,0
90546,1
50235,1
113274,1
6450,1
63179,1
47252,1
81251,1
115155,1
11748,1
37996,1
82911,1
4920,1
103019,1
112346,1
71979,1
54210,1
8163,1
38176,1
58249,1
108160,1
99142,1
14255,1
113707,1
12699,1
108914,1
57290,1
10908,1
47310,1
45538,1
76830,1
90629,1
85971,1
70543,1
19523,1
62014,1
79538,1
93885,1
24583,1
97779,1
20439,1
14642,1
33550,1
21134,1
17197,1
46221,1
19708,1
7883,1
97158,1
62444,1
22631,1
50075,1
74258,1
27617,1
95719,1
86388,1
3107,1
7925,1
62670,1
57228,1
111575,1
90091,1
62398,1
114438,1
26269,1
56006,1
35592,1
99235,1
80291,1
51603,1
55822,1
105749,1
77017,1
77761,1
30802,1
89515,0
27075,1
66836,1
69057,1
50021,1
57396,1
108581,1
85745,1
35342,0
72036,0
55013,1
98651,1
101141,1
51782,1
110475,1
81924,1
48022,1
87520,1
60067,1
9597,0
83785,1
86009,1
59262,1
9711,0
52433,1
106135,1
47455,1
83420,0
60945,1
39776,1
85151,1
51534,1
36725,1
115727,0
6820,1
41848,1
66600,1
90918,1
116953,0
95351,1
39423,1
96819,1
97449,1
72869,1
71642,1
75499,1
62931,1
14507,1
80383,1
62805,1
98636,1
20373,1
58027,1
3692,1
72402,1
113518,1
1600,1
113055,0
43154,1
7814,1
49349,1
39008,1
83000,1
6734,1
4288,1
85827,1
22580,1
24514,1
26875,1
53619,1
72323,1
58334,1
58582,1
45206,1
56878,1
89865,1
5631,1
97631,1
106271,1
113351,1
23798,1
32521,1
31566,1
89976,1
71857,1
96085,1
108159,1
84120,0
58513,1
104160,1
100071,1
1110,1
46698,1
89609,1
74062,1
74570,1
47774,1
8382,1
62866,1
58704,1
87643,1
30008,1
45266,1
100524,1
23634,1
77582,1
56690,1
46062,1
63303,1
116724,1
81512,1
112677,1
50659,1
82702,1
27912,1
92167,1
108002,1
101668,1
42756,1
47941,1
76868,1
26008,1
59577,1
63130,1
100432,1
104438,1
183,1
9511,0
35934,1
116662,1
107453,1
21311,1
64509,1
73029,1
104042,1
106491,1
34723,1
109479,1
41721,1
36855,1
56441,1
28255,1
55715,1
23504,1
112445,1
533,1
56144,1
3830,1
37193,1
37403,1
22525,1
12985,1
114991,1
63967,1
99844,1
26173,1
46666,1
110564,1
89363,1
91378,1
52044,1
114594,1
86209,1
87267,1
52129,1
116315,1
25530,1
87680,1
73563,1
3992,1
24667,1
79059,1
46303,1
104886,1
59739,1
17950,1
38218,1
74638,1
37282,1
59402,1
57026,1
54913,1
105054,1
15729,1
92758,1
28106,1
34312,1
15668,1
3881,1
10796,1
70047,1
85097,1
10991,1
62683,1
27476,1
83201,0
73820,1
22559,1
25727,1
21971,1
26044,1
59618,1
88293,1
79968,1
9321,0
92694,1
4642,1
6320,1
82579,1
3055,1
48875,1
12318,1
109802,1
27293,1
3599,1
22286,1
25741,1
32683,1
109231,1
34555,1
39433,1
17745,1
3307,1
26539,1
7282,1
30161,1
112851,1
38398,1
34072,1
36807,1
62651,1
102815,1
52748,1
60746,1
85834,1
12644,1
55412,0
2407,1
111003,1
98923,1
18728,1
35844,1
71427,1
26883,1
87667,1
52182,1
110877,1
61608,1
18510,1
40663,1
28562,1
87110,1
67346,1
84297,0
112065,1
56680,1
84715,1
11095,1
41205,1
59314,1
51869,1
32925,1
4076,1
73916,1
3577,1
100570,1
71745,1
55008,1
9335,0
105341,1
98475,0
6114,1
48599,1
33939,1
57295,1
20773,1
80913,1
29164,1
9859,0
104486,1
52165,1
50658,1
105988,1
99761,1
78930,1
109990,1
18953,1
56289,1
3206,1
65488,1
5630,1
99425,1
116142,0
72781,1
32735,1
32145,1
82418,1
58360,1
57033,1
4112,1
22455,1
95192,1
86219,1
89616,1
43319,1
116003,0
108716,1
25874,1
45134,1
99945,1
99094,1
57205,1
81008,1
22218,1
101867,1
68868,1
51943,1
48586,0
16772,1
79036,1
36126,1
38669,1
34094,1
94593,1
55046,1
27215,1
87748,1
50802,1
97520,1
27257,1
4959,1
78183,1
17223,1
95758,1
71301,1
34189,1
89350,1
9966,0
15624,1
39309,1
33709,1
6641,1
84482,1
44436,1
112541,1
10002,0
9765,0
63788,1
16442,1
113948,1
23397,1
89241,1
53839,1
2696,1
28793,1
25107,1
73667,1
8498,1
48657,1
113620,1
24767,1
39879,1
84084,0
112328,1
74974,1
100668,1
43722,1
48566,1
98261,1
5028,1
79637,1
72354,1
10745,1
55178,1
75396,0
43315,1
43201,1
49986,1
108443,1
40178,1
54795,1
32286,1
26465,0
112084,1
82598,1
68078,1
109199,1
89247,1
89157,1
52148,1
110918,1
113596,1
87812,1
24365,1
15675,1
38502,0
87221,1
41277,1
44153,1
58473,1
12020,1
20096,1
94410,1
98983,1
102088,1
3902,1
84124,0
72597,1
9236,0
94266,1
87725,1
107675,1
84437,1
91544,1
37322,1
44040,1
73346,1
22940,1
96319,1
69537,1
102470,1
59817,1
19755,1
16204,1
69903,1
85180,1
23301,1
55983,1
23901,1
57954,0
11467,1
74526,1
49956,1
28548,1
43381,1
26863,1
83704,1
112504,1
87681,1
26437,1
11640,1
66084,1
29376,1
111827,1
51142,1
83323,0
11952,1
101836,1
16575,1
74855,1
116964,1
67156,1
29236,1
29202,1
22253,1
71548,1
16820,1
86813,1
5008,1
98752,1
86479,1
4297,0
103484,1
115334,1
93141,1
78591,1
102338,1
73071,1
45414,1
112787,1
108086,1
99539,1
33895,1
35548,1
1799,1
101424,1
59241,1
56160,1
2387,1
84954,1
63140,1
107623,1
79858,1
85642,1
78743,1
31500,1
6066,1
3512,1
23384,1
77169,1
38698,1
95638,1
94075,1
40324,1
91279,1
73352,1
19014,1
45344,1
38526,1
20672,1
72231,1
115641,1
112059,1
57788,1
26913,1
2263,1
7802,1
97289,1
3145,1
100049,1
3260,1
94825,1
42176,1
27385,1
17229,1
73809,1
69407,1
103730,1
67310,1
113611,1
79587,1
68376,1
31949,1
81165,1
83533,0
100376,1
73905,1
92529,1
90341,1
50010,1
22502,1
53233,1
1511,1
31695,1
66480,1
87778,1
48786,1
37956,1
101924,1
13117,1
83654,1
15376,1
115553,1
13698,1
93361,1
49625,1
12803,1
58584,1
88941,1
46491,1
83766,1
68315,1
85727,1
41783,1
105223,0
90726,1
114427,1
115677,1
87745,1
48897,1
83817,1
51003,0
39925,1
47931,1
67839,1
14039,1
50833,1
50604,1
39536,1
59453,1
48737,1
36719,1
106446,1
75093,1
27494,1
11148,1
99619,1
29672,1
21784,1
75205,1
49451,1
96190,1
17234,1
90203,1
68358,1
20010,1
2246,1
85587,0
13392,1
16220,1
76759,1
55535,1
71622,1
53270,1
90709,1
87287,1
25801,1
1711,1
79386,1
66252,1
89711,1
83984,0
66905,1
37869,1
66940,1
35865,1
88087,1
4329,1
111199,1
107920,1
7867,1
78515,1
106261,1
42340,1
84731,1
82694,1
18680,1
21230,1
3657,1
61050,1
114192,1
51105,1
82938,1
47940,1
24241,1
24408,1
54091,1
21032,1
8981,0
5969,1
112067,1
48155,1
99890,1
80015,1
28088,1
36551,1
38400,1
67804,1
106458,1
3392,1
46126,1
107962,1
76968,1
105695,1
17077,1
24680,1
60664,1
18675,1
59263,1
68623,1
16484,1
27086,1
51630,1
54583,1
97803,1
59967,1
26485,0
34297,1
1286,1
48398,1
15059,1
103319,1
102426,1
12454,1
21699,1
71074,1
17215,1
47475,1
116784,0
100541,1
18227,1
57435,1
97898,1
22564,1
34404,1
83290,0
63038,1
78766,1
57263,1
39181,1
1845,1
7501,1
9566,0
108706,1
86058,1
69217,1
61471,1
110783,1
5452,1
704,1
79741,1
41457,1
22444,1
92999,1
52771,1
114824,1
7425,1
44787,1
20765,1
44763,1
25301,1
89100,1
100041,1
48328,1
97458,1
62019,1
112750,1
3549,1
1766,1
106395,1
103829,0
91685,1
30580,1
42448,1
21291,1
101725,1
76068,1
87084,1
52275,1
13200,1
15233,1
92104,1
112671,1
75846,1
9643,0
76960,1
53790,1
96453,1
95279,1
25835,1
57389,1
50907,1
50807,1
45610,1
30484,1
92643,1
75911,1
25185,1
71973,1
52474,1
91277,1
27097,1
9665,0
84511,1
53013,1
84046,0
92862,1
77192,1
25587,1
19336,1
18472,1
43436,1
981,1
77605,1
36025,1
62814,0
52647,1
5267,1
76465,1
62303,1
25822,1
47963,1
17184,1
64289,1
31661,1
89590,1
9675,0
75174,1
111946,1
52442,1
15958,1
22333,1
54643,1
63853,1
50668,1
90450,1
114261,1
51222,1
37822,1
13566,1
70402,1
88377,1
35200,1
105802,1
97904,1
32499,1
17903,1
109543,1
102549,1
5285,1
113709,1
90998,1
6584,1
35985,1
73202,1
2024,1
23696,1
7188,0
62907,1
93925,1
66332,1
97169,1
71310,1
21797,1
107095,1
100105,1
27685,1
91860,1
15389,1
95220,1
89690,1
103471,1
16258,1
42082,1
52253,1
112416,1
116119,0
87242,1
60611,1
26,0
38533,1
43815,1
19483,1
17177,1
84891,1
82629,1
45291,1
10248,0
38839,1
5700,1
107171,1
13536,1
105577,1
70478,1
72776,1
52798,1
78000,1
40728,1
22838,1
37886,1
18615,1
80591,1
22388,1
17974,1
15828,1
110864,1
72008,1
114807,1
109638,1
71062,1
83512,0
46901,1
45810,1
45891,1
96368,1
1082,0
20758,1
30183,1
35989,1
52833,1
18687,1
95737,1
47950,1
19930,1
60669,1
97282,1
10596,0
52879,1
72048,1
12787,1
101936,1
77097,1
115135,1
35481,1
22540,1
39115,0
39593,1
11143,1
47289,1
3959,1
83824,1
38493,1
24644,0
108818,1
65180,1
62982,1
434,1
75922,1
116384,0
25370,1
51986,1
2203,1
85365,1
100275,1
30041,1
48634,1
115065,1
72498,1
74237,1
40274,1
85687,1
33069,1
112385,1
38397,1
74289,1
27597,1
101009,1
15174,1
76639,1
49895,1
25710,0
103611,1
110757,1
87298,1
103808,1
43175,1
68774,1
97095,1
7240,1
63332,1
53389,1
17316,1
96204,1
41150,1
27272,1
107379,1
115530,1
77413,1
85404,1
110575,1
79180,1
42477,1
100530,1
15945,1
44297,1
34136,1
36972,1
12210,1
30806,1
87185,1
65365,1
81527,1
10712,1
7066,1
37830,1
83805,1
74081,1
83205,1
75871,1
42213,1
67471,1
28582,1
4899,1
58282,1
105339,1
10662,1
62906,1
53143,1
3447,1
99489,1
89756,0
58122,1
19405,1
107830,1
24911,1
46764,1
109439,1
42723,1
88131,1
92676,1
65283,1
15402,1
95930,1
4595,1
47836,1
44852,1
62813,1
46281,1
54499,1
19362,1
64037,1
73062,1
12194,1
55685,1
26714,1
91043,1
88782,1
70678,1
81049,1
112865,1
54145,1
31276,1
78883,1
3811,1
13123,1
2291,1
17600,1
55916,1
69139,1
13286,1
109328,1
16040,1
102144,1
43473,1
37930,1
113733,1
1659,1
59414,1
69329,1
29022,1
82762,1
68513,1
89328,1
77754,1
77810,1
37367,1
102801,1
46629,1
24288,1
94711,1
88287,1
84983,1
65687,1
74727,1
17175,1
94376,1
116929,1
84553,1
11755,1
58951,1
76948,1
38289,1
71540,1
39142,1
107110,1
73695,1
65195,1
115388,1
9428,0
81748,1
93012,1
108003,1
98318,1
46612,1
23765,1
27503,1
87561,1
106777,1
71458,1
32400,1
113724,1
20875,1
91250,1
91801,1
89987,1
33948,1
71873,1
98829,1
16482,1
2606,1
76586,1
103540,1
87659,1
6414,1
7038,1
5,0
81662,1
19547,1
11663,1
70949,1
49613,1
60955,1
440,1
69001,1
97317,1
115738,0
44322,1
93926,1
67474,1
9117,0
18909,1
4870,1
88003,1
6565,1
73511,1
82805,1
83045,1
27460,1
93826,1
7704,1
82427,1
102844,1
114970,1
70605,1
46458,1
27603,1
89142,1
74944,1
90179,1
104559,1
81985,1
104786,1
24647,1
115412,1
29281,1
7664,1
78655,1
110560,1
9821,0
33064,1
106834,0
6457,1
79781,1
42269,1
80541,1
110971,1
27219,1
12875,1
72717,1
89966,1
78443,1
8302,1
21330,1
96129,1
59799,1
53900,1
25465,1
49979,1
115336,1
99059,1
69070,1
13727,1
73920,1
22873,1
4454,1
3515,1
91257,1
83301,0
24496,1
57805,1
45104,1
36660,1
68149,1
58390,1
22560,1
62708,1
60523,1
26567,1
9953,0
56087,1
28522,1
17959,1
55735,1
114177,1
99887,1
24276,1
50672,1
116643,0
1617,1
14219,1
12121,1
106810,1
9522,0
63825,1
107906,1
97869,1
94524,1
37697,1
89541,1
17693,1
86978,1
41751,1
91786,1
106543,1
84238,0
63238,1
42597,1
65941,1
16603,1
4123,1
99728,1
82979,1
46326,1
74292,1
67573,1
24331,1
66558,1
106150,1
7434,1
76421,1
100731,1
16650,1
51798,1
63797,0
94925,1
58013,1
52979,1
56132,1
99655,1
30624,1
93260,0
108087,1
49107,1
75801,1
97616,1
107220,1
53817,1
13305,1
1263,1
8539,1
85504,1
57065,1
56624,1
39386,1
51993,1
82971,1
86682,1
105731,1
42628,1
37305,1
59332,1
45906,1
101384,1
18394,1
114422,1
10845,1
52669,1
395,1
58841,1
16488,1
58046,1
47458,1
54592,1
74796,1
100015,1
61455,1
116274,0
32099,1
25168,1
74474,1
74486,1
6858,1
99605,1
96669,1
115434,1
116955,0
44552,1
28475,1
48481,1
38187,1
92404,1
116547,1
95729,1
17279,1
112380,1
69786,1
12196,1
1225,1
40403,1
6408,1
21662,1
61336,1
44293,1
70290,1
100592,1
6955,1
111310,1
74155,1
24346,1
102917,0
31351,1
109248,1
4860,1
80978,1
59819,1
98092,1
106223,1
77701,1
106527,1
22650,1
31514,1
94791,1
16676,1
52948,1
75955,1
97555,0
15467,1
57324,1
111326,1
9466,0
14568,1
83969,0
65308,1
83828,1
60167,1
91820,1
20471,1
28004,1
82025,1
89622,1
54862,1
43168,1
91987,1
55420,0
78629,1
83100,0
17878,1
81981,1
54348,1
80093,1
115627,0
14407,1
87342,1
28069,0
111207,1
100464,1
34227,1
92116,1
37116,1
115062,1
87278,1
88294,1
5967,1
34954,1
100738,1
56488,0
10995,1
98756,1
24687,1
89449,1
26162,1
50547,1
31335,1
48226,1
3889,1
10866,1
64274,1
64666,1
82516,1
29427,1
100683,1
59220,1
11055,1
5639,1
70385,1
68835,1
64,1
101400,1
101309,1
83468,0
13672,1
19416,1
30755,1
108847,1
7970,1
55235,1
71718,1
15591,1
12661,1
59526,1
69392,1
86379,1
39369,1
48166,1
10223,0
83749,1
54649,1
111576,1
103669,1
63924,1
79794,1
22222,1
80989,1
75973,1
17868,1
81352,1
55240,1
109807,1
51224,1
89301,1
103263,1
52799,1
54081,1
79232,1
16462,1
87091,1
10110,0
113227,1
45434,1
40725,1
16943,1
111433,1
91787,1
94182,1
61404,1
107581,1
48738,1
75976,1
9616,0
55842,1
39823,1
90875,1
8660,0
65563,1
103026,1
10967,1
86067,1
17189,1
43060,1
110610,1
10534,0
91665,1
88771,1
112284,1
48408,1
42103,1
27313,1
109137,1
14239,1
12877,1
80659,1
60252,1
101906,0
38059,1
63172,1
5302,1
15797,1
116718,1
61086,1
57427,1
95063,1
14776,1
22787,1
107231,1
63528,1
13686,1
58792,1
74935,1
22463,1
94929,1
7750,1
75583,1
104984,1
5349,1
50637,1
83137,0
60797,0
86540,1
3454,1
65898,1
47910,1
102991,1
115672,1
76289,1
13338,1
42407,1
11167,1
15802,1
57797,1
36080,1
106246,1
21825,1
20557,1
83576,0
88954,0
39950,1
102791,1
21725,1
52882,1
95148,1
9808,0
81696,1
48929,1
32322,1
79522,1
1128,1
22,0
947,1
33262,1
36181,1
105656,1
50877,1
77112,1
20886,1
3980,1
42311,0
15457,1
76310,1
84083,0
100679,1
84816,1
55779,1
44528,1
92944,1
31817,1
5310,1
50272,1
80051,1
2925,1
7450,1
90987,1
68731,1
33055,1
40883,1
80934,1
54479,1
49616,1
28605,1
8050,1
63763,1
4369,1
7248,1
76749,1
13189,1
106190,1
108753,1
86157,1
95326,1
102546,1
106056,1
91963,1
27032,1
45313,1
40160,1
104625,1
47366,1
66330,1
11937,1
86755,1
27378,1
18261,1
43021,1
72197,1
16693,1
15225,1
77228,1
107878,1
54774,1
49966,1
68578,1
27201,1
82963,1
80140,1
75023,1
91788,1
114023,1
106949,1
7386,1
110343,1
60721,1
18228,1
115160,1
109564,1
42840,1
24464,0
85970,1
21409,1
11573,1
59119,1
62077,1
96876,1
58745,1
77089,1
72867,1
5271,1
33043,1
46902,1
84612,0
88242,1
6611,0
72780,1
30543,1
50808,1
35843,1
65842,0
40667,1
84860,1
109916,1
90666,1
100190,1
6829,1
54850,1
25920,1
4176,1
84156,0
2853,1
16108,1
14035,1
55904,1
25156,1
10346,0
45650,1
16352,1
91903,1
60314,1
35568,1
10236,0
67551,1
28670,1
4314,1
15051,1
18006,1
8076,1
29583,1
76286,1
87802,1
108713,1
59719,1
69051,1
10247,0
28390,1
71303,1
46489,1
57737,1
79453,1
95341,0
32788,1
244,1
61477,1
101463,1
21770,1
64442,1
62919,1
45520,1
72725,1
111984,1
40491,0
76882,1
34640,1
111189,1
21832,1
38046,0
2682,1
101779,1
68591,1
27684,1
66399,1
60598,1
78118,1
33639,1
9404,0
43832,1
101982,1
40888,1
74647,1
102890,0
88016,1
6928,1
46971,1
50117,1
115293,1
45097,1
2466,1
20600,1
91238,1
89023,1
5375,1
85550,0
1439,1
18095,1
37010,1
50064,1
13222,1
21173,1
86363,1
103593,1
25046,1
45950,1
105325,1
35797,1
32500,1
20641,1
13665,1
69284,1
104025,1
50406,1
92545,1
23466,1
77513,1
34890,1
2673,1
94020,1
95149,1
96572,1
89025,1
38886,1
77681,1
91628,1
19995,1
8983,0
93249,1
103294,1
56965,1
23450,1
47024,1
65873,0
53740,1
107620,1
103853,1
20388,1
1942,1
92604,1
67449,1
79434,1
74451,1
102131,1
7771,1
23401,1
62233,1
64558,1
87218,1
62873,1
23645,1
33902,1
34609,1
98075,1
16417,1
88757,1
109351,1
66612,1
41271,1
94542,1
63379,1
65527,1
59660,1
95347,1
70935,1
14263,1
114009,1
16267,1
102721,1
33357,1
45612,1
104706,1
8271,1
14892,1
64541,1
7897,1
55038,1
38038,1
50897,1
3199,1
50022,1
61600,1
102981,1
24111,1
51553,1
48795,1
80399,1
110761,1
93018,1
85177,1
41400,1
68860,1
91815,1
10196,0
30924,1
3743,1
40239,0
24945,1
4090,1
27387,1
95504,1
94315,1
92693,1
61517,1
95201,1
103924,1
55965,1
85447,1
72976,1
95287,1
11231,1
110909,1
43769,1
59330,1
997,1
90296,1
45177,1
18676,1
64818,1
91310,1
7176,1
38051,1
2124,1
87579,1
36744,1
17116,1
75705,1
87116,1
92943,1
98383,1
70097,1
18715,1
86426,1
11025,1
98231,1
49485,1
12683,1
29756,1
65839,0
56879,1
86078,1
90995,1
104965,1
72153,1
112401,1
90703,1
88754,1
16167,1
84292,0
14037,1
14974,1
112629,1
71713,1
39015,1
86173,1
96032,1
96185,1
106922,1
5400,1
5580,1
37569,1
53205,1
29605,1
92689,1
46009,1
80731,1
65642,1
106988,1
3404,1
81638,1
30215,1
40484,1
46116,1
88552,1
102064,1
39293,1
71923,1
116460,1
110967,1
19455,1
34296,1
21348,1
96228,1
17349,1
56950,0
102913,1
9854,0
98759,1
108550,1
23437,1
7758,1
95278,1
45,0
74822,1
4747,1
44788,1
27289,1
80840,1
108372,1
84977,1
45752,1
1778,1
75446,1
54911,1
51048,0
44112,1
89460,1
42816,1
109300,1
3646,1
33268,1
58985,1
12211,1
82093,1
73401,1
80974,1
34866,1
90447,1
46111,1
75752,1
83446,0
18240,1
13580,1
16995,1
73588,1
112723,1
10857,1
54327,1
115730,0
44783,1
101765,1
76815,1
9387,0
42425,1
60531,1
24220,1
18414,1
65807,1
57589,1
84861,1
36820,1
94025,1
86623,1
34019,1
16473,1
3736,1
93899,1
78038,1
63593,1
639,1
83482,0
46815,1
95815,1
82641,1
22007,1
32675,1
1080,1
87594,1
115185,1
3212,1
76422,1
21494,1
15330,1
116059,1
93976,1
32963,1
57987,1
77975,1
77000,1
5965,1
77120,1
114552,1
8254,1
75012,1
89848,1
66555,1
4096,1
99869,1
102893,1
7711,1
32577,1
52703,1
26924,1
72328,1
93176,1
97552,1
9984,0
7111,1
29722,1
71028,1
15779,1
97384,1
2395,1
89196,1
43923,1
99129,1
103334,1
59300,1
42192,1
104541,1
102104,1
91643,1
1780,1
50278,1
72999,1
26014,1
37190,1
54418,1
35447,1
89082,0
19056,1
17905,1
2631,1
16738,1
54182,1
107851,1
93878,1
3591,1
104394,1
85825,1
108044,1
93302,1
8584,1
66422,1
105195,1
9416,0
89012,1
84728,1
67592,1
68879,1
28176,1
18688,1
21309,1
37321,1
36818,1
85195,1
42853,1
55746,1
20011,1
111357,1
21730,1
66177,1
25475,1
70897,1
69963,1
40134,1
83816,1
4478,1
4606,1
4429,1
28853,1
37695,1
21801,1
69310,1
83279,0
27892,1
16600,1
38622,1
87211,1
108141,1
77123,1
79397,1
28231,1
78590,1
20605,1
5506,1
43262,1
61768,1
62948,1
85674,1
99919,1
26898,1
36741,1
87780,1
24509,1
110321,1
82667,1
58942,0
100354,1
109651,1
50955,0
80739,1
87099,1
115468,0
108310,1
99865,1
110622,1
50151,1
75351,1
94585,1
59076,1
115548,1
57287,1
17156,1
63471,1
26673,1
98633,1
76060,1
62188,1
36365,1
47403,1
65930,1
14662,1
43555,1
37170,1
21509,1
45924,1
100946,1
5004,1
51897,1
84583,0
8831,0
16101,1
103098,1
38485,1
109539,1
18413,1
37436,1
33431,1
67593,1
48365,1
104929,1
64331,1
104619,1
79311,1
7253,1
31740,1
23946,1
73079,1
110913,1
116560,1
38278,1
6560,1
16878,1
58215,1
25322,1
18226,1
11939,1
7619,1
65063,1
69634,1
115758,0
58798,1
50572,1
1218,1
84208,0
42903,1
1408,1
61314,1
20654,1
33741,1
48351,0
11217,1
61401,1
90073,1
37890,1
73740,1
58235,0
57619,1
50061,1
28152,1
114403,1
82256,1
46870,1
5681,1
79251,1
37958,1
89882,1
3201,1
50551,1
31971,1
73748,1
89557,1
4889,1
54604,1
33362,1
65516,1
37317,1
32210,1
28715,1
8108,1
2473,1
22733,1
113913,1
11991,1
31976,1
1922,1
32250,1
17443,0
56313,1
26918,1
60155,1
97204,1
4841,1
24281,1
24855,1
39028,1
40910,1
11785,1
30383,1
28000,1
31510,1
101961,1
90886,1
67612,1
83312,0
20514,1
71543,1
110566,1
17601,1
61189,1
30614,1
88747,1
99265,1
30921,1
112854,1
42000,1
51543,0
49431,1
34722,1
88241,1
71591,1
11218,1
30121,1
1740,1
63397,1
52482,1
107632,1
57801,1
75350,1
93740,1
114097,1
20545,1
50126,1
83265,0
48228,1
16447,1
30482,1
12460,1
81219,1
27002,1
91472,1
52181,1
36527,1
80781,1
113110,1
10402,0
81311,1
55268,1
3192,1
38575,1
17522,1
1454,1
35421,1
75028,1
44411,1
110263,1
90744,1
50969,0
101690,1
8253,1
112843,1
102384,1
73633,1
95424,1
3098,1
5738,1
107477,1
63220,1
62508,1
25968,1
103365,1
72358,1
66169,1
31283,1
40498,1
92035,1
72497,1
37710,1
44420,1
56232,1
52284,1
77798,1
112518,1
68476,1
104760,1
27430,1
101612,1
33800,1
114383,1
14988,1
12906,1
100727,1
62345,1
102038,1
55956,1
63865,1
77085,1
44397,1
116321,1
65772,1
29541,1
29520,1
38255,1
89349,1
111481,1
86089,1
54380,1
81447,1
74135,1
110829,1
54261,1
91735,1
91707,1
15861,1
9745,0
24524,1
49322,1
62248,1
2882,1
19589,1
102039,1
107144,1
106633,1
2786,1
50185,1
46365,1
82862,1
47249,1
17769,1
79509,1
81397,1
99599,1
16350,1
55041,1
110873,1
9088,0
19726,1
112461,1
90791,1
105077,1
17881,1
101918,1
108246,1
103721,1
17131,1
22106,1
44989,1
38749,1
111862,1
27915,1
26119,1
56531,1
66126,1
37177,1
32177,1
36996,1
11881,1
50643,1
72105,1
63328,1
27740,1
60481,1
105220,1
73501,1
56241,1
25538,1
58414,1
57874,1
44839,1
15977,1
107578,1
91221,1
44406,1
23940,1
106314,1
22187,1
60635,1
31094,1
48582,1
9695,0
69852,1
70210,1
14639,1
26598,1
74504,1
9982,0
102358,1
86602,1
76719,1
73802,1
56354,1
16876,1
21683,1
11517,1
107285,1
13880,1
824,1
62820,1
45211,1
74283,1
68811,1
17996,1
95067,1
1753,1
109445,1
14325,1
96346,1
93542,1
113320,1
50603,1
70412,1
50665,1
112675,1
42485,1
72144,1
70959,1
23580,1
57865,1
77395,1
105425,1
89532,1
100560,1
34512,1
16254,1
20561,1
21246,1
97356,1
81578,1
26398,0
868,1
102341,1
16997,1
48704,1
89521,1
91654,1
8078,1
95525,1
108947,1
68816,1
115225,1
28525,1
88815,1
103153,1
63226,1
7140,1
48807,1
57748,1
13429,1
51818,1
79233,1
74534,1
36292,1
42749,1
25594,1
85211,1
47109,1
87340,1
25838,1
5079,1
55059,1
35326,1
110853,1
62963,1
29894,1
67309,0
102427,1
54638,1
19798,1
116002,0
104895,1
102501,1
8520,1
75017,1
41435,1
23490,1
70009,1
34129,1
83008,1
107633,1
20175,1
15748,1
7274,1
46309,1
106839,1
2016,1
67143,1
36373,1
49167,1
17942,1
42220,1
77124,1
81196,1
31346,1
112210,1
74248,1
63472,1
46211,1
109715,1
70979,1
32899,1
116828,1
70179,1
103187,1
61161,1
66033,1
28190,1
10528,0
3664,1
37594,1
30104,1
72969,1
28924,1
62583,1
107489,1
46229,1
84743,1
59768,1
9395,0
28173,1
55476,1
111958,1
45215,1
97896,1
61742,0
65363,1
76054,1
86959,1
53950,1
88993,1
39941,1
50029,1
103350,1
92085,1
89461,1
66299,1
55076,1
2389,1
96172,1
35183,1
31440,1
65077,1
6840,1
45499,1
51921,1
57732,1
100257,1
13587,1
100153,1
93167,1
7835,1
4820,1
21050,1
8507,1
20504,0
57757,1
6412,1
48432,1
9759,0
113427,1
14817,1
47046,1
60727,1
31876,1
109241,1
81541,1
25957,1
49757,1
15,0
86785,1
31746,1
22796,1
115470,0
52201,1
56880,1
3952,1
65464,1
98613,1
42443,1
58597,1
51030,0
27956,1
46947,1
46996,1
108457,1
17533,1
35285,1
93616,1
86153,1
67664,1
49854,1
75675,1
31145,1
66258,1
111582,1
99415,1
36355,1
17333,1
24474,1
98941,1
90360,1
84326,0
42197,1
104344,1
88666,1
8888,0
113290,1
91901,1
67764,0
40148,1
46022,1
83697,1
54921,1
21996,1
57410,1
54607,1
40647,1
89606,1
48115,1
49222,1
93145,1
73414,1
98112,1
81574,1
47606,1
36978,1
48,0
26467,1
107251,1
7377,1
67546,1
109746,1
27690,1
40843,1
63769,1
75726,1
100871,1
30540,1
96359,1
67438,1
115315,1
24102,1
16347,1
28767,1
6047,1
18996,1
35725,1
50241,1
84846,1
25009,1
28114,1
6907,1
75287,1
32596,1
77848,1
83666,1
39846,1
9114,0
93993,1
944,1
31481,1
27399,1
54933,1
109296,1
27579,1
6984,1
108451,1
42548,0
38745,1
28214,1
73598,1
108960,1
88281,1
91594,1
74095,1
115421,1
98447,1
58548,1
65592,1
50304,1
94819,1
79322,1
34986,1
37081,1
22658,1
42120,1
57944,1
92602,1
10204,0
10807,1
88707,1
51626,1
6765,1
97349,1
101249,1
91205,1
3188,1
104627,1
73567,1
90332,1
86916,1
30436,1
82104,1
103209,1
64796,1
36394,1
114375,0
28783,1
26926,1
53223,1
13733,1
13965,1
71942,1
106214,1
9797,0
56271,1
41552,1
91253,1
99546,1
87938,1
103042,0
116821,1
57153,1
8463,1
3925,1
27738,1
22161,1
74266,1
47020,1
21946,1
66896,1
71486,1
106245,1
74420,1
70441,1
80792,1
55808,1
112780,1
115133,1
35109,1
19748,1
116777,0
30314,1
528,1
109601,1
2369,1
12569,1
44415,1
57439,1
78948,1
35399,1
76762,1
31770,1
115292,1
73251,1
70560,1
61923,1
103053,1
33071,1
49477,1
65020,1
30788,1
4597,1
21326,1
107158,1
44308,1
61344,1
9470,0
58541,1
55692,1
86129,1
19171,1
89342,1
47671,1
47147,0
87043,1
64973,1
10652,1
110835,1
51432,1
19465,1
64559,1
108020,1
65263,1
16740,1
47653,1
59875,1
116553,1
104190,1
69445,1
115858,1
18704,1
85239,1
81455,1
2019,1
111963,1
102561,1
567,1
78692,1
49997,1
115147,1
35198,1
70022,1
14404,1
30279,1
51097,1
62513,0
105522,1
89407,1
33092,1
56964,1
109888,1
100874,1
25298,1
54399,1
54160,1
91087,1
55415,0
103566,1
64265,1
51458,1
11278,1
50908,1
79062,1
115178,1
28133,1
73432,1
77338,1
89682,1
15909,1
36051,1
72793,1
113157,1
106960,1
6574,1
98204,1
73339,1
24686,1
2526,1
89723,1
63291,1
28391,0
31704,1
97805,1
40724,1
102701,1
37997,1
32926,1
48621,1
112678,1
39470,1
47445,1
100364,1
33649,1
79599,1
93419,1
98580,1
66202,1
15739,1
86879,1
23434,1
90245,1
102405,1
72298,1
6615,1
87977,1
37570,1
106624,1
71835,1
69715,1
88425,1
41368,1
1832,1
101930,1
31115,1
11519,0
56901,1
67594,1
101131,1
56234,1
95210,1
36533,1
56227,1
86839,1
110394,1
105463,1
39107,1
14690,1
54973,1
57771,1
64325,1
29986,1
12823,1
27621,1
42607,1
83402,0
114652,1
60287,1
80268,1
55200,0
23016,1
54596,1
102445,1
46539,1
47842,1
25362,1
78933,1
7549,1
52802,1
90481,1
44653,1
18932,1
116149,0
66178,1
17101,1
85615,1
85389,1
76579,1
102170,1
108361,1
51550,0
20448,1
4781,1
83778,1
72115,1
111702,1
36491,1
61687,1
99704,1
19739,1
33289,1
89779,1
4030,1
78563,1
49923,1
88110,1
116496,1
78592,1
10060,0
36776,1
104343,1
78348,1
70258,1
79991,1
30013,1
45704,1
42017,1
115478,0
49817,1
99445,1
17256,1
75166,1
6336,1
39426,1
111318,1
69767,1
88495,1
306,1
50062,1
75481,1
57346,1
112647,1
84196,0
115408,1
54333,1
85015,1
1924,1
20102,1
54068,1
74092,1
60522,1
96634,1
24016,1
87081,1
87739,1
27920,1
7207,1
69837,1
20754,1
93645,1
92561,1
48581,1
63688,1
42145,1
78971,1
22320,1
75992,1
260,1
53806,1
59004,1
28490,1
16363,1
25772,1
66627,1
52576,1
72467,1
86569,1
92321,1
96491,1
89001,1
55152,1
89062,1
90945,1
72828,1
115695,1
107891,1
40935,1
25474,1
13463,1
49684,1
100721,1
109331,1
4676,1
2921,1
35577,1
100553,1
15419,1
38247,1
60817,1
103980,1
115389,1
50870,1
63146,1
28768,1
2459,1
88713,1
10547,0
74157,1
11158,1
9915,0
108057,1
113844,1
95798,0
95065,1
36282,1
5487,1
62601,1
3338,1
4300,1
27584,1
71596,1
17776,1
55773,1
115372,1
3841,1
7470,1
3691,1
65078,1
87687,1
15290,1
4395,1
52055,1
34607,1
77722,1
100672,1
115988,1
19394,1
56238,1
88678,1
3339,1
5212,1
103933,1
246,1
114176,1
18040,1
100932,1
5445,1
52800,1
76439,1
113083,1
1999,1
53061,1
59030,0
36649,1
105110,1
14434,1
48478,1
47003,1
82501,1
86135,1
96707,1
62613,1
50070,1
102195,1
27898,1
89144,1
38515,1
22488,1
54740,1
25198,1
51559,1
115281,1
3465,1
97077,1
43665,1
75899,1
86655,1
102370,1
28180,1
99058,1
89439,1
443,1
53365,1
99276,1
77188,1
106151,1
33593,1
64814,1
7394,1
55665,1
12204,1
62821,1
78678,1
63116,1
25976,1
113077,1
46798,1
107939,1
17675,1
32175,1
10529,0
84631,1
16191,1
101746,1
54698,0
72356,1
2460,1
109741,1
100641,1
21256,1
68602,1
40750,1
33387,1
106456,1
45761,1
20293,1
29158,1
48487,1
108140,1
18907,1
49086,1
49855,1
105866,1
21556,1
67470,1
58150,1
95842,0
4694,1
113259,1
73277,1
38294,1
99173,1
57183,1
8272,1
27278,1
79478,1
36007,1
25037,1
53813,1
107955,1
93034,1
36534,1
66351,1
66697,1
43271,1
53281,1
1049,1
57819,0
1885,1
30164,1
46105,1
89909,1
92098,1
45320,1
49323,1
81556,1
35079,1
88989,1
95967,1
70153,1
908,1
83024,1
18677,1
3535,0
75569,1
64236,1
7273,1
71187,1
44348,1
96008,1
80402,1
33525,1
6553,1
20505,1
66483,1
80636,1
73839,1
50438,1
56381,1
1701,1
55031,1
2243,1
31457,1
56,0
66266,1
33746,1
16979,1
56387,1
29782,1
109724,1
22578,1
31126,1
18781,1
4960,1
64186,1
17861,1
37132,1
93778,1
102637,1
3216,1
62157,1
103638,1
38501,1
32470,1
29764,1
93498,1
31688,1
56851,1
49648,1
52805,1
23246,1
56440,1
116007,0
20939,1
1614,1
16292,1
95711,1
110629,1
61836,1
90896,1
6764,1
59316,1
27467,1
2366,1
62223,1
14235,1
109808,1
58499,1
95740,1
110996,1
53938,1
69532,1
65408,1
39842,1
75024,1
40308,1
95025,1
3679,1
57003,1
17997,1
53214,1
19323,1
64523,1
28415,1
94218,1
83529,0
57560,1
71880,1
86890,1
113119,1
9862,0
22485,1
55547,1
45667,1
5608,1
77088,1
29203,1
112484,1
54030,1
36572,1
57923,1
90032,1
88406,1
35690,1
85669,1
56815,1
55030,1
64648,1
67696,1
62040,1
81304,1
98228,1
76025,1
115346,1
115689,1
4830,1
73230,1
41723,1
103700,1
101206,1
7145,1
15025,1
94655,1
57988,1
597,1
38057,1
93409,1
91715,1
2340,1
25765,1
68449,1
60695,1
27453,1
36303,1
104228,1
97819,1
93708,1
92510,1
9394,0
58806,0
62636,1
72743,1
103045,1
114844,1
100781,1
90594,1
55096,1
106935,1
86478,1
100587,1
64033,1
7904,1
106316,1
112083,1
44732,1
50355,1
39807,1
6021,1
99430,1
110038,1
40076,1
51083,0
55786,1
114790,1
85782,1
1669,1
12941,1
56406,1
33529,1
8176,1
99242,1
71160,1
42255,1
106533,1
47396,1
85818,1
55896,1
7919,1
42923,1
111953,1
97035,1
82399,1
34364,1
51928,1
63582,1
4861,1
111074,1
105080,1
10985,1
95365,1
76215,1
91393,1
97841,1
46053,1
74280,1
43147,1
11805,1
41037,1
59258,1
95791,1
9649,0
22099,1
16259,1
18170,1
73356,1
64385,1
8120,1
64075,1
111440,1
87638,1
15008,1
109865,1
9415,0
105766,1
99187,1
32747,1
49695,1
25143,1
8798,0
11741,1
113260,1
92479,1
15619,1
25816,1
74469,1
41335,1
18361,1
43563,1
110588,1
16206,1
47037,1
10336,0
30552,1
53609,1
34928,1
24204,1
33758,1
2654,1
55598,0
43246,1
21818,1
74442,1
113386,1
93433,1
66673,1
12974,1
65355,1
11596,1
66046,1
63394,1
10129,0
108276,1
57500,1
113644,1
74779,1
115035,1
99143,1
47700,1
37389,1
30666,1
557,1
95739,1
62509,1
70375,1
21446,1
18013,1
86760,1
59099,1
102292,1
30226,1
33910,1
93575,1
71725,1
63575,1
7432,1
11920,1
105027,1
9228,0
87381,1
24240,1
37924,1
83721,1
86676,1
14456,1
6929,0
33298,1
75268,1
9617,0
42595,1
1919,1
45592,1
110170,1
115436,1
113544,1
97697,1
106531,1
31912,1
49396,1
1949,0
96076,1
115796,1
113379,1
44134,1
43372,1
97662,1
97553,1
2365,1
77850,1
86711,0
11698,1
115536,1
50391,1
22725,1
27452,1
62751,1
33615,1
67913,1
15141,1
91189,1
24278,1
93287,1
14551,1
67439,1
22597,1
26325,1
49116,1
47042,1
106156,1
77830,1
107590,1
3060,1
85779,1
104150,1
82208,1
81067,1
58445,1
91725,1
48282,1
66118,1
21071,1
103771,1
77007,1
72571,1
106855,1
53031,1
100264,0
34948,0
59405,1
95221,1
105157,1
75863,1
40391,1
21101,1
26997,1
49713,1
52587,1
20229,1
19154,1
48348,1
83456,0
16065,1
62071,1
63087,1
6163,1
9471,0
78047,1
99065,1
26783,1
79120,1
99855,1
16569,1
3810,1
18740,1
85982,1
43625,1
1652,1
66951,1
17198,1
103006,1
49004,1
48692,1
103663,1
10355,0
41011,1
104931,1
64361,1
73150,1
48043,1
108611,1
69863,1
15021,1
74312,1
42244,1
97423,1
97285,1
40438,1
21183,1
109873,1
102428,1
98869,1
6630,1
89300,1
101422,1
110786,1
52104,1
111858,1
62028,1
94884,1
82324,1
6805,1
79082,1
78712,1
13470,1
51357,1
50708,1
37085,1
78382,1
79782,1
116901,0
100760,1
62142,1
90743,1
105871,1
63042,1
13769,1
45530,1
10523,0
80205,1
55248,1
15295,1
115083,1
64686,1
112620,1
29250,1
45380,1
79810,1
45987,1
56627,1
2552,0
39743,1
57803,1
25714,1
15932,1
34433,1
25102,1
85757,1
88365,1
49954,1
105130,1
53767,1
92202,1
40731,1
78413,1
108442,1
9032,0
34579,1
20927,1
101831,1
27209,1
69831,1
33370,1
12300,1
68795,1
102770,1
48791,1
98035,1
21424,1
10360,0
33586,1
31403,1
19659,1
26909,1
50912,1
115514,1
17182,1
108155,1
17300,1
79703,1
114319,1
87331,1
85848,1
3439,1
79012,1
71643,1
111813,1
16427,1
46624,1
101350,1
46023,1
15250,1
86889,1
65250,1
73844,1
66095,1
108158,1
34875,1
43371,1
3809,1
32356,1
38311,1
33642,1
72413,1
71765,1
63822,1
90815,1
1626,1
32875,1
61920,1
46008,1
63589,1
48127,1
15957,1
103414,1
58715,1
99280,1
29410,1
50131,1
102123,1
84422,0
44610,1
48217,1
69072,1
15701,1
70729,1
17563,1
66554,1
52107,1
114631,1
84263,0
22185,1
110003,1
67936,1
39713,1
4646,1
82020,1
63350,1
44291,1
26651,1
87345,1
33717,1
29072,1
66446,1
93103,1
70538,1
5674,1
90444,1
55894,1
21988,1
30866,1
15003,1
11419,1
32274,1
46665,1
46622,1
12239,1
77878,1
62598,1
87618,1
16705,1
107952,1
82094,1
32009,1
40985,1
44498,1
111586,1
90321,1
72790,1
94990,1
38428,1
111437,1
12809,1
96205,1
4359,1
90099,1
113171,1
84242,0
63365,1
33826,1
87148,1
69385,1
103091,1
59254,1
92019,1
1816,1
14497,1
31969,1
113713,1
18105,1
115848,1
96299,1
101770,1
113746,1
94859,1
27195,1
50886,1
91951,1
5239,1
90209,1
100808,1
87052,1
40159,1
62796,1
46359,1
41722,1
106155,1
49262,1
92554,1
25230,1
96730,1
99721,1
80722,1
43714,1
44159,1
76394,1
86818,1
36845,1
87276,1
105346,1
27301,1
39328,1
24028,1
12521,1
73973,1
80146,1
54215,1
59622,0
105057,1
104418,1
82015,1
22075,1
68147,1
65169,1
60162,0
62904,1
90331,1
29802,1
36923,1
45440,1
89340,1
60077,1
61710,1
27676,1
106942,1
112366,1
92645,1
5703,1
61901,1
90045,1
60562,1
116479,1
50945,0
75700,1
21300,1
88662,1
116394,0
61032,1
74387,1
104022,1
97272,1
4791,1
111994,1
92026,1
90005,1
319,1
74968,1
38379,1
10567,0
93449,1
5913,1
107394,1
81588,1
54766,1
104239,1
7232,1
54645,1
64912,1
95752,1
25792,1
51364,0
9004,0
75706,1
71326,1
32599,1
82533,1
75010,1
56731,1
107767,1
86274,1
5806,1
71694,1
67396,1
52328,1
27425,1
41366,1
70966,1
75838,1
65424,1
106243,1
104359,1
102973,1
84579,0
23880,1
81490,1
109051,1
65049,1
62107,1
84179,0
69000,1
100804,1
113536,1
116717,1
30868,1
78065,1
40642,1
38893,1
50430,1
7043,0
34293,1
79400,1
53583,1
23259,1
43978,1
27268,1
30916,1
6057,1
102260,1
45702,1
72746,1
88938,1
94003,1
81015,1
22072,1
78004,1
75720,1
82238,1
65587,1
13782,1
72254,1
102633,1
69134,1
72683,1
10537,0
44045,1
10510,0
72980,1
28208,1
67965,1
74090,1
10220,0
3932,1
13454,1
3823,1
109312,1
38108,1
23446,1
114362,1
56974,1
104986,1
96805,1
7971,1
60422,1
62695,1
27370,1
80983,1
3869,1
55781,1
106524,1
26519,1
47968,1
10315,0
35361,1
87363,1
94605,1
86332,1
31323,1
53678,1
59945,1
62648,1
8484,1
86570,1
43952,1
6050,1
40934,1
46104,1
98206,1
55828,0
62979,1
79834,1
91080,1
62471,1
55279,1
9705,0
10265,0
113016,1
62085,1
59940,1
86134,1
49725,1
96434,1
10564,0
3598,1
45971,1
78946,1
88913,1
71736,1
22063,1
81131,1
49220,1
50345,1
65350,1
68535,1
4746,1
112462,1
49714,1
41300,0
75088,1
105562,1
31127,1
81301,1
93556,1
116519,1
58268,1
50949,0
90298,1
60124,1
86261,1
3017,1
73167,1
103549,1
90418,1
102379,1
49410,1
16360,1
31110,1
62112,1
116298,1
6487,1
78497,1
57600,1
45210,1
63869,1
116562,1
103648,1
101799,1
56892,1
2419,1
20043,1
80249,1
67021,1
116677,1
89572,1
93510,1
71524,1
69803,1
23052,1
17059,1
21518,1
81943,1
32844,1
60204,1
16924,1
59694,1
35814,1
2036,1
3065,1
30048,1
87317,1
55261,1
111568,1
23482,1
40639,1
112846,1
111999,1
66577,1
25568,1
114091,1
25989,1
16498,1
39759,1
37018,1
40318,1
41190,1
61748,1
34269,1
51444,1
102157,1
59894,1
5813,1
115351,1
40412,1
80903,1
43663,1
86103,1
94626,1
40761,1
47800,1
101902,1
42039,1
31159,1
34248,1
48268,1
81462,1
7410,1
81072,1
88919,1
81614,1
98385,1
94799,1
74176,1
59021,1
22703,1
13453,1
37805,1
27360,1
95213,1
56363,1
9916,0
96489,1
78616,1
116154,1
3688,1
27180,1
83700,1
104181,1
36157,1
28878,1
69358,1
28371,0
106310,1
39551,1
58595,1
94594,1
11244,1
54989,1
72219,1
55255,1
43039,1
113102,1
44440,1
75783,1
103191,1
69374,1
62668,1
59648,1
71887,1
35999,1
98892,1
79876,1
18298,0
12771,1
95417,1
634,1
87493,1
89710,1
105609,1
16991,1
113093,1
89796,1
112725,1
92290,1
52136,0
101583,1
9066,0
19199,1
48135,1
81147,1
62771,1
51801,1
4923,1
62170,1
17110,1
47650,1
95022,1
2347,1
116461,1
32442,1
69157,1
79830,1
110433,1
88628,1
46628,1
109150,1
41628,1
64230,1
55309,1
101337,1
18812,1
85548,1
51574,1
70825,1
63925,1
54708,1
83268,0
77502,1
90415,1
23447,1
26844,1
97274,1
31589,1
12026,1
93295,1
55048,1
8562,1
34386,1
29714,1
57623,1
7045,0
52076,1
35053,1
69810,1
115367,1
62744,1
46156,1
87231,1
10411,0
85013,1
1950,1
21213,1
76464,1
109247,1
106418,1
21975,1
99372,1
20044,1
18961,1
76018,1
31815,1
84390,0
2274,1
76695,1
12938,1
61993,1
45213,1
34033,1
77922,1
88529,1
60110,1
57016,1
35613,1
19422,1
94515,1
116290,1
87616,1
93618,1
109306,1
41542,1
37211,1
24741,1
65883,1
2260,1
61860,1
6277,1
591,1
62863,1
116773,0
46103,1
42687,1
55032,1
25146,0
83397,0
61596,1
24756,0
8744,0
35050,1
19346,1
15487,1
76555,1
255,1
81481,1
94024,1
7283,1
78506,1
97551,1
66957,1
114148,1
63083,1
20897,1
27207,1
82027,1
85637,1
23086,1
61807,1
82336,1
108421,1
65782,1
105569,1
80602,1
48812,1
65451,1
82735,1
60010,1
43225,1
30776,1
80212,1
14193,1
47632,1
57802,1
29655,1
74311,1
83203,0
102910,0
48817,1
51369,0
51052,0
16116,1
23949,1
64068,1
59965,1
10222,0
58726,1
98343,0
14179,1
91627,1
21143,1
28084,1
92498,1
87412,1
52132,1
28013,1
92680,1
81991,1
105304,1
85464,1
46566,0
84787,1
78170,1
82494,1
34283,1
37338,1
78424,1
28546,1
79099,1
100473,1
61762,1
102201,1
11929,1
61009,1
93562,1
35497,1
108197,1
97906,1
98718,1
7887,1
42770,0
88306,1
40741,1
17045,1
70603,1
11268,1
46638,1
6333,1
111337,1
65129,1
26470,1
71468,1
36648,1
29873,1
73601,1
60071,1
73596,1
116454,1
98297,1
39051,1
83707,1
109571,1
36,0
24151,1
102491,1
90787,1
11825,1
17939,1
77257,1
72788,1
71934,1
28555,1
73228,1
30505,1
58105,1
48700,1
88779,1
20092,0
110592,1
15858,1
116786,0
106620,1
87695,1
102022,1
29960,1
70572,0
23457,1
80224,1
12012,1
68232,1
92254,1
83127,0
1746,1
108312,0
107630,1
89180,1
33481,1
9244,0
20422,1
110984,1
93517,1
110966,1
36723,1
73030,1
95464,1
60719,1
101732,1
52115,1
18891,1
61606,1
37449,1
10686,1
112638,1
47006,1
59567,1
70283,1
48697,1
32314,1
71838,1
31357,1
5492,1
83071,0
78343,1
91782,1
49063,1
60839,1
64303,1
93337,1
114302,1
64377,1
83729,1
100061,1
89595,0
42875,1
115869,0
50867,1
25378,1
32642,1
90596,1
88356,1
44324,1
86914,1
38596,1
10638,1
14901,1
62781,1
19340,1
25921,1
55063,1
72887,1
18033,1
24561,0
17634,1
39697,0
106463,1
112470,1
40004,1
95229,1
108817,1
77108,1
74527,1
108005,1
103165,1
51455,1
10844,1
6908,1
49272,1
56151,1
90830,1
79027,1
70394,1
28757,1
63310,1
38138,1
73786,1
66793,1
72216,1
74466,1
73177,1
49088,1
33038,1
101126,1
67509,1
59900,1
569,1
79164,1
14633,1
49044,1
16651,1
105770,1
56697,1
68306,1
67865,1
108432,1
106636,1
27659,1
42235,1
94620,1
15439,1
73527,1
28287,1
30985,1
1894,1
16702,1
17920,1
83391,0
83920,0
91501,1
50521,1
49892,1
83108,0
87840,1
17274,1
21381,1
20234,1
89303,1
19871,1
6044,1
15052,1
60103,1
107532,1
84720,0
115897,0
30653,1
50385,1
105501,1
25905,1
5392,1
88901,1
38203,1
104494,1
47113,1
107734,1
79993,1
42940,0
110468,1
53879,1
112627,1
116741,1
95031,1
75145,1
59252,1
9308,0
104888,1
49386,1
105169,1
28351,1
57014,1
46766,1
110736,1
20951,1
49492,1
66098,1
10208,0
66567,1
22149,1
2939,1
77430,1
82742,1
72594,1
10599,0
37145,1
40721,1
77339,1
115025,1
442,1
10588,0
64829,1
95634,1
43870,1
96950,1
8245,1
17629,1
64808,1
113072,1
27742,1
56792,1
34017,1
112558,1
69812,1
11322,1
115061,1
51370,0
21061,1
42915,1
10057,0
27746,1
27315,1
29362,1
32543,1
98938,1
51331,1
115635,1
107533,1
43826,1
58734,1
54078,1
29882,1
79287,1
55162,1
55486,0
71033,1
7044,0
58480,1
29317,1
57609,1
84274,0
104629,1
28393,1
5097,1
21711,1
30857,1
17818,1
42645,1
12380,1
113099,1
14588,1
30531,1
13311,1
62643,0
109338,1
70077,1
114000,1
88321,1
88267,1
90504,1
46433,1
22115,1
62524,1
88952,1
92889,1
27258,1
57772,1
17821,1
22462,1
7960,1
14440,1
80522,1
86612,1
93590,1
40209,1
39023,1
78232,1
57141,1
77711,1
71240,1
102566,1
32833,1
107842,1
104947,1
16661,1
111000,1
8656,0
78250,1
62389,1
35343,1
62457,1
65037,1
84785,1
111166,1
109193,1
70649,1
87945,1
45510,1
103235,1
88810,1
93767,1
73048,1
98635,1
48889,1
13273,1
20202,1
25395,1
40768,1
114007,1
16059,1
50812,1
65609,1
1843,1
99074,1
76764,1
112124,1
17669,1
9436,0
73469,1
94415,1
104038,1
18325,1
103157,1
57417,1
19781,1
13406,1
12150,1
61536,1
71474,1
93743,1
28451,1
86984,1
61731,1
5745,1
4027,1
65018,1
115216,1
17500,1
74510,1
38665,1
86862,1
36731,1
3937,1
62137,1
85973,1
83030,1
4414,1
91713,1
54176,1
91937,1
68682,1
50529,1
12118,1
112706,1
7507,1
75526,1
69050,1
109885,1
108134,1
19476,1
113575,1
107038,1
96771,1
33971,1
36163,1
42459,1
53333,1
53380,1
74947,1
5255,1
38725,1
92160,1
44876,1
81214,1
106435,1
75582,1
1055,1
46648,1
109165,1
16978,1
99064,1
67061,1
47994,1
85579,1
112225,1
87744,1
70690,1
14126,1
28900,1
61501,1
71200,1
67342,0
49177,1
108698,1
82681,1
95494,1
98315,1
2970,1
13833,1
29550,1
39767,1
82001,1
56194,1
493,1
90644,1
50110,1
48888,1
10482,0
28523,1
98303,1
6026,1
23365,1
95687,1
30844,1
8252,1
93011,1
64356,1
22689,1
65453,1
53555,1
66920,1
55324,1
62409,1
92307,1
20895,1
110726,1
27414,1
23241,1
87273,1
116972,1
53739,1
88606,1
43909,1
32705,1
54471,1
100854,1
94335,1
46069,1
112351,1
68258,1
76515,1
20108,0
83184,0
86787,1
14925,1
94712,1
33690,1
46060,1
12563,1
33583,1
36787,1
73143,1
53526,1
91384,1
102391,1
88284,1
30346,1
96925,1
103064,1
80083,1
63985,1
89336,1
9046,0
109477,1
68943,1
69506,1
57256,1
44721,1
93697,1
6922,0
660,1
7637,1
31645,1
90664,1
83038,1
17671,1
110388,1
111120,1
63138,1
53084,1
72894,1
51468,1
83337,0
94527,1
51667,1
27167,1
39322,1
35036,1
53444,1
96382,1
34229,1
56782,1
59980,1
67945,1
296,1
97780,1
51016,0
18296,1
7548,1
7942,1
53546,1
17529,1
107204,1
71325,1
101490,1
29405,1
72666,1
83609,1
72089,1
111180,1
103069,1
29181,1
106221,1
20534,1
26411,1
38492,1
42623,1
116714,0
9638,0
49907,1
62999,1
95964,1
13795,1
23238,1
8381,1
103885,1
64170,1
49629,1
68422,1
1883,1
69726,1
27073,1
32975,1
102654,1
30565,1
25218,1
16375,1
73166,1
4761,1
111266,1
68259,1
9884,0
111510,1
82413,1
45227,1
20637,1
23212,1
99767,1
496,1
44464,1
4008,0
60520,1
108609,1
100591,1
84118,0
64791,1
74191,1
77518,1
98748,1
94334,1
31250,1
8630,0
33440,1
57207,1
25595,1
54892,1
34262,1
105743,1
103565,1
57811,1
44512,1
36519,1
2670,1
17140,1
60032,1
46146,1
67619,1
98384,1
67445,1
61855,1
22923,1
42464,1
63333,1
46835,1
92508,1
112381,1
72108,1
79702,1
98841,1
45468,1
78943,1
86576,1
33414,1
59136,1
99854,1
78018,1
84106,0
35877,1
20714,1
48591,1
88667,1
92662,1
75160,1
24399,1
47703,1
83804,1
60096,1
73643,1
30846,1
8524,1
101334,1
67638,1
42322,1
74034,1
15522,1
36659,1
13844,1
22414,1
1995,1
27528,1
60261,1
114037,1
85350,0
54555,0
43554,1
55797,1
87212,1
24435,1
28834,1
115138,1
57199,1
70461,1
37743,1
96356,1
56174,0
89233,1
43626,1
9422,0
2978,1
69109,1
72908,1
68126,1
70114,1
1115,1
45783,1
3088,1
46553,1
69002,1
4261,1
19333,1
114560,1
23555,1
18799,1
23772,1
70765,1
78798,1
86928,1
64514,1
103969,1
112236,1
51690,1
21767,1
14961,1
108146,1
25411,1
14481,1
7025,0
94409,1
55659,1
799,1
66267,1
107972,1
427,1
42679,1
109920,1
82665,1
105452,1
17273,1
11882,1
27114,1
79720,1
111257,1
111027,1
1391,1
33001,0
105635,1
76452,1
77034,1
7634,1
29991,1
19515,1
30990,1
92038,1
98536,1
31017,1
64680,1
28460,1
98694,1
101519,1
105161,1
39218,0
72959,1
113675,1
82636,1
4023,1
44706,1
54796,1
103673,1
89405,1
105079,1
83661,1
61821,1
54672,1
104197,1
72420,1
46978,1
12288,1
56494,1
94910,1
17573,1
73438,1
58481,1
23123,1
108942,1
75587,1
3883,1
37180,1
67850,1
12834,1
75851,1
42845,1
18402,1
40180,1
565,1
41833,1
75430,1
4833,1
104603,1
88593,1
100319,1
95422,1
13418,1
68960,1
58241,1
63355,1
29754,1
67428,1
94238,1
86240,1
75153,1
5947,1
116595,1
94950,1
115801,1
21346,1
49306,1
73745,1
66333,1
34651,1
87710,1
18756,1
24395,1
99502,1
108130,1
35561,1
106807,1
48068,1
22551,1
20478,0
38031,1
49632,1
65277,1
111151,1
21942,1
79301,1
56091,0
64226,1
57320,1
115963,1
94042,1
50690,1
19689,1
102659,1
111703,1
90555,1
104055,1
17152,1
29204,1
31996,1
99724,1
103509,1
57645,1
66770,1
114104,1
83629,1
113463,1
74791,1
49582,1
41787,1
100632,1
115697,1
102537,1
684,1
88738,1
89670,1
21604,1
59858,1
20169,1
104303,1
38562,1
74489,1
110011,1
25135,1
49984,1
29717,1
33205,1
56125,0
110471,1
91916,1
44472,1
31218,1
15926,1
39199,1
8625,0
25104,0
19142,1
97276,1
16571,1
109644,1
99596,1
112047,1
73391,1
66062,1
33359,1
21573,1
37905,1
14780,1
76120,1
47573,1
26797,1
99644,1
58784,1
81701,1
10715,1
25854,1
61160,1
70819,1
31368,1
36427,1
81144,1
113964,1
78784,1
9001,0
1212,1
70515,1
37656,1
99777,1
18344,1
31153,1
51999,1
90290,1
97911,1
45278,1
95193,1
66615,1
93668,1
14123,1
40983,1
1095,1
86555,1
80274,1
13882,1
19924,1
104474,1
84303,0
72577,1
116814,1
1160,1
55107,1
80981,1
112324,1
33979,1
115762,0
103606,1
68304,1
51786,1
64182,1
34341,1
47655,1
92609,1
21468,1
69487,1
105732,1
73631,1
36135,1
46336,1
69650,1
13435,1
50481,1
85836,1
20156,1
87404,1
88001,1
106596,1
29765,1
114800,1
77078,1
91998,1
82543,1
73545,1
31541,1
85805,1
42299,1
33270,1
95949,1
42036,1
19464,1
64094,1
37763,1
53934,1
116195,1
88051,1
44518,1
14439,1
17165,1
20054,1
24154,1
30285,1
41476,1
41632,1
99404,1
26707,1
4576,1
68771,1
41679,1
86105,1
114393,0
4722,1
47850,1
94120,1
55264,1
86158,1
102658,1
38034,1
48094,1
7032,1
38619,1
329,1
9628,0
50624,1
102826,1
7498,1
33617,1
98662,1
25117,1
7399,1
106466,1
18594,1
51939,1
94786,1
85122,1
5607,1
99072,1
68684,1
99588,1
74142,1
19977,1
116629,0
90999,1
209,1
45482,1
3271,1
103021,1
66540,1
85279,1
72012,1
79054,1
10532,0
92993,1
44239,1
55186,0
94296,1
77061,1
111259,1
97360,1
6212,1
65092,1
107773,1
101846,1
4102,1
98557,1
109806,1
9340,0
18526,1
55244,1
15732,1
71939,1
12043,1
73168,1
67264,1
83591,0
1868,1
107102,1
14677,1
97012,1
11441,1
111188,1
47361,1
67507,1
40136,1
6704,1
85603,1
64373,1
61142,1
64085,1
104939,1
15588,1
694,1
22113,1
77583,1
63308,1
51672,1
91273,1
83509,0
103356,1
100588,1
22257,1
97885,1
91110,1
101398,1
99981,1
56516,1
67650,1
69165,1
84193,0
27703,1
114894,1
116258,0
40794,1
11292,1
103345,1
53969,1
105965,1
36331,1
54711,1
105675,1
85205,1
29048,1
42722,1
39080,1
61707,1
26372,1
44871,1
27916,1
63832,1
107471,1
44772,1
17040,1
43151,1
112636,1
113785,1
40954,1
40597,1
113148,1
34622,1
68020,1
45802,1
113139,1
93608,1
110157,1
38735,1
29455,1
62694,1
91281,1
55918,1
54816,1
56414,1
68945,1
61394,1
86695,1
42678,0
30020,1
76281,1
72728,1
92153,1
386,1
33927,1
50613,1
80210,1
41792,1
15185,1
103088,1
73489,1
56911,1
76292,1
8118,1
69835,1
105454,1
54304,1
50298,1
46716,1
24783,1
12076,1
86008,1
11179,1
37136,1
5914,1
49608,1
11528,0
38165,1
101012,1
53010,1
82016,1
93619,1
68666,1
73551,1
27050,1
6780,1
44891,1
72154,1
100931,1
85693,1
76095,1
100543,1
20047,1
27657,1
98848,1
9399,0
11219,1
46707,1
54290,1
19937,1
35157,1
102565,1
75320,1
48671,1
43351,1
52234,1
41340,1
33822,1
20256,1
27206,1
61407,1
95268,1
16226,1
27757,1
71127,1
112519,1
83583,0
84821,1
53251,1
102572,1
14746,1
13280,1
66168,1
59884,1
59812,1
109070,1
47367,0
56035,1
4535,1
95385,1
87889,1
43094,1
78210,1
64595,1
100701,1
58051,1
96741,1
102488,1
91003,1
68112,1
100677,1
1756,1
113426,1
111271,1
112298,1
109622,1
102674,1
111761,1
116666,0
22024,1
76772,1
90921,1
91207,1
100819,1
27007,1
37030,1
36948,1
75199,1
82335,1
110623,1
63690,1
54165,1
15150,1
38546,1
23572,1
100990,1
101999,1
82630,1
66433,1
116205,1
77256,1
37271,1
104177,1
113580,1
25825,1
57730,1
50044,1
76621,1
34263,1
25103,1
66226,1
55401,1
46728,1
102395,1
110937,1
101192,1
81641,1
37696,1
61451,1
56361,1
49950,1
85053,1
5206,1
83161,0
17790,0
101623,1
69110,1
115309,1
916,1
16911,1
59155,1
88263,1
66720,1
23039,1
31285,1
62502,1
84739,1
11136,1
86649,1
7973,1
95428,1
84932,0
33697,1
12419,1
4019,0
58830,1
92615,1
24188,1
88027,1
62576,1
27588,1
80992,1
17158,1
108085,1
83551,0
40891,1
6806,1
96748,1
57813,1
35518,1
49047,1
44358,1
57275,1
111055,1
16450,1
23671,1
95812,1
39159,1
43744,1
92044,1
91103,1
95852,1
66134,1
20946,1
52635,1
60848,0
4001,1
53811,1
42865,1
3770,1
99714,1
53836,1
1502,1
103976,1
38985,1
63027,1
23244,1
50016,1
81007,1
103384,1
36943,1
14021,1
107910,1
11036,1
11936,1
26016,1
99750,1
11109,1
107909,1
75147,1
48624,1
29669,1
86348,1
109039,1
79915,1
40077,1
2837,1
102320,1
85677,1
68754,1
93685,1
76860,1
91891,1
52672,1
22331,1
50934,1
14318,1
77066,1
4695,1
107995,1
89314,1
5241,1
61480,1
11545,1
12500,1
42718,1
7338,1
72932,1
43284,1
39574,1
116255,0
90964,1
4482,1
51616,1
110589,1
38897,1
71437,1
96496,1
37251,1
10073,0
47993,1
74716,1
78947,1
49752,1
6610,1
110858,1
40002,1
77442,1
102912,1
27115,1
61918,1
84153,0
84258,0
109970,1
82966,1
115950,1
112173,1
107408,1
107599,1
15120,1
78414,1
9475,0
42676,0
1074,1
65139,1
14260,1
107770,1
106916,1
26855,1
54079,1
33545,1
113917,1
14635,1
91760,1
65532,1
19522,1
53171,1
9386,0
42321,1
57395,1
2580,1
92416,1
109414,1
12598,1
6083,1
91225,1
52134,1
41616,1
56888,1
4311,1
104194,1
114186,1
74723,1
38773,1
66101,1
86038,1
5899,1
10846,1
31568,1
79409,1
840,1
102192,1
9834,0
109469,1
40409,1
61562,1
38736,1
98066,1
90575,1
100970,1
26548,1
105231,1
77870,1
93677,0
74877,1
12975,1
36860,1
48926,1
97151,1
45439,1
765,1
17824,1
106741,1
44111,1
106355,1
53024,1
79390,1
40138,1
114487,1
103169,1
109530,1
2620,1
108924,1
107634,1
53863,1
39477,1
59372,1
35794,1
82824,1
102406,1
17682,1
45708,1
62451,1
20125,0
15831,1
100326,1
83768,1
74921,1
100989,1
38314,1
98375,1
99329,1
47482,1
78287,1
91324,1
90570,1
95880,0
96188,1
13908,1
33957,1
88743,1
8080,1
91556,1
44458,1
97123,1
69035,1
114098,1
49819,1
106370,1
101013,1
114721,1
19116,1
20601,1
69778,1
20344,1
60313,1
90068,1
1359,1
78467,1
31533,1
26148,1
46874,1
82799,1
34346,1
89493,1
1509,1
56221,1
48458,1
12780,1
102416,1
111172,1
46710,1
67381,1
61365,1
27939,1
77779,1
45167,1
65226,1
73374,1
72499,1
27610,1
112759,1
29318,1
62543,1
79305,1
15700,1
59949,1
85820,1
12002,1
69868,1
95208,1
14367,1
77214,1
23341,1
75787,1
91354,1
36382,1
94905,1
2108,1
12501,1
10778,1
94002,1
73309,1
81678,1
69180,1
95707,1
55184,0
103627,1
11351,1
102487,1
111614,1
78561,1
64591,1
115214,1
108886,1
636,1
74519,1
16630,1
22666,1
4512,1
107327,1
66729,1
32813,1
82896,1
62403,1
32305,1
108226,1
13866,1
72322,1
2963,1
87483,1
75312,1
22076,1
70051,1
75117,1
79803,1
68752,1
34743,1
61256,1
54273,1
37297,1
67996,1
98282,1
45371,1
83602,1
51248,1
44674,1
33257,1
33439,1
105038,1
60184,1
56768,1
106680,1
54149,1
92159,1
50903,1
96324,1
109542,1
69687,1
432,1
5167,1
89520,1
109877,1
115364,1
34600,1
91552,1
97243,1
41420,1
78233,1
43032,1
37,0
32544,1
57920,1
98560,1
97676,1
55355,0
20372,1
15261,1
108823,1
37361,1
66249,1
559,1
52137,1
95295,1
37089,1
100639,1
78627,1
102841,1
12612,1
61305,1
108766,1
113182,1
71667,1
25457,1
39770,1
95918,0
13092,1
98078,1
57911,1
91861,1
20684,1
43205,1
105045,1
61824,1
61509,1
18890,1
24714,1
94348,1
84500,1
24815,1
78553,1
79415,1
3747,1
11600,1
1597,1
110116,1
62537,1
20874,1
96213,1
80618,1
14080,1
24312,1
9372,0
116360,0
22391,1
4302,1
35774,1
22694,1
10973,1
13285,1
81060,1
28439,1
49777,1
7523,1
38598,1
115573,1
15167,1
50893,1
1559,1
13313,1
79064,1
25017,1
84853,1
48002,1
7928,1
67643,1
95899,1
96798,1
19642,1
103752,0
85001,1
77947,1
46940,1
96160,1
10447,0
78097,1
15863,1
42029,1
79472,1
7939,1
16105,1
47176,1
46300,1
32535,1
19797,1
56921,1
104910,1
71035,1
17290,1
24142,1
760,1
85038,1
99290,1
45382,1
92403,1
105152,1
98628,1
53450,1
96099,1
82600,1
100901,1
43013,0
82215,1
96248,1
30177,1
77271,1
45798,1
67321,1
63155,1
69918,1
87238,1
55006,1
110656,1
9476,0
70429,1
58706,1
59056,1
22117,1
78182,1
80857,1
61358,1
46193,1
57893,0
42503,1
90382,1
57138,1
47780,1
29480,1
22211,1
52726,1
80770,1
82790,1
72943,1
87228,1
45312,1
83637,1
40081,1
68184,1
68122,1
64610,1
25287,1
29381,1
55728,1
19544,1
47096,1
11009,1
35950,1
96578,1
112432,1
11672,1
51529,1
103107,1
64860,1
69754,1
103996,1
52204,1
64555,1
9795,0
54544,1
30697,1
31075,1
78315,1
61521,1
92535,1
60653,1
74907,1
20140,1
55833,1
72914,1
114662,1
1754,0
148,1
90898,1
58418,1
91211,1
43306,1
53260,1
103676,1
110826,1
81081,1
34381,1
5829,1
69306,1
28343,1
114803,1
2015,1
5192,1
115659,1
111728,1
104060,1
33371,1
38097,1
58905,1
11173,1
865,1
12755,1
23396,1
49395,1
109528,1
62222,1
4477,1
57450,1
55954,1
114218,1
111792,1
16865,1
98421,1
43988,1
103134,1
4507,1
70880,1
87122,1
64947,1
56095,1
65888,1
69996,1
45565,1
17157,1
110484,1
69409,1
65715,1
12638,1
63295,1
60180,1
24544,1
60194,1
26754,1
86713,1
7436,1
106478,1
71494,1
79646,1
34568,1
364,1
14648,1
15082,1
58601,1
55381,0
97567,1
71574,1
55654,1
73757,1
115904,0
79431,1
97881,1
2801,1
58182,1
114565,1
101226,1
70641,1
56893,1
12856,1
115565,1
24853,1
1245,1
22745,1
86457,1
13746,1
30615,1
36821,1
38699,1
68775,1
61756,1
98412,1
108932,1
81686,1
96636,1
107065,1
14728,1
83694,1
97091,1
6475,1
11319,1
106451,1
22228,1
101838,1
69930,1
87793,1
47734,1
114645,1
88731,1
86310,0
86268,1
69103,1
7689,1
32872,1
101433,1
91270,1
21534,1
113058,0
76853,1
38262,1
39851,1
17357,1
58420,1
37067,1
105347,1
38640,1
37606,1
89297,1
19420,1
1789,0
48356,1
63294,1
13739,1
79198,1
55872,1
39963,1
97919,1
25651,1
94792,1
101307,1
40232,1
51977,1
9230,0
47829,1
104634,1
65546,1
10839,1
38636,1
74391,1
83346,0
1403,1
44225,1
99323,1
49932,1
109688,1
1695,1
31958,1
61264,1
76121,1
105940,1
62175,1
110092,1
2431,1
74051,1
34112,1
22620,1
65908,1
909,1
14915,1
28182,1
106888,1
52551,1
63190,1
2402,1
106899,1
32161,1
28743,1
77198,1
21686,1
39534,1
11415,1
34012,1
53517,1
1195,1
101294,1
29902,1
50575,1
15704,1
64857,1
65792,1
16365,1
73741,1
66945,1
57632,1
88207,1
85597,0
4725,1
7446,1
24722,1
25192,1
115110,1
95044,1
75591,1
94488,1
75008,1
70320,1
13663,1
73058,1
9304,0
81406,1
1725,1
108869,1
28797,1
57032,1
87359,1
21514,1
5912,1
24843,1
85843,1
79422,1
12516,1
103915,1
51805,1
57745,1
88427,1
91500,1
113359,1
115492,0
1379,1
73225,1
69224,1
93823,1
87794,1
28067,1
53911,1
10435,0
34413,1
15659,1
36558,1
81718,1
54951,1
66188,1
76850,1
44433,1
89792,1
3621,1
70864,1
7219,1
73535,1
105504,1
11162,1
62363,1
65548,1
71688,1
77199,1
59860,1
2810,1
92438,1
89110,1
100993,1
11161,1
46246,1
69672,1
30628,1
44563,1
85149,0
12363,1
114267,1
51310,1
67042,1
37134,1
43356,1
29047,1
100434,1
60998,1
106838,1
34416,1
21274,1
15928,1
49882,1
62784,1
72302,1
38374,1
36912,1
40969,1
115422,1
60776,0
47598,1
46371,1
115193,1
21605,1
84629,0
27328,1
87822,1
111902,1
14963,1
20460,1
5295,1
98575,1
99847,1
12120,1
19510,0
68950,1
47928,1
22369,1
79944,1
32583,1
98336,1
72723,1
27713,1
46930,0
97367,1
12213,1
58328,1
109501,1
64222,1
88220,1
50762,1
17323,1
62709,1
84216,0
53175,1
82861,1
60645,1
30783,1
8749,0
33513,1
69619,1
87310,1
93382,1
87502,1
35645,1
111105,1
68187,1
103678,0
21329,1
87566,1
11595,1
18205,1
1312,1
56565,1
560,1
72682,1
33725,1
100414,1
103412,1
39994,1
97295,1
5387,1
9852,0
70658,1
41002,1
79071,1
47553,1
41615,1
45679,1
36142,1
78586,1
76733,1
10892,1
50621,1
10391,0
84880,1
102944,1
35167,1
7310,1
54639,1
17276,1
73273,1
64204,1
25557,1
75133,1
102153,1
35393,1
33012,1
11340,1
52300,1
56176,1
95954,1
96343,1
3346,1
84793,1
81371,1
104998,1
61260,1
28261,1
74495,1
49228,1
98120,1
113593,1
19971,1
109736,1
88444,1
28876,1
88714,1
56131,1
39419,1
4947,1
74163,1
43220,1
81754,1
9967,0
109240,1
65629,1
87086,1
94119,1
51883,1
28314,1
6791,1
93293,1
74804,1
106210,1
13450,1
111752,1
40612,1
81867,1
67421,1
113143,1
51720,1
78322,1
71309,1
105297,1
20707,1
95696,1
40958,1
50411,1
2,1
16091,1
68295,1
73746,1
44990,1
93464,1
91549,1
9425,0
93311,1
68711,1
26425,1
11294,1
16304,1
35233,1
96494,1
54545,1
14274,1
7848,1
48380,1
25025,1
114059,1
68047,1
15248,1
110692,1
70027,1
101925,1
67853,1
7086,1
84105,0
102781,1
10082,0
66691,1
2486,1
82249,1
106808,1
59072,1
92264,1
22948,1
101531,1
55673,1
19381,1
19551,1
13541,1
108976,1
69928,1
108979,1
92641,1
55989,1
18847,1
111590,1
84766,1
74408,1
89506,1
8859,0
32328,1
34959,1
9921,0
45784,1
72204,1
78894,1
83990,0
40931,1
49832,1
23977,1
63001,1
88222,1
12818,1
38677,1
105516,1
31385,1
100038,1
38015,1
112398,1
40088,1
56733,1
20431,1
88540,1
46910,1
34629,1
97008,1
103602,1
111503,1
18706,1
102544,1
91494,1
10095,0
13934,1
55897,1
27331,1
81741,1
32069,1
51644,1
7612,1
88822,1
77470,1
87154,1
85192,1
75677,1
87193,1
112708,1
2889,1
96433,1
109223,1
54097,1
66324,1
10131,0
19731,1
90410,1
109210,1
25738,1
105966,1
54437,1
19569,1
46404,1
36169,1
14855,1
56235,0
88116,1
89614,1
87948,1
36145,1
33351,1
9972,0
30720,1
28363,0
60303,1
25705,1
110715,1
32449,1
82269,1
35969,1
106909,1
85269,1
47965,1
801,1
52683,1
72918,1
41941,1
30984,1
77186,1
25368,1
82809,1
37941,1
39267,1
108318,1
93476,1
109061,1
17352,1
45615,1
52243,1
94154,1
18320,1
32222,1
40477,1
6853,1
35524,1
6458,1
94924,1
80391,1
78345,1
13806,1
83536,0
39710,1
115701,1
100474,1
111201,1
103391,1
36490,1
8077,1
2956,1
107822,1
97648,1
81552,1
112090,1
38383,1
10974,1
98843,1
45647,1
13444,1
79360,1
61772,1
46144,1
75603,1
28341,1
42249,1
92476,1
62182,1
35169,1
57888,1
12397,1
39291,1
94753,1
81238,1
93321,1
106338,1
97596,1
76675,1
26382,1
114384,1
61716,1
23296,1
18385,1
34470,1
38409,1
95057,1
111013,1
33892,1
37289,1
66354,1
93135,1
45771,1
63171,1
73300,0
73263,1
42531,1
34457,1
75271,1
46926,1
60148,1
87459,1
18595,1
86029,1
108580,1
101437,1
102568,1
80865,1
73508,1
4677,1
84667,1
87858,1
53472,1
109183,1
51259,1
110732,1
25761,1
81782,1
28549,1
44648,1
52186,1
4331,1
105366,1
70199,1
5190,1
27862,1
72232,1
35135,1
76693,1
75257,1
79464,1
71492,1
16142,1
34414,1
37563,1
84360,0
12884,1
15401,1
31113,1
47078,1
56866,1
99794,1
18976,1
101551,1
6849,1
57175,0
60156,1
66961,1
100300,1
77400,1
100995,1
94244,1
107191,1
42487,1
97175,1
43209,1
59896,1
1105,1
72379,1
32275,1
49390,1
45853,1
28225,1
8572,1
41916,0
64839,1
76349,1
100565,1
105776,1
3196,1
26613,1
113647,1
486,1
370,1
86912,1
99087,1
18895,1
93190,1
71918,1
113520,1
15407,1
64210,1
8837,0
30408,1
19622,1
16682,1
82793,1
60107,1
49297,1
30869,1
34815,1
98408,1
24003,1
16940,1
109139,1
13266,1
38452,1
61779,1
88648,1
95872,0
3632,1
16493,1
15893,1
11656,1
18522,1
82227,1
33734,1
25318,1
78199,1
66205,1
80720,1
106503,1
32873,1
88697,1
115873,0
53632,1
110329,1
34207,1
94633,1
76575,1
15775,1
85853,1
39465,1
22958,1
37579,1
107130,1
3258,1
55283,1
99612,1
29990,1
13877,1
48825,1
4944,1
40100,1
34332,1
50986,0
25762,1
99250,1
11760,1
42733,1
49573,1
95567,1
29377,1
104885,1
83151,0
116049,0
57654,0
35771,1
90135,1
77514,1
44484,1
85283,1
103693,1
12055,1
66400,1
34077,1
11345,1
85395,1
96651,1
61527,1
2196,1
70102,1
24124,1
97427,1
36737,1
35282,1
86784,1
96631,1
78113,1
15754,1
114953,1
47013,1
7833,1
88147,1
87911,1
74327,1
93800,1
113250,1
12881,1
20369,1
21390,1
11249,1
9777,0
112300,1
112162,1
70793,1
90715,1
107252,1
79468,1
65294,1
5322,1
50231,1
11586,1
95018,1
26370,1
111943,1
36069,1
35201,1
23227,1
12041,1
61416,1
106183,1
38174,1
26751,1
99016,0
71319,1
4409,1
77224,1
60561,1
54412,1
104224,1
42782,0
110377,1
38179,0
5574,1
16934,1
35825,1
101545,1
63755,1
31498,1
110514,1
111248,1
114627,1
109005,1
8493,1
5435,1
85184,1
111415,1
54213,1
47279,1
32471,1
18482,1
44999,1
88921,1
111608,1
105596,1
116484,1
101975,1
116270,0
37909,1
43397,1
20800,1
41708,1
26872,1
75930,1
16406,1
68470,1
10794,1
48075,1
69847,1
14691,1
104901,1
86907,1
26986,1
1353,1
78025,1
86753,1
5752,1
108744,1
37066,1
1875,1
24406,1
81976,1
3412,1
10416,0
19239,1
65936,1
101290,1
45532,1
16043,1
62619,1
43019,1
39373,1
21182,1
30255,1
25570,1
26205,1
70382,1
89922,1
42367,1
78200,1
72090,1
41548,1
94937,1
64800,1
113581,1
104085,1
85193,1
46715,1
66133,1
1102,1
7233,1
47456,1
10514,0
96642,1
114771,1
66055,1
34523,1
37276,1
99667,1
45687,1
48877,1
70799,1
33837,1
47952,1
8419,1
82999,1
80141,1
92320,1
22995,1
89766,1
32694,1
66201,1
96856,1
109266,1
79332,1
87700,1
94707,1
91141,1
100003,1
93955,1
83797,1
109191,1
57857,1
23704,1
58876,1
113424,1
88720,1
37684,1
7065,1
116029,0
68515,1
82524,1
61293,1
79286,1
114892,1
61914,1
6861,1
73704,1
84433,1
32450,1
107050,1
73664,1
94547,1
43876,1
46412,1
82011,1
48137,1
85765,1
27250,1
41152,1
103550,1
52960,1
65480,1
59846,1
39709,1
58971,1
53412,1
102200,1
20080,1
17733,1
100025,1
38674,1
102081,1
49510,1
15210,1
81258,1
109790,1
69586,1
98918,1
13894,1
40473,1
16956,1
64471,1
85501,0
105409,1
6372,1
7244,1
44645,1
5062,1
36370,1
87675,1
27563,1
15764,1
23332,1
40524,1
42406,1
106586,1
25596,1
81948,1
26442,1
75622,1
26145,0
96330,1
19768,1
76302,1
25958,1
87937,1
56862,1
101260,1
7869,1
95359,1
42438,1
5409,1
91531,1
105824,1
50255,1
37207,1
108213,1
38889,1
102994,1
99862,1
76428,1
35256,1
68827,1
83683,1
101827,1
37310,1
57378,1
80907,1
68936,1
108110,1
53015,1
82886,1
67808,1
84294,0
14429,1
27228,1
62672,1
98537,1
35454,1
96134,1
90648,1
61750,1
45591,1
75379,1
82212,1
27412,1
110545,1
12336,1
76928,1
84790,0
82797,1
95046,1
27785,1
9964,0
10635,1
32624,1
21168,1
42495,1
13231,1
2739,1
13201,1
48367,1
86799,1
69893,1
43310,1
28754,1
85311,1
72178,1
75956,1
108617,1
86338,1
102951,0
48340,1
47307,0
110683,1
41831,1
49508,1
62435,1
27937,1
82606,1
20968,1
48506,1
17221,1
73994,1
57225,1
71327,1
92118,1
67262,1
104675,1
18608,1
51514,1
61245,1
111852,1
47322,1
19563,1
43052,1
3985,1
102911,1
109890,1
48521,1
74554,1
61597,1
20607,1
1067,1
105584,1
89299,1
24485,1
76794,1
59010,0
10940,1
108852,1
44149,1
81542,1
88887,1
28205,1
104470,1
71997,1
84981,1
63600,1
66425,1
99270,1
10481,0
5153,1
34731,1
93237,1
75386,1
12062,1
80032,1
91239,1
1909,1
15690,1
73889,0
39601,1
114505,1
4134,1
68274,1
68371,1
91655,1
44223,1
7213,1
105909,1
99279,1
100572,1
36538,1
68921,1
116431,1
132,1
47098,1
33349,1
9716,0
55991,1
33161,1
88478,1
58453,1
63321,1
29565,1
30815,1
53080,1
13703,1
36495,1
50493,1
20661,1
73719,1
26853,1
116581,0
44194,1
20595,1
28074,1
90347,1
37381,1
82143,1
17358,1
8593,1
93286,1
46936,1
114418,1
85929,1
10150,0
22606,1
20982,1
19787,1
85435,1
91737,1
70248,1
101212,1
109611,1
111525,1
115961,1
8071,1
11767,1
18807,1
81426,1
38032,1
55823,1
38931,1
85468,1
90365,1
54847,1
21360,1
23932,1
71017,1
115853,1
89494,1
50311,1
6895,0
61082,1
87421,1
27885,1
81099,1
49961,1
18768,1
47085,1
35418,1
17459,1
98695,1
32125,1
8789,0
48113,1
3190,1
52772,1
91244,1
45117,1
3650,1
106428,1
85990,1
57442,1
38744,1
68906,1
98971,1
42372,1
60213,1
20842,1
110216,1
67300,1
112771,1
10860,1
26708,1
99318,1
112932,1
58008,1
15629,1
28527,1
7903,1
28615,1
13334,1
83656,1
14692,1
46219,1
46761,1
11539,1
83488,0
17127,1
50830,1
85914,1
92091,1
94491,1
74353,1
91228,1
71820,1
6273,1
45712,1
56747,1
8536,0
81187,1
54646,1
30028,1
41964,1
78177,1
59624,1
113990,1
90201,1
20719,1
111220,1
102630,1
70198,1
21498,1
96895,1
56326,1
74123,1
46182,1
13306,1
32959,1
87132,1
3641,1
26336,0
81335,1
34268,1
65557,1
36486,1
98099,1
62147,1
35670,1
101610,1
92005,1
5534,1
97459,1
19276,1
99083,1
56572,1
80771,1
102517,1
108592,1
22912,1
101735,1
17207,1
113117,1
92377,1
10292,0
36390,1
69795,1
37493,1
67005,1
78858,1
30936,1
25496,1
113661,1
54154,1
35010,1
73960,1
368,1
968,1
44553,1
58759,1
96557,1
78648,1
9491,0
16448,1
30348,1
76920,1
86130,1
36613,1
11017,1
87236,1
64340,1
83641,1
33172,1
102364,1
116736,0
10683,0
100128,1
76508,1
51507,1
104301,1
102062,1
3232,1
112683,1
18302,1
97003,1
72782,1
28511,1
50721,1
1831,1
1242,1
109910,1
52021,1
91271,1
106728,1
50477,1
70192,1
101026,1
28906,0
8998,0
59055,1
58645,1
83245,0
98273,1
41111,1
35757,1
107821,1
7490,1
18161,1
46389,1
80308,1
107685,1
50374,1
67313,1
104823,1
24161,1
32312,1
15111,1
76669,1
78608,1
72388,1
67359,1
57853,0
96544,1
23027,1
63722,1
22784,1
47258,1
19935,1
12178,1
105575,1
21630,1
56325,1
94830,1
51040,0
14779,1
81653,1
107199,1
78006,1
16619,1
66273,1
16608,1
57089,1
3293,0
98682,0
44252,1
108482,1
23290,1
3845,1
28469,1
47819,1
94977,1
54703,1
110139,1
13777,1
104292,1
111865,1
22301,1
45807,1
37792,1
77806,1
67194,0
32980,1
115429,1
89234,1
48114,1
86339,1
1214,1
21577,1
63079,1
81434,1
58703,1
15762,1
64280,1
65131,1
79731,1
99096,1
37679,1
58408,1
68104,1
2105,1
102802,1
9505,0
2413,1
100028,1
92934,1
32214,1
834,1
74599,1
74991,1
42578,0
22419,1
12537,1
46057,1
59758,1
13163,1
95042,1
99524,1
50182,1
22936,1
44143,1
50539,1
51153,1
5609,1
11907,1
4581,1
15089,1
75828,1
9677,0
60926,1
2523,1
46950,1
97469,1
55206,0
56411,1
68519,1
111524,1
19462,1
94945,1
105764,0
54712,1
91417,0
4782,1
30782,1
19558,1
96583,1
4381,1
38192,1
33760,1
55556,1
79971,1
7642,1
39220,1
84085,0
97927,1
116707,0
20187,1
35281,1
7373,1
102097,1
76154,1
53019,1
47708,1
26739,1
111425,1
73173,1
59274,1
72390,1
10619,1
53915,1
66922,1
113447,1
21323,1
555,1
18705,1
16704,1
35863,1
3285,1
9930,0
74702,1
50222,1
7847,0
1313,1
26469,1
63767,1
85879,1
57572,1
76631,1
105754,1
27909,1
38231,1
14706,1
97605,1
44013,1
42399,1
103376,1
25757,1
39339,1
110950,1
103579,1
18653,1
103903,1
18256,1
2972,1
90518,1
17806,1
116959,0
100161,1
101387,1
29283,1
116240,0
43074,1
2765,1
1541,1
26849,1
105566,1
59946,1
27472,1
20991,1
51952,1
73970,1
89031,1
112899,1
29332,1
77924,1
87458,1
32376,1
92103,1
58436,1
107593,1
109076,0
62257,1
56799,1
74099,1
3771,1
46228,1
83029,1
4655,1
38098,1
58382,1
11434,1
98185,1
114331,0
98072,1
294,1
41034,1
56247,1
46157,1
27499,1
78218,1
85474,1
74632,1
1737,1
39029,1
20365,1
98865,1
15357,1
36113,1
77028,1
75164,1
93831,1
8314,1
107911,1
9719,0
110162,1
21322,1
43890,1
30297,1
32826,1
53014,1
112336,1
57557,1
29059,1
59635,1
28942,1
114831,1
101505,1
3435,1
85610,1
83569,0
100814,1
17322,1
108928,1
93710,1
82315,1
55698,1
78422,1
92259,1
109318,1
44527,1
16138,1
42942,1
52066,1
103325,1
93650,1
96341,1
5993,1
9107,0
115568,1
86335,1
88290,1
57480,1
26393,1
93220,1
56947,1
114193,1
34840,1
77658,1
80373,1
104126,1
44140,1
13335,1
3513,1
80103,1
49037,1
96528,1
42719,1
108064,1
89402,1
49111,1
89630,1
88877,1
3782,1
112281,1
31225,1
65421,1
9336,0
15385,1
10702,0
93102,1
92385,1
101164,1
99525,1
70400,1
89654,1
78816,1
77926,1
71621,1
92115,1
78082,1
48037,1
4924,1
4532,1
116439,1
99976,1
97944,1
38170,0
4055,1
112254,0
115411,1
75536,1
23535,1
106410,1
11953,1
28400,1
2850,1
94731,1
43005,0
110810,1
75791,1
46073,1
89826,1
109009,1
12879,1
44912,1
85374,1
102621,1
42748,1
25020,1
23769,1
71055,1
66394,1
15882,1
5972,1
20823,1
62665,1
40643,1
116506,1
595,1
115944,1
8804,0
89719,0
41954,1
94533,1
75282,1
79888,1
75701,1
65212,1
1951,1
74656,1
110497,1
71185,1
81383,1
7910,1
56096,1
59117,1
80317,1
73366,1
68049,1
39500,1
103863,1
7526,1
73396,0
63645,1
4700,1
59789,1
100537,1
98256,1
27626,1
24976,1
89876,1
83096,0
48928,1
25008,1
95310,1
97037,1
77462,1
87580,1
107974,1
9215,0
93410,1
90639,1
56630,1
20539,1
61892,1
108605,1
29187,1
79622,1
20625,1
5424,1
13265,1
89367,0
28840,1
81103,1
105796,1
47934,1
94192,1
74531,1
34318,1
17393,1
23519,1
80378,1
60091,1
10929,1
88534,1
103399,1
101547,1
43822,1
21359,1
727,1
48893,1
97247,1
14591,1
87640,1
57894,1
73705,1
108526,1
88780,1
65867,0
105331,1
55311,1
57851,1
65747,1
115710,1
35031,1
104647,1
44135,1
3543,1
94276,1
34206,1
10707,0
19252,1
81787,1
51586,0
13237,1
55982,1
4792,1
7957,1
2017,1
96516,1
115717,1
104779,1
108241,1
33688,1
89647,1
77707,1
97170,1
81932,1
70404,1
99122,1
10976,1
87362,1
75432,1
453,1
74777,1
52127,1
42616,1
68993,1
113263,1
75761,1
17043,1
36901,1
23806,1
95251,1
98644,1
99244,1
35507,1
25988,1
102500,1
99174,1
56321,1
68322,1
36839,1
29825,1
24074,1
8222,1
8123,1
39131,1
47218,1
5796,1
36445,1
113412,1
74400,1
114938,1
60119,1
111265,1
29680,1
5188,1
86282,1
83028,0
19613,1
35030,1
19157,1
18733,1
60663,1
5057,1
87755,1
86246,1
110106,1
13186,1
1779,0
35321,1
62119,1
116851,0
68222,1
66576,1
44460,1
50715,1
90467,1
16939,1
68607,1
86394,1
40297,1
37146,1
29504,1
94968,1
95380,1
73302,1
50568,1
28561,1
80729,1
81218,1
99764,1
81199,1
80664,1
77567,1
58701,1
109503,1
7961,1
40167,1
1906,1
65054,1
59557,1
95041,1
50390,1
25345,1
82674,0
75839,1
54943,1
13503,1
104143,1
67560,1
47657,1
45406,1
17397,1
47599,1
62370,1
28,0
62637,1
9718,0
94346,1
33123,1
58773,1
68706,1
31663,1
32463,1
50468,1
54401,1
11560,1
57676,1
103947,1
56017,1
83996,0
69211,1
80986,1
20608,1
46531,1
6749,1
32888,1
6794,1
45890,1
86148,1
103883,1
46451,1
65864,0
70246,1
19665,1
67906,1
103826,1
100848,1
58047,1
15791,1
92918,1
111521,1
76407,1
64510,1
18562,1
70434,1
37921,1
66745,1
13362,1
73953,1
45836,1
39832,1
91009,1
35891,1
65614,1
91656,1
49402,1
115260,1
91529,1
22760,1
115685,1
95335,1
71318,1
71218,1
9493,0
3981,1
58466,1
111061,1
20390,1
50713,1
103173,1
15605,1
80021,1
71749,1
19641,1
53693,1
34550,1
63248,1
105289,1
13275,1
5544,1
100250,1
86673,1
115867,0
114710,1
82597,1
14385,1
27181,1
6789,1
34160,1
61313,1
65472,1
26287,1
85657,1
19360,1
39462,1
35983,1
65305,1
8989,0
12404,1
9969,0
12305,1
67306,1
87904,1
111478,1
76448,0
30988,1
35790,1
28804,1
38169,1
7856,1
60356,1
10100,0
39643,1
21575,1
37387,1
93721,1
111131,1
74255,1
74094,1
106080,1
47058,1
78052,1
24530,1
40736,1
86184,1
89787,1
77990,1
72361,1
57265,1
42879,1
31826,1
49853,1
88090,1
100377,1
40927,1
61991,1
56022,1
10450,0
69959,1
6862,1
105290,1
21252,1
9490,0
86296,1
81171,1
105586,1
35694,1
21304,1
75361,1
9479,0
8733,0
37755,1
53502,1
82410,1
85617,1
2013,0
106170,1
61108,1
53803,1
38445,1
99251,1
98919,1
2147,1
105433,1
59238,1
109646,1
75235,1
111442,1
43723,1
72377,1
26811,1
17194,1
54469,1
64919,1
71805,1
49464,1
67609,1
42498,0
37260,1
112575,1
40502,1
99189,1
18174,1
76870,1
14621,1
15332,1
40097,1
42968,1
58026,1
3895,1
767,1
50281,1
106553,1
46660,1
83565,0
73548,1
116286,1
94337,1
28718,1
81899,1
109610,1
90283,1
66344,1
24309,1
1468,1
30337,1
58760,1
76086,1
35490,1
5419,1
113519,1
17548,1
44722,1
99864,1
21059,1
61869,1
61954,1
78209,1
6041,1
77597,1
47356,1
116399,0
86489,1
31362,1
91164,1
84171,0
34929,1
21058,1
110857,1
23840,1
9247,0
37420,1
91038,1
15733,1
75652,1
22763,1
7265,1
29483,1
112909,1
115569,1
50227,1
102240,1
77261,1
114854,1
15043,1
113712,1
23525,1
64824,1
93144,1
102511,1
23097,1
58899,1
30974,1
31673,1
79569,1
29545,1
26028,1
100453,1
45929,1
20541,1
96881,1
65522,1
26498,0
74,1
66255,1
60646,1
23723,1
36784,1
38328,1
45809,1
59473,1
69468,1
80206,1
63644,1
49833,1
72069,1
48270,1
21400,1
68045,1
105585,1
42012,1
31416,1
32317,1
96264,1
59025,1
102499,1
69603,1
20104,1
57705,1
78636,1
109119,1
30544,1
27818,1
68681,1
83049,1
74233,1
60752,1
107382,1
30562,1
103435,1
89846,1
24845,1
49692,1
86155,1
54659,0
89743,1
40164,1
46202,1
44328,1
17138,1
1537,1
10195,0
114615,1
100846,1
6073,1
11110,1
85945,1
21602,1
57184,1
23610,1
31629,1
33005,1
20655,1
22259,1
55809,1
49252,1
55856,1
71629,1
39390,1
103496,1
37534,1
95419,1
56655,1
62224,1
1620,1
74329,1
21301,1
66844,1
79910,1
1582,1
46694,1
24363,1
100735,0
46691,1
1044,1
113354,1
58901,1
103313,1
50639,1
73169,1
10931,1
92227,1
38563,1
63668,1
96612,1
38259,1
1132,1
20183,1
44565,1
108039,1
60740,1
67136,1
68178,1
1849,1
58959,1
67288,1
34808,1
84003,0
40733,1
103535,1
98850,1
38967,1
19643,1
116157,1
50508,1
5147,1
114849,1
25251,1
65140,1
10737,1
61715,0
18051,1
12191,1
76230,1
22398,1
13288,1
105473,1
32334,1
16559,1
87908,1
51360,0
11801,1
100400,0
85707,1
28930,1
46118,1
14650,1
81110,1
41256,1
74854,1
58849,1
54225,1
114851,1
84361,0
63884,1
64994,1
22340,1
17706,1
50755,1
61554,1
24398,1
92864,1
36833,1
80632,1
66830,1
95119,1
96498,1
100304,1
34831,1
28647,1
49103,1
99811,0
39451,1
50711,1
20002,1
5577,1
59902,1
59840,1
101196,1
40857,1
59180,1
71147,1
107965,1
5077,1
70871,1
75082,1
23350,1
4141,1
73474,1
77928,1
115240,1
78572,1
116633,1
96372,1
104320,1
56058,1
60624,1
12224,1
23104,1
50387,1
9583,0
86551,1
97382,1
27027,1
99108,1
45717,1
2251,1
91137,1
69206,1
108519,1
90937,1
107463,1
90748,1
96261,1
65602,1
78972,1
37528,1
82867,1
77225,1
88905,1
107814,1
79732,1
97352,1
111016,1
20269,1
116425,1
49434,1
64360,1
12963,1
44678,1
72233,1
91356,1
112904,1
60231,1
27867,1
89051,1
38826,1
17948,1
26572,1
53463,1
103002,0
10750,1
3320,1
21576,1
48632,1
76000,1
30733,1
12446,1
70309,1
104879,1
111341,1
103013,1
49999,1
97372,1
107987,1
62888,1
49990,1
107044,1
60277,1
89452,1
111828,1
24143,1
20981,1
30492,1
25993,1
104089,1
48733,1
111570,1
61192,1
49756,1
79096,1
58865,1
44333,1
39993,1
67847,1
94455,1
88916,1
51134,1
29685,1
78194,1
73927,1
47636,1
41445,1
80703,1
12916,1
54880,1
68359,1
4551,1
113282,1
38104,1
11437,1
86373,1
24570,1
28477,1
11353,1
3749,0
43162,1
82357,1
16532,1
92906,1
60726,1
8399,1
9079,0
66060,1
103262,1
30766,1
25523,1
57602,1
69263,1
9472,0
88719,1
98426,1
20750,1
30461,1
15620,1
67819,1
67838,1
89317,1
44377,1
3052,1
14292,1
71356,1
28036,1
107400,1
58032,1
15173,1
19950,1
65584,1
92244,1
82421,1
47779,1
31819,1
101489,1
14345,1
48542,1
229,1
1211,1
63745,1
101128,1
74308,1
99273,1
101311,1
60924,1
94699,1
20689,1
116325,1
82994,1
76478,1
1986,1
74323,1
56805,1
105514,1
61720,1
101248,1
43678,1
27938,1
112829,1
25022,1
14016,1
92282,1
37201,1
62574,1
109768,1
109630,1
36929,1
68653,1
17509,1
56030,1
59412,1
76768,1
64922,1
38090,1
13753,1
109669,1
71776,1
65034,1
35187,1
77852,1
71743,1
13303,1
7170,1
47997,1
94979,1
89126,1
84146,0
33785,1
37500,1
94389,1
57692,1
24127,1
83848,1
65886,1
47663,1
111968,1
32991,1
55182,0
36404,1
115973,1
25563,1
110035,1
35268,1
115595,0
111489,1
33332,1
46505,1
65030,1
10367,0
57241,1
99226,1
3385,1
36701,1
96090,1
31932,1
73495,1
84627,0
80052,1
116489,1
85366,1
87876,1
96058,1
101839,1
27304,1
18316,1
92509,1
93851,1
73313,1
32930,1
56677,1
17205,1
26639,1
104672,1
90198,0
101039,1
15994,1
115908,0
30286,1
76425,1
94686,1
44786,1
73181,1
14116,1
9589,0
111581,1
68369,1
60390,1
26756,1
89326,1
46705,1
85781,1
103712,1
62515,1
24624,1
93860,1
107721,1
110408,1
75515,1
85326,1
56920,1
83795,1
14549,1
102399,1
19073,1
50341,1
53997,1
54362,1
69526,1
40828,1
43333,1
48784,1
50726,1
60102,1
104843,1
14799,1
110871,1
68321,1
43539,1
55711,1
43454,1
3880,1
99397,1
103489,0
111587,1
40522,1
51742,1
77511,1
73282,1
109900,1
54387,1
36713,1
26505,1
100468,1
101190,1
75645,1
25092,1
37122,1
5666,1
32940,1
98943,1
3407,1
88416,1
70601,1
67084,1
7435,1
57836,1
63288,1
10024,0
99340,1
11814,1
61030,1
79955,1
63044,1
84363,0
29113,1
93627,1
8418,1
51638,1
75118,1
113029,1
43481,1
94202,1
77994,1
13107,1
41025,1
12467,1
32332,1
111911,1
116414,0
51024,0
98658,1
54512,1
13731,1
38672,1
63749,1
99468,1
66381,1
90925,1
68931,1
77095,1
45528,1
23147,1
3127,1
42462,1
80674,1
41269,1
98991,1
58535,1
112107,0
46562,1
66490,1
16535,1
69123,1
69093,1
76311,1
28948,1
43730,1
45772,1
65242,1
28552,1
92105,1
49476,1
57042,1
48773,1
103475,1
54800,1
6743,0
105702,1
11267,1
28481,1
5495,1
75020,1
58031,1
82428,1
13890,1
11826,1
89941,1
84181,0
88578,1
113859,1
8177,1
11620,1
7857,1
20805,1
83021,1
35371,1
8609,1
8061,1
36018,1
78137,1
28716,1
52709,1
33477,1
65185,1
98422,1
42982,1
70134,1
2042,1
105723,1
6130,1
50654,1
97064,1
33085,1
76102,1
103619,1
67600,1
14457,1
13419,1
29661,1
22990,1
45641,1
31169,1
47761,1
57190,1
86923,1
6523,1
91493,1
92969,1
38507,1
104580,1
14953,1
96395,1
5470,1
87736,1
109492,1
79872,1
96472,1
24014,1
36931,1
92837,1
13180,1
98707,1
103215,1
27926,1
76958,1
107669,1
84685,0
6378,1
84161,0
56523,1
19867,1
80280,1
95167,1
36307,1
71846,1
74755,1
38285,1
51588,1
35362,1
115513,1
7367,1
31213,1
35208,0
39422,1
14266,1
62501,1
15867,1
50577,1
21411,1
16198,1
87201,1
67038,1
27445,1
26183,1
29777,1
99292,1
96176,1
66214,1
81914,1
71387,1
7194,1
65439,1
81837,1
42863,1
95377,1
64341,1
68475,1
54205,1
109921,1
100154,1
88442,1
66606,1
17929,1
72320,1
79980,1
76208,1
19156,1
36160,1
65171,1
50251,1
60186,1
50901,1
49570,0
110456,1
50071,1
42907,1
47374,1
93448,1
59643,1
58655,1
19790,1
21120,1
106704,1
87318,1
93794,1
93898,1
37661,1
8720,0
58123,1
17106,1
87096,1
59305,1
51012,1
102413,1
106802,1
19159,1
113467,1
49355,1
7837,1
65220,1
53144,1
38885,1
52611,1
12716,1
104871,1
24099,1
71206,1
90054,1
51962,1
8949,0
21876,1
115910,0
31556,1
26128,1
46098,1
31331,1
62013,1
98878,1
90369,1
11182,1
102682,1
25616,1
100680,1
15123,1
82234,1
96297,1
41662,1
93301,1
73606,1
74231,1
22738,1
76050,1
62785,1
10748,1
82768,1
100552,1
81494,1
103920,1
97228,1
114310,1
115462,0
22486,1
95599,1
24502,1
94049,1
96364,1
27307,1
87475,1
104403,1
14390,1
99301,1
78462,1
91288,1
44354,1
49703,1
94952,1
105698,1
86292,1
19881,1
17794,1
47340,1
107895,1
73568,1
1407,1
28690,1
114543,1
79557,1
79790,1
83732,1
96887,1
41115,1
33461,1
10725,1
21395,1
3443,1
74710,1
112973,1
69711,1
79380,1
43226,1
4025,1
13382,1
54144,1
91960,1
16645,1
55390,1
77065,0
81515,1
103801,1
102179,1
85936,1
3626,1
39132,1
49597,1
105056,1
37879,1
79693,1
65184,1
64817,1
101859,1
10386,0
30270,1
112858,1
19751,1
3516,1
43827,1
35294,1
52797,1
15032,1
108658,1
45124,1
1168,1
86064,1
106196,1
24660,0
68685,1
82800,1
58560,1
63879,1
23956,1
19122,1
78975,1
34235,1
73690,1
66917,1
79369,1
44921,1
94438,1
29992,1
4137,1
19423,1
4150,1
39236,1
79553,1
57889,1
62580,1
72107,1
93944,1
15366,0
89387,1
33132,1
106514,1
80691,1
79315,1
33635,1
27043,1
53309,1
55501,1
81297,1
57388,1
112529,1
65938,1
37196,1
114903,1
68593,1
15504,1
59342,1
105364,1
49316,1
47631,1
55963,1
43158,1
61646,0
44115,1
44980,1
3317,1
77654,1
40633,1
64926,1
89131,1
12126,1
39619,1
83767,1
116236,0
17718,1
25163,1
38523,1
58097,1
60408,1
114984,0
6997,0
15728,1
111465,1
706,1
3491,1
15339,1
102877,1
46015,1
15823,1
111615,1
89626,0
72590,1
71116,1
60782,1
96952,1
35919,1
39385,1
31099,1
116050,0
77527,1
102326,1
97889,1
104234,1
91186,1
68143,1
107422,1
60654,1
41950,1
2429,1
69351,1
37335,1
113809,1
18646,1
835,1
74160,0
99477,1
25494,1
22821,1
71101,1
40870,1
21673,1
28333,1
106402,1
4951,1
80730,1
84335,0
57104,1
68447,1
89254,1
19177,1
11332,1
40563,1
116215,1
101711,1
27675,1
90545,1
109451,1
56574,1
74499,1
34765,1
8417,1
77814,1
95864,1
93246,1
5629,1
102306,1
105386,1
103057,1
42292,1
93122,1
91555,1
3681,1
19403,1
105752,1
29475,1
108373,1
69521,1
15198,1
109967,1
107509,1
71051,1
86322,0
37045,1
69202,1
73948,1
55044,1
18830,1
88741,1
98958,1
104824,0
46762,1
88370,1
90879,1
85092,1
11831,1
28742,1
82464,1
99508,1
101187,1
106917,1
42025,1
72778,1
2637,1
57913,1
108538,1
83308,0
84585,0
109244,1
83788,1
48353,1
877,1
27105,1
116622,1
27959,1
4379,1
11957,1
19187,1
93109,1
69444,1
10763,1
105992,1
26331,0
55648,1
66543,1
90367,1
20836,1
95833,0
106379,1
80171,1
32152,1
13161,1
56116,1
31390,1
72015,1
70247,1
106750,1
78012,1
33757,1
56463,0
35450,1
53910,1
51660,0
92071,1
42470,1
20698,1
82928,1
39148,1
88559,1
87892,1
109555,1
61465,1
106091,1
88074,1
95107,1
27200,1
60101,1
51028,0
48867,1
102127,1
87182,1
8446,1
109560,1
29087,1
103463,0
67334,1
55934,1
17143,1
54633,0
654,1
96621,1
5812,1
21672,1
2892,1
115060,1
5636,1
75148,1
68580,1
43790,1
59935,1
24904,1
87227,1
106749,1
71695,1
13515,1
52311,1
45337,1
71558,1
37860,1
113462,1
13569,1
11211,1
11221,1
47588,1
10828,1
88657,1
4763,1
27594,1
60289,1
3659,1
3326,1
9465,0
47801,1
60282,1
68199,1
54530,1
59164,1
25938,1
80908,1
27829,1
87453,1
77209,1
49156,1
96367,1
116665,1
30225,1
34695,1
110605,1
46900,1
33313,1
116875,0
68416,1
87759,1
46330,1
107798,1
74681,1
97554,1
21341,1
94948,1
104657,1
11154,1
27689,1
81731,1
102924,1
99246,1
85155,1
114449,1
52409,1
41136,1
106931,1
24918,1
31625,1
16692,1
32427,1
50717,1
6727,1
51287,1
40701,1
115175,1
63221,1
23548,1
29553,1
86450,1
53026,1
57939,1
23777,1
51428,1
88992,1
31406,1
78353,1
112853,1
94496,1
13543,1
8646,0
68159,1
87838,1
94684,1
41302,1
41139,1
104504,1
99041,1
19222,1
37706,1
24600,1
46825,1
14249,1
40115,1
17400,1
54857,1
51482,1
42281,1
55087,1
39263,1
755,1
86840,1
2779,0
24503,1
46097,1
48570,1
58144,1
34775,1
30077,1
38968,1
85844,1
16453,1
21751,1
73620,1
80583,1
63753,1
103986,1
115781,1
8433,0
62514,0
83600,1
40325,1
41337,1
42429,1
15734,1
38729,1
84523,1
77909,1
30251,1
7868,0
1269,1
87333,1
46501,1
13440,1
31624,1
94342,1
72534,1
30935,1
11283,1
27302,1
74205,1
75057,1
18667,1
20116,1
9045,0
89044,1
63217,1
13749,1
58095,1
54797,1
116545,1
107369,1
23004,1
23331,1
70663,1
9327,0
29140,1
67081,1
66275,1
76411,1
1674,1
16121,1
2567,1
95233,1
39752,1
39563,1
93054,1
64952,1
70268,1
111096,1
33541,1
50017,1
8521,1
21584,1
114137,1
98322,1
2244,1
60241,1
3203,1
40056,1
28885,1
70740,1
30825,1
105227,0
20224,1
882,1
77534,1
43965,1
113810,1
1936,0
45689,1
72201,1
3240,1
101613,1
10358,0
363,1
85643,1
109314,1
24054,1
103030,1
8738,0
19324,1
34409,1
106311,1
86437,1
93450,1
58232,1
66708,1
102804,1
46233,1
64016,1
22469,1
63580,1
58754,1
36110,1
36132,1
91828,1
534,1
12665,1
34178,1
78015,1
49294,1
104970,1
57786,1
60038,1
17199,1
22884,1
89242,1
100435,1
34565,1
106031,1
70111,1
70726,1
106471,1
85042,1
81268,1
95965,1
45178,1
20659,1
98827,1
3089,1
44387,1
1996,1
87173,1
90349,1
77355,1
68367,1
73805,1
32355,1
91647,1
7489,1
81163,1
95414,1
111263,1
105005,1
1299,1
31315,1
39041,1
5499,1
6447,1
81149,1
47894,1
112213,1
58446,1
88150,1
83400,0
92905,1
83521,0
42919,1
98095,1
72603,1
64148,1
26905,1
60139,1
43617,1
35709,1
26327,1
20045,1
15116,1
87968,0
107051,1
21209,1
25739,1
71216,1
11549,1
49549,1
99841,1
51658,1
28412,1
65603,1
71091,1
68546,1
82643,1
52344,1
53785,1
40096,1
45254,1
102489,1
84633,1
47914,1
42317,0
44264,1
93254,0
79183,1
37011,1
38799,1
11397,1
78683,1
4582,1
3228,1
72903,1
10681,0
65679,1
84431,1
29813,1
89353,0
115210,1
105008,1
9344,0
14141,1
56117,1
33980,1
94615,1
56207,1
112290,1
84269,0
74797,1
46854,1
20085,1
57204,1
105315,1
87347,1
85703,1
112525,1
90777,1
94774,1
23600,1
38762,1
57986,1
92990,1
37040,1
47691,1
30699,1
69904,1
786,1
11049,1
63456,1
18100,1
109650,1
15792,1
12379,1
7853,0
153,1
111612,1
13016,1
80409,1
79795,1
52057,1
37394,1
26870,1
82916,1
113203,1
98458,0
56398,1
77004,1
63752,1
32363,1
22634,1
70190,1
73591,1
54675,1
111660,1
23889,1
96387,1
74462,1
32924,1
35853,1
51272,1
1552,1
78929,1
33324,1
67684,1
44755,1
495,1
79401,1
100625,1
57196,1
90697,1
32919,1
116081,1
112632,1
65425,1
115539,1
66900,1
83658,1
19385,1
61607,1
91229,1
51567,1
23345,1
53364,1
29968,1
15696,1
19267,1
3720,1
39895,1
75069,1
26619,1
17272,1
103775,1
19585,1
70456,1
4823,1
31376,1
15479,1
32167,1
82263,1
61868,1
4136,1
19572,1
86442,1
51375,0
45156,1
27160,1
67657,1
72394,1
992,1
46041,1
59838,1
48639,1
81685,1
55739,1
7382,1
116418,1
15630,1
92172,1
72902,1
114103,1
86654,1
57473,1
50617,1
20977,1
69101,1
61247,1
71376,1
82203,1
98970,1
12861,1
60942,1
88095,1
18984,1
107215,1
102455,1
16075,1
14271,1
14130,1
116511,1
85998,1
10313,0
11360,1
23760,1
72635,1
55421,0
95971,1
4321,1
35929,1
35398,1
3174,1
35333,1
113735,1
83123,0
55565,1
20028,1
48128,1
49768,1
26502,1
3114,1
43601,1
26655,1
56633,1
76290,1
88646,1
109305,1
51880,1
63656,1
107041,1
100764,1
59470,1
3225,1
40860,1
85711,1
106102,1
8997,0
103247,1
40544,1
79737,1
106300,1
101444,1
38106,1
113524,1
90678,1
112331,1
49699,1
39886,1
6937,1
49178,1
82987,0
102222,1
94598,1
5529,1
55830,1
70934,1
76896,1
14380,1
82821,1
57233,1
113246,1
58565,1
35897,1
76276,1
49589,1
8320,1
43880,1
5269,1
100165,1
76427,1
116804,0
24700,1
107529,1
32769,1
101010,1
78863,1
87245,1
43459,1
9196,0
39725,1
67691,1
19782,1
4011,1
115438,1
33302,1
11962,1
61304,1
32016,1
96426,1
104127,1
49737,1
12352,1
80859,1
2895,1
23065,1
63143,1
9269,0
115253,1
32634,1
74219,1
108047,1
55514,1
107392,1
16562,1
6464,1
26532,1
113541,1
60892,1
95027,1
64384,1
18300,1
93297,1
116419,1
26081,1
40875,1
80440,1
116254,0
34678,1
81463,1
28610,1
1301,1
23991,1
83053,1
66766,1
46040,1
27094,1
99621,1
4368,1
41081,1
52982,1
27025,1
113668,1
13854,1
6080,1
109692,1
100905,1
72104,1
58866,1
28060,1
18557,1
78282,1
85525,1
78812,1
22813,1
94781,1
25186,1
73531,1
41910,1
102072,1
32574,1
103381,1
90194,1
61382,1
44462,1
75135,1
70167,1
65776,1
48821,1
80960,1
29511,1
77733,1
62874,0
38871,1
92691,1
85119,1
92850,1
97975,1
56754,1
7465,1
34635,1
62894,1
109462,1
100825,1
52116,1
67356,1
67946,1
31601,1
73779,1
94000,1
39405,1
16576,1
37333,1
95527,1
89862,1
79465,1
114242,1
71927,1
100422,1
42818,1
36547,1
41785,1
103265,1
2809,0
63261,1
98802,1
76981,1
33686,1
88721,1
46032,1
57769,1
37052,1
111499,1
90282,1
228,1
71792,1
101045,1
13329,1
77239,1
74807,1
110518,1
71537,1
4897,1
5583,1
28229,1
106171,1
28899,1
85430,1
33896,1
110794,1
10400,0
99871,1
43066,1
34474,1
23834,1
68689,1
75900,1
11523,1
105603,1
215,1
104544,1
23488,1
26950,1
9824,0
35693,1
43258,1
9637,0
45212,1
101025,1
56597,1
89813,0
116933,0
40277,0
100963,1
89962,1
109453,1
66985,1
105156,1
26312,1
79335,1
93348,1
63080,0
47922,1
111531,1
28307,0
89156,1
88388,1
49112,1
29670,1
76368,1
48517,1
107357,1
99809,1
6054,1
31875,1
36993,1
51702,1
115341,1
62287,1
89360,1
9130,0
105072,1
101503,1
116199,1
6449,1
7951,1
28132,1
14626,1
15804,1
51796,1
102739,1
64604,1
11357,1
109780,1
13668,1
31105,0
14645,1
53639,1
83981,0
21029,1
27388,1
3775,1
16374,1
5596,1
34758,1
92661,1
42065,1
23649,1
110442,1
26957,1
62699,1
102478,1
41505,1
41984,1
88844,1
29424,1
67443,1
15581,1
91391,1
10143,0
115487,0
106847,1
113792,1
99287,1
106337,1
103784,1
114986,1
47662,1
86717,1
53634,1
89863,1
43254,1
37425,1
104718,1
15386,1
91717,0
101454,1
70990,1
9265,0
38737,1
47766,1
52091,1
30480,1
29086,1
50492,1
11516,1
34159,1
98750,1
40205,1
73843,0
8802,0
103869,1
33139,1
104450,1
14559,1
42543,1
17796,1
11695,1
93922,1
16766,1
54970,1
22504,1
34980,1
71139,1
74417,1
87924,1
38185,1
70474,1
20008,1
68694,1
20651,1
74694,1
31973,1
463,1
50906,1
66151,1
71916,1
20213,1
61826,1
44066,1
73717,1
83255,0
16574,1
2716,1
102272,1
91756,1
15240,1
95558,1
70714,1
52949,1
98015,1
52335,1
42771,1
22706,1
110099,1
105693,1
91319,1
21045,1
106073,1
23474,1
6221,1
109989,1
13386,1
114529,1
93665,1
72573,1
81010,1
44414,1
48665,0
76106,1
15511,1
64173,1
109155,1
55192,0
111717,1
63772,1
71894,1
112786,1
65431,1
61957,1
72227,1
10785,1
81417,1
97434,1
33798,1
107468,1
28350,1
107792,1
1577,1
88658,1
81395,1
97871,1
75483,1
36561,1
20039,1
54962,1
20711,1
87029,1
83087,0
98264,1
113441,0
31186,1
101221,1
5586,1
56240,1
14605,1
104630,1
97206,1
1515,1
60430,1
100675,1
68968,1
51415,1
20863,1
4239,1
19773,1
99694,1
893,1
39867,1
91962,1
70610,1
90436,1
25791,1
15187,1
68469,1
32330,1
29265,1
44130,1
77506,1
115797,1
28022,1
1129,1
731,1
76646,1
95865,1
3084,1
72833,1
102892,1
45264,1
97462,1
2795,1
25363,1
7601,1
798,1
22616,1
17118,1
86006,1
178,1
65497,0
44237,1
61084,1
17558,1
65364,1
13798,1
59199,1
42598,1
17174,1
32567,1
27777,1
32966,1
24648,1
61431,1
56827,1
95305,1
16932,1
12940,1
58531,1
49036,1
89385,1
11772,1
109028,1
38498,1
59658,1
70152,1
80639,1
7533,1
45246,1
66,1
95239,1
103016,1
87134,1
15689,1
73324,1
5033,1
105219,1
35340,0
114804,1
85761,1
82542,1
9873,0
38990,1
66323,1
3332,1
96502,1
62532,1
7987,1
6008,1
24162,1
73870,1
115354,1
58755,1
71833,1
46216,1
97800,1
66727,1
515,1
30734,1
49630,1
30024,1
102780,1
59123,1
92759,1
86971,1
23283,1
108536,1
47645,1
66537,1
80158,1
84518,1
83434,0
6191,1
14175,1
105541,1
71289,1
100372,1
40581,1
106540,1
81788,1
90456,1
81441,1
1462,0
47975,1
24299,1
83791,1
37344,1
42624,0
27464,1
71154,1
7349,1
53775,1
56344,1
70354,1
63382,0
46994,1
65756,1
91873,1
30607,1
12632,1
85473,1
93309,1
4603,1
61360,1
51628,1
102552,1
22499,1
50210,1
63212,1
39255,1
72572,1
59251,1
107760,1
45201,1
71186,1
93847,1
83168,0
1378,1
5622,1
29863,1
2881,1
83597,0
107594,1
87980,1
901,1
84517,1
105468,1
51448,1
100485,1
74024,1
108017,1
61497,1
30232,1
51137,1
23464,1
73755,1
67163,1
6772,0
12021,1
47204,1
61075,1
14678,1
76976,1
79436,1
48940,1
2159,0
94503,1
40025,1
68116,1
40734,1
81720,1
34924,1
69876,1
112338,1
107866,1
100997,1
84307,0
46511,1
1073,1
21638,1
17065,1
102834,1
94887,1
62766,1
98162,1
3159,1
103889,1
101291,1
21292,1
34650,1
21398,1
96870,1
83860,1
85216,1
5974,1
3729,1
490,1
22092,1
99485,1
1375,1
103318,1
49002,1
31658,1
60758,1
17010,1
4758,1
30341,1
10304,0
71576,1
28756,1
2841,1
102484,1
51413,0
102390,1
42422,1
63723,1
2887,1
60973,1
8876,0
20923,1
45039,1
88603,1
104975,1
14997,1
22837,1
41979,1
83286,0
81533,1
45349,1
19023,1
83111,0
71138,1
98430,1
13921,1
5730,1
14745,1
56356,1
70832,1
52349,1
45747,1
13851,1
2962,1
83232,0
90810,1
108475,1
28379,1
20918,1
55371,0
108369,1
44306,1
105973,1
56759,1
61078,1
6869,1
43894,1
21042,1
45760,1
43240,1
9943,0
75179,1
80428,1
29709,1
39661,1
39449,1
38196,1
9190,0
114637,1
21650,1
69322,1
100088,1
95345,1
39884,1
49646,1
70219,1
42814,1
69806,1
97649,1
100342,1
85961,1
107585,1
84817,1
115038,1
110940,1
45203,1
48664,0
40644,1
68876,1
92588,1
84573,1
32230,1
104215,1
79823,1
107399,1
106818,1
67567,1
21473,1
62712,1
82733,1
7235,1
59872,1
78291,1
80863,1
30951,1
55432,0
86126,1
46751,1
95386,1
1079,1
18610,1
113469,1
50494,1
28091,1
27281,1
50971,0
59213,1
65066,1
52413,1
38417,1
27672,1
26026,1
79854,1
94341,1
14506,1
102166,1
68472,1
69453,1
30063,1
58861,1
99993,1
26299,1
93648,1
114961,1
33073,1
36824,1
52151,1
110574,1
9837,0
50383,1
75242,1
35081,1
96256,1
91563,1
14308,1
44439,1
100117,1
19880,1
53473,1
41798,1
67598,1
6470,1
82936,1
65524,1
56652,1
72013,1
53051,1
52719,1
60610,1
38220,1
11279,1
57174,1
29831,1
82476,1
94658,1
42674,1
116806,1
37038,1
8531,1
43129,1
20470,1
88583,1
9095,0
85058,1
76946,1
97628,1
82508,1
36133,1
5515,1
11781,1
73762,1
80846,1
90140,1
100699,1
62217,1
109987,1
71042,1
26478,0
51322,0
924,1
106438,1
77606,1
77242,1
106975,1
35892,1
87593,1
96452,1
84694,1
105924,1
72095,1
116973,1
107449,1
57608,1
12720,1
42614,0
113019,1
106719,1
75163,1
71334,1
28557,1
87902,1
104186,1
75318,1
44116,1
93368,1
110419,1
52248,1
91561,1
84101,0
61822,1
19627,1
17857,1
104407,1
39516,1
29793,1
112596,1
27843,1
78545,1
41850,1
70211,1
109694,1
96633,1
81502,1
113090,1
63851,1
49056,1
91321,1
103844,1
98725,1
26347,1
48849,1
58502,0
18690,1
90385,1
16555,1
3956,1
5606,1
22195,1
24846,1
44148,1
34493,1
1184,0
26140,1
108278,1
49556,1
109909,1
33672,1
85414,0
8346,0
50013,1
7797,1
26123,1
56548,0
6089,1
67616,1
65449,1
40696,1
103780,1
7933,1
76382,1
77713,1
74852,1
24594,1
77463,1
9927,0
7211,1
86597,1
6533,0
5209,1
100950,1
75609,1
49593,1
43390,1
73984,1
104700,1
99782,1
28926,1
692,1
95761,1
112323,1
39133,1
113331,1
7370,1
34069,1
73373,1
36483,1
81384,1
64550,1
24495,1
28633,1
5037,1
102703,1
52774,1
79376,1
86436,1
30979,1
7354,1
16122,1
74286,1
11618,1
27151,1
66972,1
507,1
48785,1
61816,1
103706,1
71466,1
8947,0
12242,1
82839,1
93948,1
97799,1
69922,1
96444,1
63965,1
10310,0
50435,1
8921,0
74229,1
17027,1
91024,1
1539,1
9121,0
99515,1
80820,1
5867,1
100864,1
45875,1
22490,1
13029,1
11569,1
45436,1
87535,1
390,1
83384,0
29001,1
17576,1
31728,1
28369,1
42832,1
97557,1
101894,1
56809,1
55512,1
11350,1
61861,1
25081,1
41203,1
64757,1
72255,1
15540,1
95790,1
27241,1
14693,1
946,0
14327,1
14414,1
21164,1
35932,1
35315,1
97693,1
18157,1
78543,1
60354,1
33040,1
20827,1
90909,1
36386,1
27405,1
48291,1
7008,1
46546,1
115016,1
107573,1
17304,1
4633,1
57656,1
96622,1
82666,1
40475,1
85489,0
107286,1
27052,1
110900,1
30133,1
76298,1
79481,1
90477,1
79878,1
38367,1
9290,0
28931,1
15989,1
108659,1
98232,1
36405,1
86133,1
57724,1
74328,1
91404,1
21199,1
33367,1
87460,1
99956,1
112752,1
40874,1
96907,1
113371,1
1893,1
73369,1
98187,1
108440,1
60739,1
88422,1
20746,1
98566,1
65911,1
83886,1
30771,1
1466,1
12615,1
79079,1
48994,1
71232,1
83163,0
114282,1
4837,1
100211,1
99245,1
42431,1
94634,1
84577,0
60197,1
81418,1
46121,1
76441,1
28621,1
55734,1
115219,1
54478,1
70411,1
39346,1
63014,1
84719,1
86226,1
63927,1
13331,1
99227,1
56396,1
98602,1
44950,1
25625,1
23154,1
52975,1
17241,1
40745,1
2035,1
85959,1
75986,1
61269,1
42932,1
84078,0
43059,1
17883,1
52664,1
104635,1
107148,1
57514,1
6828,1
7130,1
105573,1
106258,1
86005,1
16626,1
79526,1
101448,1
83564,0
47315,1
7371,1
105835,1
5594,1
92868,1
47291,1
47234,1
69280,1
111605,1
54383,1
100380,1
69639,1
7493,1
112219,1
94913,1
104272,1
24704,1
81006,1
89524,1
26681,1
85886,1
111757,1
116684,0
50733,1
93715,1
105058,1
68111,1
95961,1
14389,1
49052,1
4042,0
50519,1
78389,1
4078,1
47014,1
73290,1
62047,1
64427,1
32467,1
25216,1
107766,1
30791,1
15960,1
84698,0
102907,1
21316,1
79788,1
34753,1
20245,1
40542,1
60824,1
9726,0
16709,1
48924,1
63108,1
43298,1
88314,1
66471,1
69590,1
81845,1
103533,1
20955,1
13666,1
40222,1
99572,1
864,1
103246,1
67789,1
22394,1
56063,1
23382,1
82291,1
36634,1
43116,1
106244,1
33377,1
37419,1
114477,1
30005,1
25256,1
81422,1
104223,1
85549,1
79558,1
84284,0
56918,1
72684,1
58255,1
108939,1
78533,1
85709,1
34782,1
61158,1
71117,1
60519,1
76436,1
5060,1
9615,0
53370,1
73580,1
57823,1
17046,1
73922,1
80165,1
7697,1
61587,1
28835,1
27564,1
107615,1
68312,1
53687,1
76623,1
43646,1
116910,1
7189,0
79267,1
5573,1
6135,1
95381,1
20811,1
10553,0
5247,1
21153,1
69517,1
59095,1
89745,1
30564,1
11085,1
19053,1
93076,1
16663,1
67708,1
32083,1
31899,1
27236,1
14859,1
41486,1
7452,1
5197,1
62008,1
26270,1
83329,0
13210,1
63477,1
48803,1
81531,1
28992,1
86593,1
72742,1
86803,1
22191,1
69345,1
109048,1
108383,1
90633,1
45256,1
51033,0
21067,1
56392,1
5543,1
54745,1
48287,1
43169,1
94543,0
112357,1
29978,1
59754,1
86483,1
110191,1
99564,1
97999,1
17653,1
29092,1
51502,1
107049,1
58741,1
34152,1
33783,1
107340,1
33065,1
8635,0
70409,1
64892,1
62559,1
102171,1
56997,1
79443,1
67613,1
15029,1
48443,1
14209,1
29327,1
89904,1
3009,1
84149,0
15216,1
84762,1
2537,1
49346,1
81931,1
40130,1
104940,1
73034,1
46250,1
41777,1
109863,1
85962,1
39321,1
10770,0
48899,0
98071,1
95849,0
21889,1
88774,1
55913,1
21684,1
94171,1
102958,1
320,1
7135,1
83291,0
61386,1
89312,1
11984,1
35422,1
58251,1
90417,1
44910,1
52550,1
26627,1
33654,1
103306,1
2176,1
31831,1
3178,1
65780,0
14758,1
89389,1
106511,1
82063,1
38751,1
98064,1
90071,1
100667,1
1161,1
20666,1
22337,1
287,1
26206,1
46418,1
100766,1
54460,1
10068,0
76216,1
77986,1
109021,1
106985,1
66706,1
4675,1
75910,1
46686,1
53865,1
39560,1
96844,1
96033,1
44331,1
60380,1
26553,1
98581,0
111094,1
23165,1
59222,1
25491,1
28164,1
83793,1
3121,1
41347,1
83231,0
106643,1
63928,1
101710,1
88302,1
96837,1
13861,1
79762,1
97266,1
57062,1
45896,1
66467,1
95598,1
691,1
35349,1
6364,1
83829,1
107325,1
64140,1
108577,1
86486,1
116179,1
16428,1
20323,1
107445,1
39876,1
41743,1
69855,1
35733,1
3969,1
91299,1
4926,1
70469,1
80152,1
79507,1
90396,1
23862,1
22692,1
53311,1
3092,1
21097,1
12748,1
89874,1
110093,1
81326,1
45283,1
69518,1
86210,1
88860,1
99708,1
52347,1
104428,1
66630,1
22927,1
93846,1
15972,1
94283,1
97454,1
91996,1
94837,1
68379,1
52003,1
103119,1
49241,1
38724,1
25095,0
60372,1
83747,1
20855,1
110893,1
61692,1
46142,1
65552,1
28202,1
16524,1
18443,1
23527,0
86590,1
12205,1
31422,1
32006,1
79943,1
32766,1
4686,1
4922,1
39553,1
5877,1
64486,1
96131,1
42316,1
32443,1
16459,1
100649,1
22831,1
41198,1
25006,1
70122,1
79211,1
47365,1
39567,1
110743,1
73914,1
61922,1
50705,1
55026,1
24816,1
90895,1
114392,1
60410,1
104501,1
25553,1
45865,1
47224,1
47947,1
39169,1
5695,1
68477,1
85712,1
96758,1
111111,1
86700,1
40149,1
72084,1
50772,1
38346,1
75874,1
108297,1
106209,1
92207,1
8307,1
77154,1
25933,1
99352,1
92072,1
6782,1
111301,1
113981,1
91128,1
85481,1
66253,1
1609,1
85016,1
94702,1
100719,1
89335,1
31980,1
34785,1
35739,1
63768,1
77853,1
46806,1
46335,1
35699,1
114426,1
85166,1
16508,1
50258,1
78537,1
1814,1
25416,1
97512,1
80122,1
62993,1
109837,1
90710,1
2123,1
56635,1
13704,1
54786,1
31721,1
113573,1
84726,1
14191,1
84117,0
20435,1
83136,0
40469,1
93474,1
43461,1
97783,1
49877,1
59807,1
49028,1
41938,1
33576,1
110779,1
58819,1
21438,1
79235,1
40031,1
95632,1
70442,1
3722,1
78270,1
102266,1
113367,1
68207,1
107525,1
58579,1
9417,0
4552,1
71545,1
50599,1
93966,1
19601,1
104041,1
41247,1
83973,0
93078,1
3164,1
52227,1
39531,1
98300,1
1657,1
57221,1
10589,0
57796,1
19094,1
55468,1
40317,1
37034,1
115022,1
88635,1
16806,1
92892,1
81780,1
38084,1
97137,1
58001,1
27877,1
75209,1
19229,1
53218,1
115213,1
33769,1
36966,1
35186,1
58219,1
36343,1
55878,1
52999,1
50113,1
75308,1
3558,1
110768,1
59550,1
45226,1
69390,1
70423,1
28807,1
13598,1
5313,1
91419,1
102828,1
13699,1
62653,1
96143,1
4827,1
46799,1
57530,1
99111,1
69443,1
47101,1
29134,1
39791,0
100260,1
76173,1
9343,0
47929,1
61381,1
109708,1
37663,1
100706,1
37952,1
50225,1
61584,1
22908,1
62780,1
46999,1
18279,1
10283,0
40863,1
75426,1
18019,0
18323,1
92050,1
51618,1
89424,1
27042,1
17387,1
15086,1
24042,1
53822,1
12306,1
7566,1
109430,1
29227,1
14719,1
60294,1
58829,1
115863,0
5368,1
105232,1
75139,1
88209,1
29425,1
30143,1
68154,1
107205,1
70021,1
11795,1
17369,1
44036,1
24366,1
22553,1
72920,1
111816,1
13269,1
94213,1
9275,0
99319,1
9460,0
2462,1
75504,1
49420,1
52732,1
112953,1
110012,1
49223,1
42222,1
105997,1
72045,1
61602,1
115471,0
66125,1
78672,1
8848,0
59993,1
102928,1
85678,1
39613,1
47111,1
62671,1
83948,0
43618,1
107173,1
102421,1
74960,1
5454,1
111090,1
34217,1
72373,1
48617,1
109758,1
29432,1
85824,1
18816,1
75886,1
115235,1
86567,1
54710,1
108107,1
1587,1
39454,1
94881,1
65006,1
83639,1
88020,1
31417,1
41574,1
94813,0
69497,1
107227,1
62901,1
95676,1
29631,1
6078,1
96199,1
50042,1
10956,1
34393,1
4006,1
103243,1
39019,1
18395,1
5898,1
2866,1
14011,1
112985,1
95745,1
30266,1
16968,1
76996,1
20316,1
34028,1
20922,1
98614,1
34484,1
60652,1
55161,1
100356,1
86207,1
70204,1
4298,0
55798,1
3783,1
33776,1
7347,1
53592,1
10377,0
56561,1
113056,1
57535,1
75414,1
45927,1
68309,1
13026,1
78484,1
25105,1
1987,1
116114,0
56683,1
105583,1
95082,1
35440,1
16260,1
60281,1
25464,1
74711,1
31508,1
23576,1
25901,1
54195,1
19309,1
65785,1
40953,1
93326,1
104188,1
51493,1
45939,1
93664,1
34812,1
6589,1
13780,1
77525,1
66163,1
111314,1
29523,1
28820,1
23929,1
113350,1
4765,1
26177,1
107765,1
6511,1
67766,1
20566,1
77963,1
105299,1
112199,1
18782,1
98262,1
6305,1
79534,1
15641,1
32299,1
112258,1
12392,1
61899,1
83106,0
49422,1
10703,0
116583,1
87234,1
107524,1
69783,1
8002,1
31954,1
44041,1
98239,1
107411,1
75033,1
50248,1
76777,1
31349,1
55805,1
93079,1
66809,1
5698,1
97057,1
105982,1
76524,1
107894,1
88535,1
3358,1
82103,1
116386,0
61576,1
44523,1
20389,1
48003,1
104817,1
48847,1
4567,1
13255,1
55755,1
76384,1
32551,1
12497,1
1961,1
4992,1
70427,1
79866,1
95927,1
89959,1
55021,1
25954,1
96507,0
87225,1
71762,1
27323,1
38134,1
99555,1
35944,1
95184,1
68895,1
56889,1
307,1
95500,1
51257,1
114881,1
112426,1
97859,1
56563,1
78116,1
115377,1
75301,1
110529,1
1051,1
115032,1
80055,1
11410,1
9221,0
57616,1
10234,0
103067,1
41830,1
34642,1
91198,1
58817,1
23666,1
93332,1
58160,1
113134,1
92298,1
13682,1
86242,1
115898,0
25832,1
104135,1
70453,1
90610,1
65727,1
25068,1
90020,0
13233,1
45397,1
102789,1
75319,1
28054,1
57767,1
69460,1
75476,1
107228,1
108959,1
22800,1
60006,1
28810,1
58226,1
16061,1
52265,1
101607,1
96362,1
91456,1
29963,1
15549,1
18074,1
57415,1
93063,1
54200,1
78840,1
111358,1
19692,1
83424,1
63627,1
100110,1
36639,1
91400,1
69327,1
13409,1
46922,1
35554,1
74795,1
111818,1
34485,1
35464,1
31027,1
67384,0
53664,1
43391,1
110974,1
78388,1
104926,1
101739,1
31923,1
95432,1
82062,1
72307,1
93095,1
105296,1
79414,1
50799,1
47764,1
64093,1
30676,1
115163,1
101132,1
44369,1
33885,1
96493,1
34524,1
49649,1
39519,1
94220,1
66406,1
52509,1
74640,1
56830,1
99025,1
76533,1
93185,1
82806,1
52495,1
18108,1
71128,1
106651,1
91632,1
90022,1
115031,1
76474,1
66670,1
77273,1
98618,1
91911,1
115427,1
77485,1
105750,1
86124,1
71386,1
104433,1
103751,1
68665,1
16279,1
51148,1
99214,1
69504,1
45536,1
113666,1
42933,1
336,1
92876,1
18931,1
114488,1
73648,1
97905,1
2985,1
10878,1
15916,1
53772,1
11669,1
20862,1
19942,1
46675,1
76537,1
103124,1
29437,1
112583,1
63400,0
19800,1
57021,1
12100,1
49500,1
9018,0
95408,1
72779,1
49850,1
14079,1
86402,1
115310,1
11874,1
91679,1
25805,1
63293,1
8263,1
84214,1
72391,1
63909,1
8597,1
99023,1
6901,1
29932,1
50818,1
89499,1
54722,1
75485,1
81972,1
66981,1
3262,1
80357,1
67231,1
109388,1
48920,1
46151,1
83494,0
88059,1
20789,1
1630,1
33037,1
1881,1
80059,1
13900,1
37842,1
71045,1
66788,1
67568,1
93036,1
34700,1
35303,1
109373,1
32954,0
44739,1
59174,1
71094,1
11151,1
23569,1
20527,1
98530,1
115425,1
62790,1
6587,1
17618,0
36683,1
65982,1
80072,1
14031,1
49996,1
54353,1
105428,1
28378,0
64729,1
31379,1
86055,1
100744,1
101407,1
43856,1
105996,1
86694,1
58870,0
38862,1
9486,0
87438,1
113865,1
45991,1
54219,1
28018,1
33455,1
70744,1
113765,0
41185,1
10345,0
30134,1
103224,1
73193,1
25566,1
116248,0
85238,1
19520,1
38230,1
46525,1
79675,1
85103,1
23906,1
59287,1
22765,1
19583,1
66983,1
34057,1
45541,1
116291,1
10692,1
23741,1
10335,0
116326,1
100315,1
45066,1
89462,1
44673,1
47893,1
15830,1
15735,1
77694,1
18263,1
18814,1
12453,1
104383,1
38225,1
112138,1
60931,1
11349,1
44825,1
4131,1
16351,1
82956,1
57980,1
15408,1
111351,1
102438,1
82569,1
42043,0
55863,1
99165,1
46172,1
25479,1
90221,1
61799,1
100246,1
75831,1
37099,1
54567,0
90695,1
79655,1
26616,1
65149,1
57124,1
102274,1
114982,1
113778,1
45619,1
97183,1
2775,1
32101,1
69681,1
92435,1
25338,1
35179,1
83014,1
87985,1
48225,1
34314,1
87954,1
91036,1
116456,1
72489,1
35903,1
78768,1
5750,1
14715,1
55571,1
31085,1
69341,1
9076,0
27230,1
33998,1
56583,1
15160,1
105078,1
52446,1
46830,1
82384,1
42788,1
94386,1
64418,1
29768,1
3327,1
88151,1
105686,1
59546,1
54199,1
66798,1
91066,1
89132,1
82895,1
84486,1
22250,1
78653,1
25517,1
46223,1
39350,1
94835,1
51539,1
21119,1
98000,1
5021,1
89049,1
110887,1
23559,1
14995,1
76949,1
22439,1
115651,1
108106,1
112170,1
53027,1
19173,0
91056,1
25380,1
19404,1
102412,1
5213,1
57433,1
3255,1
105627,1
68226,1
56541,1
4627,1
112805,0
34087,1
112993,1
103466,1
72762,1
74102,1
12192,1
83055,1
4529,1
44435,1
86669,1
59821,0
110684,1
23470,1
61169,1
9941,0
61845,1
111153,1
18062,0
39104,1
72518,1
64575,1
112772,0
75602,1
917,1
84425,0
29877,1
78824,1
19288,1
97790,1
570,1
36182,1
102020,1
91051,1
47574,1
72567,1
63185,1
105141,1
46646,1
19610,1
52113,1
111934,1
94090,1
53535,1
14026,1
25613,1
79768,1
89765,1
52691,1
67753,1
5232,1
95989,0
14211,1
30257,1
35595,1
22164,1
110130,1
70532,1
68798,1
72374,1
5741,1
33418,1
87959,1
11094,1
84178,0
103699,1
56984,1
39850,1
33340,1
36289,1
10922,1
112925,1
70014,1
71196,1
75324,1
98371,1
76312,1
96393,1
93308,1
98132,1
86724,1
46287,1
111184,1
23993,1
83178,0
36607,1
96462,1
65206,1
17375,1
52656,1
106609,1
33687,1
43469,1
32933,1
101154,1
6644,1
62767,1
94715,1
14334,1
79818,1
25525,1
70130,1
61114,1
76234,1
35618,1
63344,1
84748,1
60815,1
28302,1
110942,1
46754,1
115966,1
37228,1
50626,1
92617,1
14908,1
104927,1
74842,1
64286,1
33724,1
41258,1
75403,1
93459,1
96282,1
35503,1
38437,1
110335,1
86908,1
50357,1
67914,1
81159,1
97537,1
28901,1
102476,1
12391,1
78278,1
90012,1
98046,1
16103,1
111200,1
65901,1
2103,1
85679,1
33457,1
35959,1
19259,1
108036,1
71246,1
81570,1
25183,1
20884,1
80764,1
66629,1
105022,1
116758,1
90880,1
29063,1
15899,1
16544,1
203,1
22867,1
20324,1
113768,1
116781,1
37701,1
75542,1
24031,1
43395,1
99534,1
52198,1
73493,1
27526,1
66458,1
65133,1
44948,1
37019,1
88031,1
47788,1
31709,1
78976,1
22588,1
93405,1
12226,1
51877,1
53442,1
102638,1
76280,1
28453,1
16767,1
31455,1
7485,1
4886,1
99161,1
49522,1
72075,1
60593,1
84481,1
52953,1
27216,1
21839,1
101582,1
110986,1
43307,1
41609,1
6859,1
76509,1
67165,1
10625,1
33722,1
40172,1
64551,1
38712,1
112222,1
16999,1
60935,1
51727,1
32821,1
39178,1
101820,1
59049,1
84811,1
56233,1
115822,1
87796,1
44516,1
66025,1
45913,1
81471,1
76674,1
17374,0
76502,1
113484,1
112395,1
77241,1
35740,1
34693,1
35710,1
35931,1
86598,1
100922,1
19996,1
41003,1
89791,1
63972,1
44386,1
20176,1
77299,1
11577,1
58847,1
101158,1
59197,1
32172,1
68975,1
34660,1
16633,1
64712,1
21639,1
116908,1
54319,1
78542,1
44535,1
55612,0
17889,1
89211,1
670,1
14683,1
48008,1
47664,1
42239,1
9277,0
33665,1
68842,1
111365,1
8026,1
109162,1
93305,1
2890,1
87923,1
24123,1
113138,1
27197,1
79930,1
111936,1
22335,1
73933,1
79698,1
26946,1
110300,1
91881,1
33402,1
45276,1
87999,1
49683,1
2382,1
90101,1
114962,1
6476,1
47937,1
36945,1
37548,1
76848,1
11064,1
96371,1
25307,1
76067,1
38759,1
55480,1
92910,1
2763,1
51717,1
2581,1
116099,0
77535,1
41153,1
51759,1
43442,1
23185,1
42215,1
34872,1
37405,1
112704,1
69300,1
4234,1
4994,1
94636,1
103361,1
49810,1
4434,1
11676,1
717,1
95430,1
102120,1
72309,1
43954,1
114621,1
76274,1
27048,1
14671,1
108117,1
33272,1
59191,1
51831,1
42056,1
105115,1
102197,1
9359,0
30075,1
47897,1
10655,1
30698,1
36468,1
40142,1
32130,1
50940,1
65048,1
39082,1
12816,1
36413,1
192,1
90932,1
99120,1
30009,1
115860,1
15810,1
61744,1
58692,1
61510,1
71696,1
84607,0
37158,1
76700,1
93500,1
70463,1
28916,1
71088,1
10799,1
113480,1
65774,1
12207,1
115918,0
43937,1
111591,1
56053,1
102540,1
5618,0
30049,1
91057,1
112391,1
8640,0
103401,1
80201,1
100546,1
49170,1
36320,1
84925,1
85280,1
15534,1
8328,1
103932,1
43370,1
54935,1
102811,1
3453,1
44942,1
47221,1
49298,1
97406,1
47861,1
69166,1
100598,1
92365,1
110107,1
46313,1
29345,1
43939,1
90226,1
112303,1
21113,1
89037,1
41458,1
72617,1
96671,1
30954,1
70269,1
107216,1
116956,1
78581,1
70293,1
13917,1
44049,1
14955,1
41605,1
86465,1
115661,1
109814,0
5520,1
54316,1
61934,1
32115,1
44589,1
23199,1
101004,1
93782,1
1700,1
93422,1
59848,1
51925,1
27518,1
6968,1
16322,1
90063,1
104523,1
112265,1
32854,1
92420,1
92789,1
115813,1
66197,1
56358,1
84514,1
115442,1
17413,1
136,1
105276,1
23408,1
30816,1
11087,1
84774,1
61753,1
81257,1
66736,1
104425,1
62061,1
91683,1
48516,1
110431,1
113284,1
95980,1
71832,1
69463,1
14387,1
26489,0
32828,0
57620,1
3606,1
21225,1
92471,1
35098,1
77243,1
2187,1
98499,0
12356,1
82722,1
15954,1
63059,1
47406,1
35436,1
64450,1
113947,1
49393,1
18452,1
35529,1
100336,1
25500,1
5103,1
13652,1
31781,1
67173,1
56704,1
106616,1
95985,1
76709,1
13261,1
35842,1
25398,1
7296,1
68814,1
31707,1
73539,1
92247,1
29493,1
54122,1
112151,1
41094,1
28927,1
97493,1
88835,1
79052,1
7352,1
46218,1
10751,1
106133,1
81982,1
24417,1
73233,1
47195,1
91470,1
5668,1
38506,1
93809,1
43427,1
49831,1
83961,0
107237,1
70843,1
63610,1
4458,1
20025,1
101121,1
85178,1
12855,1
18257,1
86664,1
92708,1
91829,1
19296,1
43803,1
85947,1
103792,1
82214,1
8024,1
24170,1
29061,1
43516,1
89160,1
23248,1
82409,1
90605,1
33458,1
96007,1
110317,1
82522,1
10103,0
1014,1
97088,1
869,1
100297,1
76162,1
110253,1
14924,1
43326,1
7610,1
5283,1
69906,1
60030,1
26149,1
66897,1
91785,1
58671,1
34397,1
12625,1
67087,1
86346,1
116951,0
50489,1
53053,1
27586,1
73788,1
10442,0
112532,1
5039,1
115945,1
21869,1
88056,1
60128,1
103998,1
103423,1
54318,1
95667,1
62943,1
1134,1
43764,1
90480,0
10278,0
93863,1
62956,1
10451,0
4017,1
75945,1
91176,1
100728,1
4138,1
44816,1
66395,1
29943,1
68498,1
90009,1
2426,1
69212,1
94851,1
60686,1
94574,1
50516,1
7674,0
50931,1
19874,1
78513,1
84021,0
82289,1
103241,1
109200,1
70821,1
73903,1
30981,1
24351,1
12905,1
2093,1
81132,1
76872,1
77219,1
106121,1
1920,1
65618,1
82736,1
78854,1
42051,1
102700,1
60272,1
62912,1
41243,1
55276,1
84381,0
93027,1
1813,1
99575,1
2994,1
103061,1
48442,1
15438,1
62260,1
55561,1
79832,1
42137,1
2642,0
74816,1
40387,1
29084,1
18689,1
113328,1
54330,1
36963,1
45800,1
94767,1
111072,1
12360,1
3849,1
1306,1
34510,1
81730,1
19233,1
30109,1
16193,1
26990,1
101858,1
94803,1
61842,1
64619,1
111541,1
68136,1
81882,1
22547,1
30949,1
67054,1
94876,1
94426,1
60710,1
97718,1
90265,1
4117,1
88229,1
76361,1
65303,1
71291,1
103937,1
41167,0
79650,1
32088,1
22625,1
45833,1
59778,1
105466,1
28230,1
87728,1
14256,1
110041,1
1988,1
62120,1
25917,1
62875,1
95556,1
106041,1
16901,1
10561,0
55312,1
98505,1
104092,1
54845,1
25991,1
94776,1
51913,1
80702,1
55633,1
89116,1
22931,1
103159,1
104245,1
90239,1
88278,1
75277,1
45270,1
81486,1
3765,0
115428,1
46220,1
104736,1
90563,1
7846,1
112790,0
77789,1
26049,1
86741,1
81938,1
95549,1
85024,1
31802,1
887,1
104565,1
23620,1
72525,1
104347,1
10808,1
19552,1
66960,1
16523,1
97562,1
92036,1
59722,1
19581,1
87051,1
112,1
106464,1
72827,1
16199,1
37327,1
53747,1
46289,1
11442,0
86610,1
11254,1
24335,1
11889,1
106870,1
43526,1
85988,1
86328,1
17266,1
19477,1
64887,1
91649,1
27798,1
16835,1
69267,1
56408,1
1481,1
32298,1
4986,1
52815,1
35531,1
58002,1
13794,1
106429,1
67391,1
111116,1
99303,1
389,1
109903,1
39194,1
18624,1
10578,0
103591,1
106416,1
82912,1
56184,0
70533,1
85842,1
84892,1
27962,1
88791,1
79747,1
45814,1
37564,1
70305,1
50445,1
26400,1
109369,1
4173,1
18919,1
101794,1
34675,1
24618,1
70482,1
41328,1
71569,1
73155,1
33919,1
50719,1
85091,1
44814,1
75225,1
105410,1
115268,1
53312,1
102591,1
34998,1
92268,1
174,1
18287,1
25675,1
41520,1
36176,1
1538,1
35060,1
42291,1
66899,1
37125,1
62021,1
21644,1
84040,0
84444,1
66216,1
13050,1
113657,0
101968,1
33276,1
32934,1
13689,1
65942,1
91118,1
19456,1
89285,1
67450,1
7263,1
85774,1
20583,1
95319,1
95102,1
10728,1
33872,1
77603,1
2610,1
42712,1
103614,1
2800,1
31845,1
11108,1
11156,1
32920,1
78958,1
88499,1
87599,1
94019,1
68368,1
27128,1
109269,1
112035,1
69087,1
52874,1
74704,1
114778,1
78077,1
97022,1
30881,1
102842,1
47135,1
3273,1
64425,1
10014,0
45046,1
110138,1
57615,1
15088,1
18375,1
2708,1
90421,1
28884,1
5141,1
27127,1
110118,1
85731,1
96117,1
7214,1
101754,1
86511,1
89272,1
16589,1
65458,1
30106,1
25711,1
23064,1
13156,1
35517,1
60957,1
57649,1
51001,0
93526,1
22412,1
26564,1
85160,1
60142,1
45475,1
116683,1
20466,1
85029,1
111435,1
77787,1
75715,1
22318,1
90453,1
38578,0
57727,1
38402,1
53459,1
77116,1
85076,1
88454,1
108169,1
112244,1
34148,1
103749,1
80437,1
90811,1
3832,1
32252,1
49976,1
37544,1
57149,1
37044,1
37726,1
116408,0
43884,1
88691,1
7415,1
101556,1
6614,1
27056,1
16673,1
61250,1
84995,1
77801,1
10775,1
19991,1
47068,1
62433,1
15523,1
30908,1
14270,1
45095,1
109850,1
91502,1
80578,1
46976,1
100772,1
45026,1
82190,1
63353,1
31555,0
20954,1
93688,1
110061,1
114640,1
13869,1
82534,1
94319,1
93330,1
42351,1
39464,1
20700,1
101484,1
47857,1
50574,1
8275,1
74601,1
43798,1
2179,1
70093,1
61844,0
7812,1
45607,1
104601,1
63814,1
42998,1
89390,1
80070,1
99003,1
66668,1
108946,1
76057,1
59979,1
22626,1
113061,1
46002,1
2871,1
56575,1
78532,1
63043,1
84700,1
26536,1
34540,1
64503,1
43361,1
64789,1
87440,1
91328,1
34681,1
112876,1
9256,0
12602,1
29961,1
98134,1
30099,1
24729,1
15417,1
63232,1
51313,0
52160,1
63811,1
66641,1
82612,1
75731,1
4956,1
106611,1
45740,1
53521,1
19149,1
20313,1
20058,1
3696,1
106082,1
108125,1
98932,1
100755,1
9171,0
28482,1
85744,1
53574,1
92764,1
107096,1
85663,1
67712,1
55841,1
25242,1
19702,1
40695,1
23816,1
68323,1
12297,1
66732,1
83596,0
85867,1
105922,1
102748,1
109432,1
81050,1
116469,1
27413,1
5722,0
74671,1
43463,1
114660,1
84289,0
4967,1
63227,1
18601,1
24532,1
108714,1
19710,0
36777,1
81051,1
69119,1
116668,1
18020,1
22601,1
84388,0
77960,1
27691,1
106581,1
55388,1
87893,1
93783,1
101971,1
45242,1
31312,1
21542,1
56746,1
88896,1
63069,1
111086,1
10211,0
36191,1
76253,1
8199,1
18793,1
85132,1
114802,1
70902,1
50081,1
55745,1
68431,1
24820,1
14122,1
94826,1
34064,1
28001,1
3642,1
112733,0
99186,1
66155,1
58627,1
30873,1
96566,1
38870,1
105490,1
63761,1
63064,1
41316,1
87178,1
5451,1
89080,1
76221,1
15449,1
73402,1
96063,1
31279,1
25851,1
59234,1
12867,1
28328,1
108101,1
110059,1
13979,1
54110,1
108042,1
47153,1
92492,1
72010,1
93935,0
24272,1
93344,1
8811,0
93418,1
492,1
77227,1
43527,1
66652,1
38405,1
37853,1
96258,1
67293,1
44254,1
67468,1
43309,1
31433,1
65101,1
39121,1
88509,1
84565,1
44605,1
64805,1
27076,1
116952,1
21625,1
101948,1
84703,1
47118,1
44769,1
27045,1
76721,1
100000,1
35063,1
47562,1
5939,1
115499,0
108272,1
11033,1
36081,1
80360,1
90270,1
18990,1
108088,1
75451,1
23989,1
32983,1
23091,1
32430,1
33840,1
65344,1
74218,1
7006,0
54254,1
78915,1
55751,1
106956,1
88330,1
97618,1
113040,1
96762,1
46473,1
32793,1
77240,1
108905,1
60614,1
7659,1
46169,1
38458,1
108048,1
115825,1
49429,1
55835,1
61215,1
78257,1
74707,1
109151,1
26423,0
11908,1
98934,1
24968,1
21607,1
107011,1
58585,1
49067,1
104918,1
103547,1
33870,1
52428,1
31131,1
87265,1
92769,1
2204,1
106984,1
94108,1
90306,1
45671,1
62522,1
109781,1
11308,1
79303,1
28151,1
47832,1
27606,1
110816,1
88839,1
4426,1
20936,1
53554,1
64110,1
56547,1
52870,0
50124,1
20963,1
55668,1
33487,1
46607,1
6155,1
20093,0
61240,1
51955,1
69561,1
55350,0
40992,1
29336,1
17908,1
30431,1
20447,1
93574,1
81029,1
30116,1
51374,1
71354,1
44724,1
32245,1
3866,1
55243,1
2745,1
77403,1
108647,1
76240,1
11950,1
43791,1
19611,1
102518,1
20307,1
44864,1
92389,1
15193,1
85179,1
1401,1
96664,1
61610,1
12828,1
24087,1
54131,1
36021,1
100368,1
51813,1
100462,1
106882,1
24472,1
82594,1
31881,1
102797,1
39779,1
112598,1
42965,1
36609,1
18199,1
20132,1
28172,1
61997,1
110153,0
2100,1
115226,1
62507,1
55860,1
99977,1
10293,0
4213,1
26672,1
73016,1
80098,1
33002,1
109819,1
60948,1
74083,1
54336,1
62261,1
47591,1
16923,1
85140,1
58283,1
55621,0
62491,1
23554,1
47377,1
96035,1
90887,1
18135,1
85896,1
57505,1
83692,1
107692,1
108374,1
76396,1
27747,1
51168,1
34773,1
95690,1
52389,1
20808,1
29320,1
81423,1
80769,1
26654,1
111715,1
24972,1
27364,1
2257,1
78860,1
85992,1
38342,0
74619,1
54120,1
5355,1
104397,1
106239,1
87697,1
67055,1
66914,1
87592,1
25599,1
18971,1
80742,1
54575,1
22005,1
17508,1
45968,1
66852,1
63115,1
5842,1
105426,1
16211,1
78356,1
71368,1
75357,1
54040,1
111022,1
93635,1
98826,1
89963,1
58272,1
29796,1
15372,1
98538,1
12180,1
85716,1
94230,1
71854,1
23478,0
44760,1
92122,1
110395,0
62368,1
100252,1
39129,0
106966,1
32441,1
108944,1
109988,1
48695,1
106693,1
2224,1
91218,1
43148,1
90930,1
16209,1
96867,1
5571,1
102827,1
5793,1
53384,1
32402,1
71274,1
19008,1
103032,1
106122,1
41627,1
70812,1
55103,1
80811,1
35205,1
22440,1
79623,1
58161,0
62551,1
27990,0
22736,1
26917,1
44757,1
68703,1
50961,0
31897,1
89081,1
58608,1
54238,1
112056,1
89678,1
48688,1
79563,1
7016,0
46154,1
48766,1
45409,1
73463,1
37713,1
15649,1
12237,1
104350,1
93814,1
74763,1
71121,1
56071,1
71126,1
56378,1
99532,1
84227,0
111645,1
46101,1
97102,1
14743,1
8244,1
107507,1
16237,1
104859,1
116096,0
80909,1
12145,1
159,1
25235,1
1589,1
89571,1
80905,1
38333,1
88607,1
7190,1
16566,1
76112,1
30750,1
89400,1
61202,1
111668,1
34324,1
35596,1
33204,1
22173,1
15592,1
67904,1
28454,1
23782,1
101084,1
102005,1
58394,1
103990,1
53117,1
70263,1
17622,1
68487,1
100859,1
96158,1
10350,0
63671,1
46092,1
111041,1
104769,1
105659,1
81253,1
106127,1
56699,1
89833,1
12449,1
59766,1
71312,1
80807,1
70721,1
22031,1
74085,1
103546,1
84050,0
28220,1
67628,1
87329,0
10207,0
110252,1
61388,1
32955,1
41869,1
24322,1
19810,1
66634,1
1381,1
113483,1
8605,1
48511,1
54189,1
21281,1
77064,1
93718,1
52327,1
15038,1
75969,1
94754,1
20131,1
106752,1
11390,1
41160,1
7295,1
8068,1
78471,1
42727,1
86156,1
9764,0
32792,1
68899,1
66624,1
12866,1
10886,1
11590,0
115784,0
84761,1
10503,0
77842,1
27810,1
56622,1
86072,1
58653,1
49847,1
81442,1
52887,1
11944,1
104641,1
17611,1
51151,1
276,1
77949,1
26943,1
22313,1
19337,0
36674,1
86698,1
5845,1
36188,1
27103,1
99441,1
51919,1
90102,1
92446,1
50876,1
24045,1
25518,1
111628,1
68026,1
21826,1
48933,1
40510,0
80018,1
111431,1
102239,1
15072,1
62320,0
2384,1
8016,1
105388,1
82035,1
100167,1
48456,1
19503,1
53410,1
98668,0
41862,1
51971,1
28398,1
6142,1
112902,1
18354,1
21083,1
94289,1
69338,1
55220,1
30386,1
36304,1
36593,1
104946,1
114949,1
12991,1
62154,1
51098,1
20878,1
2454,1
79063,1
28064,1
58954,1
72805,1
103651,1
106233,1
78518,1
72702,1
78405,1
95071,1
56115,1
38635,1
60011,1
103065,1
66418,1
97808,1
13893,1
48651,1
29689,1
66093,1
67496,1
46099,1
1207,1
91088,1
7684,1
16859,1
26086,1
55690,1
44789,1
28308,1
76021,1
19595,1
3630,1
1708,1
26421,1
24842,1
1140,1
38975,1
75774,1
92021,1
108707,1
35428,1
90768,1
80388,1
1307,1
18951,1
58342,1
77988,1
84754,1
105209,1
44695,1
46840,1
74965,1
100455,1
57169,1
20219,1
85090,1
55568,1
39420,1
63922,1
13283,1
26762,1
64353,1
58478,1
37772,1
55778,1
81532,1
25879,1
30654,1
99931,1
85376,1
75250,1
358,1
138,1
74027,1
91668,1
62443,1
82302,1
43949,1
340,1
70393,1
56882,1
9569,0
112169,1
64386,1
50098,1
76118,1
5498,1
86836,1
8556,1
76449,1
1932,1
2352,1
15848,1
3236,1
27716,1
110659,1
42261,1
105455,1
36575,1
59500,1
100240,1
71155,1
14973,1
63918,1
20538,1
61516,1
25372,1
18800,1
6344,1
71675,1
66321,1
30403,1
23173,1
27734,1
31778,1
8036,1
73851,1
71849,1
22052,1
84092,0
2169,1
53161,1
79674,1
18693,1
26417,1
77362,1
91369,1
72127,1
37226,1
47093,1
7597,1
107674,1
89859,1
70188,1
93762,1
98746,1
19799,1
42359,1
7069,1
114494,1
42417,1
113538,1
5744,1
48515,1
17438,1
95040,1
91575,1
77487,1
929,1
115764,0
22852,1
8767,0
11120,1
47498,1
94333,1
11738,1
112094,1
44014,1
2011,1
17297,1
40379,1
71442,1
44179,1
84526,1
93376,1
21312,1
91703,1
39332,1
68803,1
81926,1
76708,1
40603,1
88503,1
101665,1
45734,1
108439,1
85920,1
83555,0
66677,1
75769,1
47775,1
64047,1
15434,1
82279,0
68670,1
54312,1
39758,1
52395,0
79003,1
84162,0
17858,1
100127,1
42849,1
93547,1
36027,1
62493,1
61049,1
75749,1
36788,1
115259,1
90486,1
36268,1
100962,1
17514,1
79285,0
10516,0
100123,1
7461,1
38392,1
50583,1
114127,1
105368,1
74878,1
77872,1
37437,1
74964,1
38244,1
31705,1
67534,1
89900,1
48438,1
34624,1
2282,0
94475,1
28669,1
78928,1
22785,1
71975,1
93533,1
6031,1
33154,1
30373,1
99932,1
77313,1
62068,1
60058,1
19539,1
17154,1
46619,1
106022,1
105848,1
64200,1
76917,1
70194,1
78033,1
74637,1
10058,0
34610,1
51649,1
86120,1
36636,1
103358,1
71425,1
61350,1
14376,1
19086,1
24306,1
44409,1
16715,1
102112,1
95344,1
78931,1
99239,1
10651,0
34542,1
97938,1
16977,1
24995,1
3744,1
82909,1
38211,1
114421,1
46737,1
23377,1
67411,0
22190,1
3760,1
115048,1
35820,1
52893,1
79190,1
78682,1
37383,1
81348,1
3321,1
99291,1
55398,1
64089,1
22432,1
68847,1
116178,1
109835,1
107628,1
116085,1
60348,1
78279,1
111175,1
44363,1
8210,1
61035,1
44199,1
61440,1
52780,1
52781,1
59518,1
83276,0
21386,1
81554,1
99821,1
80650,1
22207,1
70028,1
22054,1
68648,1
49334,1
44602,1
35634,1
59156,1
33623,1
114576,1
70448,1
112164,1
5463,1
50952,0
88296,1
92541,1
65333,1
5482,1
31337,1
12605,1
114419,1
3828,1
16724,1
96038,1
103001,1
103291,1
94611,1
37418,1
17543,1
58557,1
17709,1
43056,1
54245,1
86716,1
6796,1
71344,1
96055,1
63315,1
116801,0
83375,0
5410,1
73869,1
95655,1
95074,1
68336,1
42604,1
75868,1
111032,1
24000,1
29033,1
85371,0
112082,1
40583,1
4378,1
107225,1
28933,1
86795,1
6716,1
26512,1
93905,1
2261,1
40197,1
85925,1
42070,1
32327,1
42752,1
62824,1
11190,1
17569,1
100311,1
193,1
46571,1
116527,1
8770,0
30795,1
87445,1
99075,1
31259,1
43355,1
17862,1
18230,1
28803,1
78002,1
61944,1
96019,1
108069,1
89906,1
80404,1
14567,1
82325,1
116317,1
26649,1
111250,1
108392,0
49678,1
64046,1
71853,1
110155,1
6581,1
92491,1
99751,1
32174,1
98646,1
89388,1
111623,1
109632,1
59871,1
49879,1
86497,1
9168,0
91170,1
46403,1
96136,1
85436,1
7368,1
67580,1
72692,1
16288,1
7851,1
42946,1
44900,1
58643,1
79151,1
50500,1
49812,1
95998,1
67028,1
58929,1
114404,1
65087,1
66314,1
54306,1
59659,1
9885,0
51631,1
97136,1
74813,1
35292,1
23567,1
86710,1
70910,1
63095,1
54869,1
89709,1
106108,1
81768,1
14849,1
50139,1
8259,1
32762,1
71363,1
98344,1
92493,1
98234,1
11240,1
95028,1
46733,1
112728,1
64307,1
77175,1
6816,1
59711,1
113251,1
49437,1
43472,1
31655,1
51875,1
79676,1
34228,1
50085,1
4493,1
56307,1
113242,1
78610,1
94840,1
79222,1
13947,1
11002,1
48200,1
72766,1
28365,1
48454,1
75948,1
5075,1
59675,1
24264,1
21778,1
107945,1
84866,1
15282,1
116024,0
69624,1
18351,1
53909,1
34518,1
69785,1
61709,1
23383,1
8472,1
108400,1
8787,0
22010,1
12109,1
71678,1
103965,1
46738,1
15037,1
74567,1
86516,1
2659,1
65677,1
2597,1
72237,1
15223,1
83297,0
58810,1
67990,1
22746,1
72954,1
86661,1
50290,1
10449,0
56526,1
29516,1
50939,1
110434,1
98696,1
53798,1
23952,1
82379,1
55267,1
48781,1
8179,0
109869,1
50100,1
93812,1
9528,0
71906,1
102932,1
112782,1
55077,1
63278,1
87960,1
98745,1
75330,1
90751,1
41814,1
36598,1
116107,0
55296,1
28795,1
38547,1
104648,1
76229,1
67494,1
155,1
10487,0
114733,1
37346,1
1089,1
87969,1
27516,1
115754,0
78112,1
74658,1
32602,1
40718,1
76637,1
18058,1
55915,1
72516,1
6416,1
81557,1
41855,1
76975,1
84246,0
105400,1
33866,1
70969,1
114763,1
13230,1
71986,1
45096,1
109089,1
18099,1
59042,1
25556,1
95648,1
90301,1
91353,1
85751,1
36116,1
69615,1
107481,1
59165,1
116038,0
587,1
9346,0
46037,1
46305,1
81623,1
43732,1
116293,1
26475,1
111979,1
52142,1
87489,1
30090,1
81835,1
30930,1
645,1
95665,1
110053,1
9587,0
49416,1
97756,1
77275,1
15036,1
32994,0
88708,1
24217,1
92051,1
102168,1
26819,1
108896,1
55426,0
9752,0
8004,1
16154,1
20095,1
8438,1
26170,1
67065,1
1125,1
33691,1
1283,1
56481,0
52756,1
42870,1
31852,1
115528,1
54400,1
105487,1
110454,1
80685,1
63370,1
62987,1
2591,1
5906,1
55661,1
11205,1
39901,1
67843,1
90724,1
20074,0
17071,1
112507,1
33380,1
65031,1
89087,1
85120,1
109472,1
6629,1
4135,1
1898,1
79473,1
282,1
65794,1
11116,1
6530,1
37711,1
84742,1
80257,1
77067,1
85445,1
29139,1
6971,1
113193,1
79057,1
37991,1
67821,1
87983,0
40846,1
21038,1
21384,1
6710,1
116006,0
57828,0
75939,1
21800,1
33243,1
51707,1
49159,1
61001,1
71947,1
2551,0
94986,1
6852,1
32658,1
103850,1
79025,1
51578,1
88664,1
26390,1
48563,1
64166,1
21253,1
18658,1
41971,1
50729,1
23648,1
91179,1
42951,1
20354,1
13565,1
22263,1
81816,1
100417,1
29118,1
39961,1
18489,1
6823,1
27624,1
56700,1
781,1
14939,1
18133,1
96334,1
96468,1
10983,1
72055,1
5774,1
30933,1
78707,1
30573,1
9283,0
63870,1
74905,1
12819,1
18708,1
63878,1
108575,1
37823,1
10800,1
115544,1
59634,1
67263,1
16994,1
48777,1
70202,1
30651,1
90023,1
57326,1
74071,1
93269,1
69286,1
12924,1
78258,1
96111,1
76943,1
65633,1
68673,1
111672,1
14357,1
83457,0
13140,1
47945,1
69184,1
109153,1
78021,1
50669,1
67169,1
86544,1
45232,1
44629,1
55718,1
46760,1
18474,1
23481,1
71707,1
7521,1
98876,1
97852,1
75415,1
62032,1
115631,0
19446,1
33365,1
15352,1
88553,1
91006,1
24259,1
113908,1
7345,1
6304,1
113885,1
6588,1
81912,1
42891,1
29055,1
116057,1
87896,1
57714,1
18322,1
26928,1
115959,1
34521,1
28228,1
18745,1
20644,1
70968,1
22669,1
111487,1
102263,1
2539,1
77465,1
50601,1
65428,1
104646,1
107439,1
115207,1
66707,1
48330,1
7927,1
14289,1
96894,1
97798,1
114100,1
102304,1
17073,1
47299,0
15892,1
115768,0
50026,1
18681,1
40785,1
2643,1
95850,0
59063,1
5347,1
96044,1
41800,1
49733,1
32972,0
7896,1
9833,0
100318,1
93583,1
32591,1
50057,1
17015,1
73997,1
19675,1
34742,1
162,1
103302,1
74971,1
9557,0
92573,1
37481,0
74603,1
1431,1
80797,1
23252,1
45603,1
62424,1
13975,1
67155,1
7710,1
7736,1
37051,1
7531,1
112443,1
17069,1
13493,1
42821,1
43619,1
68920,1
2839,1
94848,1
5105,1
56614,1
15078,1
29309,1
19715,1
26201,1
108899,1
25279,1
2096,1
42963,0
22436,1
7999,1
62812,1
94788,1
81906,1
70553,1
25122,1
83369,0
61330,1
23284,1
84530,1
83820,1
90106,1
53072,1
35525,1
97909,1
6397,1
108381,1
93808,1
112234,1
54220,1
46850,1
34865,0
8329,1
95804,0
107332,1
3471,1
111193,1
14472,1
57418,1
84045,0
30254,1
100037,1
83930,0
30447,1
116689,1
34051,1
45253,1
59792,1
77984,1
75564,1
21621,1
33787,1
16184,1
114671,1
75054,1
27386,1
25051,1
84730,1
50288,1
1651,1
99134,1
33937,1
76256,1
6256,1
28854,1
5469,1
94947,1
81580,1
115096,1
10258,0
43934,1
13428,1
37861,1
21817,1
66077,1
62539,1
42092,1
49815,1
78229,1
55506,1
5997,1
68926,1
110384,1
109458,1
28731,1
60603,1
114287,1
14226,1
16029,1
116893,0
109079,1
11005,1
36727,1
93059,1
6643,1
95286,1
23225,1
48868,1
16087,1
69122,1
94733,1
36060,1
68099,1
109126,1
27766,1
59664,1
113654,1
37804,1
33848,1
61627,1
104195,1
64429,1
92197,1
80073,1
59796,1
2023,1
78645,1
115498,0
73445,1
115084,1
23705,1
66549,1
113175,1
18313,1
107539,1
103555,1
9596,0
100483,1
82617,1
23762,1
12087,1
54341,1
5110,1
89822,1
100082,1
36751,1
15379,1
89464,1
40372,1
19873,1
13944,1
63437,1
26832,1
35851,1
10805,1
19033,1
108777,1
47701,1
84899,1
37900,1
67695,1
31656,1
76865,1
25498,1
79578,1
80102,1
104749,1
36735,1
34196,1
3081,1
68056,1
110058,1
114673,1
108351,1
21727,1
62946,1
38787,1
82368,1
49666,1
91396,1
55147,0
22656,1
65095,1
102031,1
41321,1
88199,1
29806,1
101604,1
56447,1
9496,0
104555,1
5926,1
29725,1
51612,1
81942,1
83986,0
18037,1
8894,0
8706,0
66912,1
67260,1
27044,1
3754,1
108821,1
57804,1
29739,1
20567,1
46486,1
102386,1
91598,1
44638,1
48689,1
24858,1
55731,1
110804,1
64028,1
13057,1
85457,1
48908,1
93980,1
23387,1
43541,1
58712,1
86250,1
58005,1
57941,1
94463,1
108255,1
14571,1
94870,1
82566,1
55533,1
23911,1
98605,1
79751,1
15997,1
105469,1
28044,1
100500,1
56849,1
43950,1
50408,1
37643,1
76272,1
48758,1
30841,1
77794,1
61332,1
84080,1
98989,1
64946,1
93471,1
76971,1
46804,1
14291,1
2461,1
77811,1
92949,1
77425,1
105432,1
49145,1
55419,0
54093,1
38714,1
70119,1
22168,1
45000,1
26806,1
89489,1
58279,0
45838,1
16905,1
57866,1
95457,1
64379,1
60703,1
9503,0
69519,1
112990,1
39071,1
108212,1
99084,1
59765,1
17153,1
87527,1
5978,1
25227,1
85667,1
34964,1
46857,1
57713,1
116819,0
86205,1
61558,1
78040,1
59560,1
42600,1
26189,0
6979,1
97661,0
50979,0
77360,1
91074,1
96718,1
52161,1
35144,1
61063,1
17630,1
23888,1
109787,1
39279,1
78815,1
28270,1
115745,0
47241,1
5439,1
76295,1
104797,1
107268,1
29956,1
92601,1
28138,1
57906,0
64027,1
103814,1
103634,1
110990,1
70067,1
9866,0
48355,1
10142,0
44857,1
94439,1
88340,1
16531,1
83588,1
76816,1
101015,1
89570,1
28082,1
7788,1
36224,1
63530,1
94294,1
60920,1
70476,1
41991,1
92260,1
22614,1
63936,1
105387,1
30111,1
47684,1
96722,1
56492,1
25431,1
7099,1
73616,1
49230,1
23472,1
51399,0
114263,1
114832,1
92961,1
107210,1
90900,1
51431,1
28671,1
20281,1
113924,1
89097,1
42080,1
6172,1
3631,1
49723,1
64641,1
104576,1
90536,1
33160,1
3191,1
32784,1
30911,1
53352,1
116329,1
64041,1
55316,1
19877,1
30620,1
26035,1
114656,1
14056,1
72930,1
21223,1
33361,1
93947,1
37487,1
25121,1
104131,1
10749,1
89881,1
29300,1
22420,1
4798,1
10634,1
70331,1
53744,1
109538,1
41424,1
163,1
671,1
53420,1
47076,1
116672,1
16052,1
56532,1
113132,1
90353,1
59353,1
22740,1
60428,1
96320,1
91012,1
5542,1
106297,1
24022,1
23177,1
109204,1
73294,1
103141,1
6548,1
89818,1
63037,1
70017,1
62646,1
61949,1
69252,1
76373,1
104444,1
9956,0
31174,1
99853,1
27605,1
26715,1
96410,1
96774,1
80354,1
51196,1
99071,1
71229,1
57022,1
32371,1
42468,1
15422,1
57009,1
102821,1
12411,1
115640,1
107315,1
68828,1
41779,1
34171,1
66918,1
43108,1
23312,1
54823,1
99942,1
46851,1
97539,1
41568,1
23291,1
97359,1
6406,1
9074,0
28141,0
94397,1
50331,1
70984,1
61588,1
29794,1
44936,1
59474,1
37846,1
25032,1
95694,1
92062,1
46332,1
49841,1
102154,1
55677,1
104792,1
97033,1
42913,1
79364,1
39922,1
71966,1
72146,1
92822,1
103483,1
114848,1
86269,1
77866,1
18268,1
78213,1
35262,1
55099,1
52188,1
28179,1
33613,1
74270,1
77452,1
94299,1
11871,1
110719,1
7967,1
89099,1
40108,1
46659,1
31822,1
16920,1
17347,1
105441,1
101268,1
48244,0
71308,1
50200,1
23429,1
51112,1
35298,1
11138,1
14716,1
73965,1
37685,1
31055,1
91245,1
31552,1
5901,1
73822,1
29984,1
64309,1
63740,1
74520,1
5656,1
94473,1
48895,1
55249,1
104211,1
72909,1
52130,1
115607,0
56154,1
6721,1
24226,1
112020,1
78222,1
73800,1
40461,1
95155,1
31750,1
94031,1
52290,1
73861,1
73165,1
63133,1
45033,1
60631,1
76957,1
34594,1
87468,1
25169,1
12329,1
98864,1
97518,1
102411,1
61929,1
90355,1
64612,1
70971,1
4437,1
10382,0
65450,1
90517,1
83362,0
90373,1
102710,1
64977,1
36035,1
18073,1
42685,1
38067,1
55114,1
84416,1
47864,1
30682,1
35585,1
84328,0
88177,1
5782,1
16163,1
19169,1
9715,0
65061,1
10699,1
76559,1
4895,1
91878,1
56273,1
85957,1
13395,1
98452,1
82205,1
97912,1
18752,1
41323,1
62711,1
91652,1
29301,1
48231,1
55922,1
102747,1
72982,1
98540,1
81437,1
99983,1
10754,1
39891,1
115613,0
108427,1
46479,1
29328,1
68619,1
98936,1
88733,1
100969,1
207,1
28982,1
25592,1
68910,1
10526,0
48604,1
42828,1
113092,1
60963,1
95673,1
44843,1
114646,1
97543,1
53363,1
112413,1
9686,0
58576,1
19201,1
5249,1
98117,1
74069,1
105730,1
45113,1
114877,1
106283,1
115826,1
34503,1
56549,1
14484,1
4255,1
114307,1
68011,1
10756,1
70587,1
69249,1
64315,0
72240,1
68008,1
103493,1
10106,0
54624,1
31367,1
16456,1
14210,1
73379,1
110944,1
112356,1
111335,1
12323,1
54253,1
39532,0
91302,1
31007,1
76329,1
33893,1
17625,1
116609,1
60946,1
51501,1
29371,1
109847,1
62438,1
55754,1
98032,1
114245,1
88700,1
32117,1
94018,1
65108,1
4358,1
112418,1
17727,1
99073,1
86936,1
7421,1
57784,1
104956,1
27213,1
74696,1
57993,1
91658,1
23711,1
40390,1
33755,1
92578,1
16014,1
68388,1
77231,1
41621,1
49104,1
80532,1
17014,1
94880,1
17633,1
26160,1
64174,1
107958,1
68576,1
65481,1
81571,1
103314,1
65681,1
88920,1
36041,1
31910,1
7227,1
36451,1
55826,1
105111,1
110641,1
34084,1
101529,1
71831,1
31401,1
75388,1
104056,1
76153,1
81929,1
37384,1
52249,1
94088,1
116166,1
88789,1
34068,1
23669,1
65429,1
80758,1
88204,1
76666,1
13673,1
42668,0
71031,1
21675,1
107904,1
59189,1
100102,1
12149,1
107971,1
24611,1
6441,1
74172,1
90025,1
48368,1
18743,1
89022,1
3654,1
63646,1
72588,1
29734,1
48713,1
44139,1
114014,1
99590,1
86365,1
100441,1
23171,1
43596,1
44976,1
12289,1
108177,1
64157,1
54691,1
31010,1
13467,1
72430,1
42652,1
36378,1
92653,0
93747,1
57716,1
7151,1
50115,1
6012,1
46413,1
46881,1
37650,1
78612,1
45379,1
110350,1
36914,1
8906,0
56088,1
39310,1
87163,1
93300,1
59182,1
69967,1
114459,1
64106,1
33174,1
24596,1
58348,1
104874,1
78714,1
26987,1
59889,1
81709,1
26966,1
91055,1
73770,1
109326,1
46819,1
11563,1
27598,1
11556,1
53551,1
81889,1
21636,1
32779,1
4760,1
1177,1
64732,1
31348,1
92059,1
108997,1
35631,1
6471,1
93977,1
22612,1
107522,1
77576,1
101293,1
25537,1
60233,0
76743,1
105314,1
109834,1
63449,1
79973,1
22443,1
96546,1
93680,1
8927,0
110896,1
83360,0
103896,1
31324,1
35643,1
77714,1
9108,0
100494,1
103110,1
27723,1
89152,1
3726,1
51924,1
91736,1
107317,1
106493,1
1367,1
3712,1
103754,1
17772,1
25426,1
113942,1
99304,1
96652,1
73297,1
36321,1
64965,1
4114,1
91749,0
67203,1
29165,1
101477,1
114044,1
25923,1
39882,1
66024,1
85150,0
27208,1
72460,1
111279,1
87128,1
73384,1
60576,1
5704,1
106437,1
17087,1
103409,1
69569,1
36059,1
8125,1
110169,1
26984,1
78916,1
42287,1
116466,1
112269,1
47055,1
79134,1
114661,1
115545,1
30659,1
54061,1
37208,1
42823,1
50138,1
94795,1
116267,0
115285,1
65838,0
36487,1
24089,1
81040,1
28625,1
55409,1
88009,1
15577,1
103542,1
47414,1
48320,1
110677,1
37380,1
13669,1
105823,1
23196,1
108295,1
107510,1
107860,1
10225,0
4470,1
82811,1
43753,1
1969,1
78131,1
32556,1
104061,1
22911,1
39062,1
12115,1
79141,1
105899,1
9110,0
68785,1
6570,1
6638,1
56503,1
15398,1
61212,1
89393,1
45272,1
65661,1
114474,1
103674,1
1239,1
35057,1
41235,1
25611,1
33997,1
64178,1
9200,0
29856,1
105284,1
103482,1
28404,1
76260,1
86213,1
1058,1
39030,1
80896,1
27420,1
281,1
91155,1
91428,1
47614,1
66504,1
81537,1
20337,1
34707,1
116613,0
83194,0
619,1
18309,1
67278,1
83310,0
79671,1
26155,1
9847,0
101872,1
92464,1
92324,1
15563,1
71652,1
51886,1
55204,0
35946,1
85112,1
107803,1
71635,1
82495,1
108856,1
88576,1
23499,1
79530,1
104199,1
113939,1
6276,1
42240,1
115494,0
111453,1
76619,1
71260,1
76367,1
82189,1
33397,1
44738,1
52233,1
104734,1
101678,1
12588,1
97955,1
61367,1
86475,1
21927,1
13760,1
108542,1
64674,1
67649,1
92152,1
61272,1
101520,1
45893,1
69350,1
106625,1
101459,1
47064,1
35046,1
70135,1
98317,1
99950,1
94588,1
96059,1
50677,1
35133,1
4648,1
44965,1
64324,1
26916,1
33142,1
114729,1
88397,1
66061,1
107435,1
11561,1
112214,1
78301,1
23279,1
26723,1
19975,1
27490,1
57056,1
84878,1
98833,1
48364,1
86652,1
42229,1
45241,1
17778,1
29426,1
12201,1
45350,1
76707,1
26017,1
26958,1
116792,0
77539,1
22015,1
31585,1
31860,1
25849,1
72099,1
65128,1
4703,1
80818,1
114225,1
39063,1
99259,1
39443,1
101757,1
25963,1
78339,1
47908,1
74131,1
100375,1
956,1
59321,1
112340,1
72541,1
30027,1
98656,1
111822,1
55230,1
16309,1
104540,1
45500,1
94242,1
8946,0
79561,1
60315,1
114306,0
91194,1
2920,1
114015,1
37412,1
661,1
16082,1
105361,1
75717,1
20049,1
89899,1
92447,1
70326,1
2356,1
110198,1
28380,1
83847,1
116499,1
52579,1
20022,1
31890,1
26745,1
83186,1
79148,1
1560,1
110091,1
10326,0
72715,1
80885,1
15313,1
111562,0
36877,1
95081,1
21288,1
56446,1
98818,1
33662,1
74137,1
81941,1
27961,1
11653,1
66435,1
98511,1
115495,0
98762,1
26630,1
100734,0
24826,1
61550,1
13629,1
25683,1
3389,1
26289,1
102215,1
90827,1
64881,1
33320,1
26015,1
105221,1
83976,0
1925,1
49786,1
104386,1
57660,1
71626,1
51047,0
62768,1
25003,1
9078,0
65641,1
68577,1
81905,1
75897,1
50861,1
98393,0
23398,1
81061,1
108737,1
52326,1
50069,1
56985,1
112755,1
88652,1
83869,1
45004,1
112360,1
27424,1
6368,1
49153,1
63483,1
61681,1
22431,1
74663,1
74441,1
35488,1
48787,1
96347,1
95317,1
111925,1
74319,1
114126,1
38559,1
52269,1
39499,1
43408,1
75304,1
46167,1
69298,1
32981,1
49930,1
30087,1
52648,1
115239,1
51195,1
64288,1
41688,1
21804,1
6154,1
26143,1
106661,1
62046,1
83309,0
29009,1
30015,1
26589,1
102471,1
60112,1
85708,1
29759,1
82503,1
54615,1
100737,1
49268,1
5109,1
74744,1
65455,1
104101,1
8712,0
34531,1
51027,0
79083,1
28541,1
11536,1
47837,1
68760,1
526,1
15251,1
52098,1
53625,1
44859,1
5655,1
107188,1
38827,1
82879,1
61788,1
39110,1
30707,1
85553,1
112301,1
82970,1
74318,1
8711,0
68916,1
36444,1
5776,1
39341,1
21563,1
99911,1
85530,1
18639,1
23019,1
38158,1
26385,1
114187,1
82711,1
107288,1
84976,1
26431,1
48290,1
1980,1
76961,1
19982,1
110459,1
12857,1
7424,1
5626,0
32196,1
63416,1
99986,1
48901,1
53331,1
28602,1
81871,1
39214,1
53268,1
33756,1
97883,1
93623,1
113387,1
44413,1
52930,1
22042,1
77258,1
3093,1
52307,1
78797,1
112302,1
60545,1
50975,0
23411,1
17482,1
75932,1
101148,1
41846,1
68878,1
81958,1
97768,1
6540,1
89186,1
14288,1
101660,1
13025,1
26029,1
11745,1
44569,1
96214,1
29241,1
27082,1
93106,1
112718,0
31598,1
7813,1
116598,1
57372,1
87046,1
27083,1
100732,1
21427,1
87266,1
90874,1
77475,1
21195,1
24860,0
37567,1
23821,1
67889,1
114682,1
76919,1
20953,1
9077,0
73609,1
63888,1
80395,1
50192,1
112831,1
7491,1
45539,1
115921,1
72595,1
13507,1
82197,1
5084,1
26660,1
91357,1
100686,1
98875,1
1435,1
61246,1
13281,1
42207,0
87272,1
29257,1
110022,1
47517,1
76242,1
70981,1
1007,1
63852,1
31575,1
37311,1
12987,1
72545,1
31966,1
34832,1
66672,1
75418,1
60461,1
95756,1
87263,1
75713,1
33062,1
91659,1
92124,1
57932,1
48845,1
18787,1
92241,1
102302,1
42534,1
36509,1
77236,1
22890,1
2719,1
105865,1
78249,1
47638,1
54302,1
49138,1
68344,1
74553,1
49708,1
48874,1
63620,1
22534,1
53947,1
2469,1
69274,1
86206,1
111785,1
26292,1
97624,1
51756,1
33130,1
105228,1
83624,1
65082,1
96826,1
112992,1
67675,1
19623,1
7314,1
86231,1
99616,1
92108,1
71719,1
30561,1
11303,1
1591,1
19129,1
84082,0
2396,1
112863,1
9516,0
103537,1
115365,1
86988,1
85956,1
41755,1
3020,1
9903,0
106532,1
94661,1
41873,1
112217,1
70831,1
3972,1
21754,1
80199,1
69669,1
33742,1
105595,1
25559,1
81121,1
50106,0
58762,1
115612,0
42520,1
46542,1
29192,1
94377,1
25931,1
88801,1
103320,1
17602,1
65160,1
97820,1
43642,1
23874,1
111543,1
83560,0
17674,1
110177,1
83300,0
34701,1
102979,1
59720,1
60504,1
75758,1
33660,1
7287,1
54028,1
61413,0
7906,1
28831,1
24578,0
112855,1
26685,1
25425,1
84386,0
7657,1
42874,1
26172,1
30448,1
18297,1
62483,1
76898,1
46600,1
66262,1
72750,1
73781,1
50948,0
81412,1
14199,1
55554,1
109049,1
27376,1
82856,1
61665,1
40042,1
77129,1
34157,1
101868,1
64754,1
41844,1
38197,1
81470,1
114524,1
56979,1
54842,1
62211,1
80435,1
24262,1
48280,1
80097,1
34636,1
29757,1
106506,1
56638,0
806,1
37573,1
97659,1
107434,1
45028,1
67364,1
116919,0
108730,1
97419,1
74691,1
89431,1
80688,1
4494,0
35400,1
112590,1
115361,1
90816,1
57775,1
40600,1
112573,1
32913,1
55619,0
34801,1
32413,1
24951,1
33933,1
109996,1
2050,0
85680,1
32733,1
10816,1
12676,1
3430,1
24574,0
50072,1
105373,1
102665,1
10616,1
58606,1
83691,1
85431,1
33039,1
12984,1
62187,1
73972,1
61916,1
51184,1
29629,1
45084,1
116654,1
107309,1
39974,1
96122,0
69346,1
13919,1
48543,1
95505,1
27788,1
75532,1
29430,1
102650,1
66081,1
52393,1
74038,0
110017,1
80765,1
74859,1
79273,1
94223,1
113824,1
27345,1
7564,1
15317,1
54620,1
44547,1
6640,1
94071,1
56846,1
40998,1
78187,1
23510,1
20662,1
97241,1
2983,1
95402,1
82050,1
78945,1
57132,1
96443,1
35435,1
52375,1
74910,1
89613,1
87312,1
66150,1
17850,1
37265,0
19426,1
25510,1
51571,1
54237,1
36062,1
6737,1
99804,1
94934,1
41786,1
83441,0
73543,1
80559,1
11122,1
69768,1
24070,1
8820,0
37198,1
44813,1
82310,1
94457,1
19541,1
56276,1
87833,1
12182,1
106896,1
70342,1
29711,1
37641,1
27935,1
112153,1
90600,1
77454,1
62552,1
55761,0
15896,1
70855,1
116762,1
105423,1
67957,1
54756,1
1750,0
11344,1
51860,1
12254,1
71431,1
338,1
90327,1
44623,1
1341,1
20491,1
57134,1
94006,1
36408,1
49481,1
21520,1
35772,1
6960,0
69626,1
114618,1
91748,1
51474,1
23051,1
88929,1
20581,1
85469,1
75186,1
106667,1
86123,1
34020,1
28145,1
45186,1
24354,1
13350,1
115511,1
55337,1
83559,0
74666,1
60,0
34008,1
54912,1
37904,1
35111,1
15048,1
100424,1
1524,1
105921,1
32921,1
47304,1
66017,1
38890,1
45420,1
24058,1
12112,1
15850,1
31987,1
67298,1
114130,1
113811,1
74478,1
106019,1
59129,1
21792,1
89399,1
94613,1
4853,1
68247,1
23150,1
53302,1
28769,1
96999,1
11046,1
24762,1
91248,1
72355,1
89599,1
53002,1
57492,1
53276,1
78617,1
87410,1
11555,1
21172,1
19250,1
61120,1
38709,1
101371,1
86145,1
36397,1
29373,1
89563,1
101332,1
35737,1
11664,1
59052,1
93065,1
74182,1
47924,1
46828,1
96523,1
4263,1
29402,1
82565,1
81182,1
106296,1
51226,1
61396,1
16725,1
40809,1
48756,1
1622,1
78411,1
97432,1
22180,1
39952,1
26657,1
31653,1
57384,1
38243,1
92201,1
61268,1
97425,1
56133,1
81994,1
74532,1
76908,0
106937,1
55961,1
51693,1
17685,1
55029,1
23752,1
60774,1
99608,1
106732,1
102337,1
35367,1
78344,1
2573,1
27856,1
35954,1
28529,1
51920,1
37599,1
86143,1
114390,1
90093,1
67642,1
19063,1
48285,1
45648,1
29975,1
17771,1
109397,1
7083,1
62516,1
111496,1
63197,1
1279,1
78757,1
33572,1
14596,1
76918,1
102870,1
94914,1
116521,1
15358,1
103145,1
85514,1
87955,1
23236,1
42880,1
8705,0
31419,1
50460,1
13859,1
41874,1
36220,1
20079,1
53394,1
60500,1
2198,1
16032,1
4425,1
6150,1
47057,1
17327,1
66358,1
113374,1
86925,1
106660,1
54771,1
12175,1
84458,1
113453,1
60535,1
75039,0
31821,1
87127,1
116283,0
73506,1
64929,1
79111,1
101358,1
85595,1
24160,1
39986,1
72258,1
68836,1
85230,1
31480,1
56373,1
74055,1
114684,1
63230,1
76218,1
30678,1
112599,1
55106,1
76534,1
110904,1
109575,1
81244,1
85382,1
26399,1
105947,1
81974,1
112726,0
52603,1
75629,1
99785,1
103177,1
78623,1
48770,1
40806,1
12342,1
52487,1
55168,1
65155,1
25522,1
38565,1
11485,1
26737,1
38000,1
6645,1
28865,1
48302,1
38258,1
64077,1
33536,1
18449,1
89106,1
93607,1
72847,1
90397,1
42460,0
86444,1
27952,1
59676,1
2717,1
2079,1
93501,1
58066,1
33719,1
24442,1
2482,1
92374,1
41949,1
1759,1
75520,1
20806,1
62823,1
75452,1
21566,1
96731,1
24917,1
52853,1
102547,1
49840,1
19816,1
46163,1
70480,1
27696,1
103892,1
16241,1
10395,0
19097,1
4757,1
94270,1
37148,1
46240,1
87895,1
19956,1
45765,1
70835,1
67526,1
110616,1
111255,1
79026,1
70507,1
41914,1
111530,1
6783,1
36368,1
57761,1
8666,0
8070,1
8577,0
73509,1
108618,1
99929,1
49688,1
63731,1
25150,1
40738,1
13224,1
97945,1
102516,1
39224,1
57545,1
97416,1
75060,1
56264,1
11694,1
68244,1
63374,1
39282,1
37430,1
53173,1
100158,1
101376,1
19256,1
47523,1
1645,1
101721,1
36244,1
22116,1
76589,1
34560,1
13718,1
47882,1
3797,1
68904,1
44327,1
105500,1
86066,1
55176,1
109945,1
65310,1
107099,1
27632,1
115955,1
126,1
104263,1
53028,1
60279,1
64644,1
111939,1
80879,1
37219,1
39915,1
85451,1
27306,1
99131,1
91751,1
56942,1
15328,1
17368,1
109777,1
73319,1
75916,1
75993,1
2443,1
90474,1
76077,1
115033,1
814,0
55318,1
12999,1
109701,1
76325,1
109415,1
14153,1
77834,1
71315,1
100420,1
99097,1
75683,1
39666,1
100978,1
16478,1
114074,1
20609,1
3756,1
101195,1
84291,0
14382,1
64772,1
20103,0
101532,1
40631,1
64435,1
71895,1
71907,1
29486,1
23710,1
55180,0
46197,1
43872,1
112250,1
102916,1
32265,1
59201,1
19029,1
67779,1
103677,1
2336,1
82870,1
32154,1
64484,1
44028,1
66656,1
97720,1
10789,1
51356,1
98723,1
922,1
9446,0
25053,1
59379,1
5408,1
71324,1
80910,1
56819,1
87487,1
96809,1
24519,1
83122,0
96646,1
92738,1
54917,1
41157,1
67506,1
11302,1
4018,1
92263,1
36455,1
18381,1
45558,1
11246,1
34016,1
67728,1
19096,1
9184,0
18574,0
102974,1
87062,1
71520,1
72101,1
73340,1
11954,1
39711,1
93709,1
29287,1
75046,1
59207,1
43303,1
84056,0
82985,1
14060,1
16984,1
20611,1
105881,1
77,1
23930,1
19282,1
15524,1
86740,1
88861,1
30523,1
58596,1
41832,1
8007,1
87388,1
5951,1
43925,1
36159,1
5415,1
73698,1
84555,0
65441,1
70792,1
101834,1
8567,1
67444,1
42929,1
235,1
12219,1
96573,0
83524,0
106288,1
42078,1
93789,1
36258,1
26614,1
97829,1
79767,1
93070,1
19216,1
108872,1
63076,1
1342,1
8512,0
34387,1
5287,1
39809,1
2219,1
9865,0
87958,1
82180,1
116071,1
59383,1
111281,1
20128,1
47362,1
105292,1
32254,1
20618,1
1917,1
1828,1
42533,1
110911,1
78477,1
104537,1
67584,1
104587,1
36976,1
45587,1
49376,1
58067,1
91922,1
64323,1
42101,1
30105,1
6469,1
97579,1
88236,1
46514,1
113689,1
79239,1
10954,0
846,1
53441,1
103864,1
13234,1
112613,1
84471,1
112221,1
117,1
107141,1
87886,1
28746,1
79579,1
41427,1
16389,1
38110,1
9111,0
76323,1
4324,1
115751,0
100894,1
24818,1
13046,1
27446,1
85655,1
13918,1
76125,1
56138,1
77149,1
27139,1
72303,1
71158,1
1605,1
92436,1
27285,1
58656,1
28024,0
3812,1
112581,1
17260,1
76090,1
75703,1
34529,1
48447,1
54553,1
84659,1
62981,1
60004,1
100776,1
81449,1
72274,1
23275,1
81264,1
77735,1
73479,1
12910,1
79905,1
26069,1
6371,1
26734,1
82152,1
73794,1
7561,1
108099,1
6168,1
109779,1
3596,1
104592,1
4632,1
47915,1
114813,1
56793,1
6229,1
95462,1
50448,1
116231,0
90825,1
10267,0
111076,1
38518,1
73688,1
46271,1
35854,1
34674,1
105186,1
88869,1
105977,1
106476,1
67067,1
38638,1
55658,1
84717,1
82838,1
18030,1
5122,1
5126,1
111927,1
15034,1
4621,1
105113,1
16748,1
114049,1
44247,1
67661,1
73686,1
28699,1
8717,0
111317,1
55,0
82558,1
302,1
87731,1
50428,1
79714,1
59399,1
79104,1
64291,1
95257,1
4432,1
52796,1
19262,1
110698,1
55645,1
10478,0
43221,1
5240,1
22574,1
10488,0
23321,1
23624,1
81818,1
112428,1
91865,1
108464,1
51745,1
93229,1
18777,1
16907,1
104680,1
39749,1
79252,1
23061,1
36668,1
103081,1
111195,1
87505,1
87044,1
57108,1
23954,1
11314,1
28732,1
75697,1
115359,1
69724,1
33434,1
101570,1
83807,1
41240,1
108215,1
110951,1
58243,1
24071,1
22415,1
11637,1
6090,1
71774,1
80719,1
105654,1
24214,1
17144,1
6254,1
45002,1
12015,1
36586,1
104573,1
69836,1
5569,1
14388,1
73477,1
92705,1
102468,1
55123,1
19963,1
87369,1
85392,1
55479,1
114825,1
39811,1
103196,1
43088,1
52329,1
70390,1
70173,1
42318,1
97239,1
56800,1
53413,1
94456,1
83251,0
75745,1
61886,1
23386,1
25934,1
6941,1
73553,1
55393,1
107825,1
6949,0
105185,1
78587,1
65215,1
81317,1
59494,1
53682,1
92234,1
37441,1
77709,1
39764,1
1252,1
44238,1
15254,1
19758,1
19198,1
53871,1
88464,1
42808,1
37626,1
24285,1
106884,1
73963,0
115765,0
42944,0
37131,1
32049,1
94074,1
49922,1
43125,1
61877,1
58017,1
114937,0
14489,1
7239,1
112734,0
36187,1
92193,1
108319,1
116417,1
37744,1
70080,1
21949,1
57091,1
17100,1
53932,1
45106,1
34816,1
38765,1
56397,1
113748,1
13456,1
53330,1
32201,1
4809,1
10916,1
69172,1
23524,1
23574,1
50612,1
80642,1
104293,1
9860,0
98142,1
60100,1
18384,1
12763,1
29189,1
47926,0
40943,1
404,1
384,1
8702,0
105570,1
75880,1
18017,1
20384,1
46540,1
86704,1
72474,1
6970,1
20309,1
62680,1
4158,1
23833,1
62292,1
112816,1
111854,1
8415,1
100497,1
27712,1
61813,1
1015,1
37892,1
95084,1
56570,1
23793,1
58141,1
84791,1
65545,1
75672,1
50990,0
70340,1
49407,1
56178,1
5713,0
45445,1
34349,1
27532,1
82844,1
97007,1
35547,1
57043,1
55284,1
78752,1
38088,1
105616,1
47605,1
104346,1
20159,1
4835,1
103268,1
27355,1
33307,1
31921,1
105787,1
84665,0
102023,1
61529,1
46427,1
9337,0
29703,1
66203,1
23959,1
90469,1
21447,1
11023,1
10975,1
99657,1
78859,1
7114,1
24504,1
41430,1
19087,1
68866,1
106357,1
110133,1
107892,1
52736,1
52638,1
38413,1
52528,1
17640,1
71726,1
114065,1
110008,1
13843,1
30354,1
91362,1
21732,1
76539,1
61642,1
93396,1
93045,1
20559,1
103214,1
34620,1
22700,1
111276,1
36395,1
67641,1
114821,1
111732,1
103333,0
82848,1
33591,1
23960,1
28016,1
99835,1
99518,1
66040,1
61629,1
80219,1
108492,1
39298,1
52224,1
42918,1
42344,1
25470,1
13116,1
57799,1
55771,1
30355,1
3709,1
116396,0
86769,1
4748,1
86188,1
44482,1
15485,1
94246,1
93714,1
55129,1
25289,1
26790,1
103605,1
72124,1
34578,1
19870,1
89339,1
35909,1
91267,1
1324,1
37080,1
40262,1
57854,1
91792,1
106995,1
83285,0
26432,1
42348,1
13807,1
28295,1
26962,1
54693,0
88092,1
83460,0
19065,1
88858,1
93105,1
62856,1
39081,1
50343,1
46732,1
21677,1
1542,1
44261,1
77052,1
72592,1
100843,1
82873,1
23625,1
48136,1
72267,1
103150,1
6801,1
89930,1
102634,1
74460,1
38102,1
23714,1
9348,0
103033,1
88461,1
11174,1
21689,1
21545,1
89780,1
84076,0
1062,1
27192,1
66703,1
60566,1
105955,1
87508,1
11130,1
97203,1
89112,1
102795,1
86900,1
8335,1
5486,1
60921,1
54098,1
32307,1
64895,1
51934,1
82637,1
59163,1
35270,1
69896,1
36939,1
24466,0
72936,1
63932,1
16779,1
79459,1
47280,1
39954,1
66234,1
50517,1
728,1
46959,1
41555,1
14397,1
110448,1
111888,1
55069,1
21352,1
68450,1
112856,1
43286,1
71180,1
20150,1
36208,1
44811,1
61476,1
32479,1
7357,1
88726,1
59031,1
34911,1
65510,1
70640,1
37841,1
17955,1
85999,1
83042,1
114352,1
47295,1
35735,1
18888,1
38756,1
44425,1
92920,1
89084,1
60692,1
33496,1
105891,1
7543,1
412,1
11338,1
26092,1
38513,1
89588,1
82745,1
3267,1
20358,1
107112,1
57458,1
65953,1
76797,1
75353,1
15305,1
114585,1
88668,1
25351,1
94297,1
93008,1
27350,1
100386,1
92658,1
97532,1
12161,1
3373,1
38494,1
86027,1
108940,1
20764,1
89643,1
82986,1
69449,1
111783,1
38304,1
97856,1
106306,1
103691,1
93610,1
101042,1
70588,1
4000,0
91680,1
35195,1
11938,1
72369,1
59275,1
18071,1
66387,1
60890,1
88223,1
91007,1
49115,1
94704,1
30977,1
104182,1
57679,1
51991,1
27663,1
4611,1
16364,1
9540,0
41975,1
60160,1
9823,0
100793,1
110226,1
23289,1
65417,1
40158,1
68385,1
97379,1
98116,1
79605,1
23049,1
104185,1
26646,1
102756,1
59101,1
56573,1
62752,1
91747,1
94758,1
35247,1
108761,1
43919,1
95435,1
29124,1
60403,1
78781,1
95981,1
51293,0
78832,1
44078,1
54340,1
9435,0
61389,1
93468,1
84664,1
72789,1
13284,1
69042,1
67215,1
85067,1
73666,1
59638,1
113429,1
16964,1
9662,0
29375,1
53222,1
13500,1
3343,1
111488,1
114548,1
56556,1
45543,1
20056,1
115247,1
5237,1
7805,1
46175,1
16896,1
94841,1
66617,1
116352,1
74740,1
100235,1
89480,1
1150,1
51990,1
5949,1
8308,1
32217,1
90852,1
25945,1
112566,1
103481,1
28251,1
79634,1
82750,1
73847,1
86672,1
91794,1
83613,1
111721,1
17019,1
102769,1
94476,1
105103,0
73523,1
72615,1
39734,1
80738,1
69678,1
32093,1
56179,1
58335,1
66412,1
54021,1
87235,1
87142,1
114692,1
48747,1
3051,1
19508,1
80135,1
113632,1
92772,1
68027,1
15338,1
95285,1
53006,1
70313,1
108211,1
31024,1
56661,1
96825,1
55609,0
22677,1
50300,1
49726,1
52921,1
93848,1
99157,1
10966,1
78657,1
32097,1
13403,1
55766,1
87922,1
91083,1
76429,1
70031,1
106477,1
6655,1
77575,1
2368,1
70316,1
110627,1
89912,1
87545,1
88891,1
8716,0
10647,1
29592,1
50993,0
104290,1
49689,1
19190,1
5801,1
54748,1
105510,1
105647,1
78069,1
105864,1
106400,1
27751,1
66320,1
45017,1
99713,1
10729,1
82074,1
56958,1
35777,1
18070,1
11093,1
4014,0
72991,1
111217,1
36631,1
51885,1
100199,1
103746,1
66105,1
23093,1
32745,1
34584,1
26641,1
85314,1
50336,1
6102,1
101279,1
115668,1
10492,0
65726,1
54240,1
66235,1
115294,1
45236,1
301,1
96752,1
3420,1
18711,1
33828,1
63208,1
32635,1
47202,1
43525,1
36212,1
82989,1
43484,1
18589,1
56491,1
73744,1
105983,1
109616,1
102946,1
56835,1
45714,1
74543,1
40764,0
93179,1
94660,1
5600,1
107455,1
39790,1
97888,1
54045,1
48404,1
49377,1
30746,1
19738,1
5895,1
76213,1
74290,1
3436,1
47333,1
79909,1
116381,0
6893,1
17429,1
19830,1
45525,1
40818,1
107450,1
70091,1
44064,1
70271,1
86416,1
99522,1
46214,1
22399,1
58871,1
3987,0
86831,1
91412,1
23328,1
38467,1
90272,1
94179,1
112296,1
50108,1
61135,0
2869,1
77505,1
21357,1
46975,1
68497,1
112476,1
2200,1
82018,1
38360,1
2557,1
48354,1
61267,0
53351,1
107941,1
5539,1
32711,1
116336,1
12874,1
29299,1
12183,1
59040,0
6295,1
4499,1
66690,1
51407,1
15151,1
42642,1
7400,1
43016,0
72694,1
61434,1
29855,1
20932,1
112893,1
103727,1
31616,1
2049,0
111472,1
77371,1
16371,1
107512,1
90735,1
96601,1
46843,1
16646,1
30306,1
60713,1
85981,1
21918,1
47254,1
112561,1
39384,1
73656,1
8155,0
1802,1
37504,1
11111,1
100689,1
88614,1
71295,1
83879,1
84896,1
8680,0
83763,1
67270,1
2911,1
11411,1
106642,1
95742,1
34754,1
72082,1
112547,1
56250,1
2811,1
49811,1
91906,1
15708,1
51663,0
109893,1
86202,1
42107,1
93384,1
25184,1
22671,1
80623,1
110078,1
34698,1
89045,1
65733,1
106081,1
52083,1
106308,1
67863,1
37157,1
25342,1
12688,1
109751,1
98506,1
52662,1
70467,1
63734,1
87455,1
26309,1
104095,1
50859,1
87092,1
46717,1
55680,1
7392,1
38623,1
90084,1
854,1
112181,1
112859,1
103041,1
94209,1
26736,1
115386,1
93264,1
85616,1
67172,1
23664,1
89474,1
109953,1
65318,1
52733,1
83211,0
62003,1
39353,1
46576,1
51005,0
54384,1
68840,1
116183,1
95839,1
61087,1
93557,1
73530,1
34766,1
66199,1
13545,1
98098,1
97504,1
3748,1
94856,1
5530,1
21959,1
58053,1
105830,1
9474,0
55016,1
92787,1
6776,1
61373,1
66842,1
30080,1
23776,1
44262,1
21976,1
15707,1
75766,1
26105,1
18047,1
21834,1
42941,1
48925,1
25939,1
69163,1
112235,1
95259,1
95003,1
2693,1
109556,1
49080,1
42557,1
64044,1
109225,1
43585,1
22299,1
93426,1
75450,1
81734,1
62623,1
55820,1
33827,1
67214,1
56044,1
71910,1
105878,1
80356,1
18141,1
87939,1
110687,1
54268,1
107059,1
50015,1
114238,1
50636,1
23419,1
87897,1
87054,1
206,1
90982,1
110989,1
6910,1
98806,1
82948,1
52992,1
27266,1
79309,1
8110,1
113252,1
98018,1
70592,1
108066,1
24538,1
10965,1
63335,1
84651,1
96354,1
79575,1
77373,1
35222,1
89135,1
52256,1
113569,1
78603,1
30535,1
8392,1
22662,1
52251,1
104488,1
64505,1
26854,1
3561,1
38660,1
12666,1
61858,1
13986,1
33159,1
39504,1
87538,1
5258,1
48190,1
2695,1
67563,1
62592,1
2568,1
40774,1
48984,1
114752,1
61228,1
51214,1
38044,1
105512,1
8571,1
39099,1
86779,1
63704,1
12185,1
86807,1
9268,0
82798,1
74065,1
24300,1
23247,1
89812,1
55591,0
89789,1
1016,1
91387,1
40397,1
94663,1
11534,1
32606,0
99299,1
92093,1
37065,1
65697,1
71211,1
72409,1
45758,1
9692,0
40757,1
52995,1
78953,1
109109,1
77189,1
66557,1
19457,1
89475,1
69479,1
67121,1
92067,1
35920,1
80077,1
106530,1
110510,1
17159,1
48555,1
23483,1
68148,1
23897,1
76552,1
43001,1
73969,1
108557,1
108859,1
8792,0
10627,0
87313,1
80038,1
96276,1
41606,1
3890,1
69092,1
11394,1
116216,1
31551,1
66803,1
56886,1
67435,1
35773,1
84654,0
65725,1
59150,1
2747,1
18431,1
84478,1
25658,1
106970,1
93016,1
71932,1
28693,1
85305,1
53707,1
83104,0
104724,1
103355,1
5311,1
67969,1
64925,1
62955,1
59735,1
769,1
64820,1
67221,1
41090,1
16023,1
60263,1
44131,1
112727,0
87498,1
37194,1
82386,1
6265,1
54886,1
76820,1
110268,1
103694,1
860,1
15795,1
