Skipping image OS validation for hb__fe87ed56be4ccc47d6527e641c3270f3: docker inspect returned 1
Skipping image OS validation for hb__510af71948abf0411e34a4fffcdcc268: docker inspect returned 1
Skipping image OS validation for hb__cdeb1b31d9d574133ed516844dac0264: docker inspect returned 1
Skipping image OS validation for hb__bedbcf202e03f615e42812f0f64f327f: docker inspect returned 1
Installing: tmux, asciinema
Installing: tmux, asciinema
Detected system: {'os': 'debian-based', 'package_manager': 'apt-get', 'update_command': None}
Installing tools using apt-get: DEBIAN_FRONTEND=noninteractive apt-get update && DEBIAN_FRONTEND=noninteractive apt-get install -y tmux asciinema
Detected system: {'os': 'debian-based', 'package_manager': 'apt-get', 'update_command': None}
Installing tools using apt-get: DEBIAN_FRONTEND=noninteractive apt-get update && DEBIAN_FRONTEND=noninteractive apt-get install -y tmux asciinema
Installing: tmux, asciinema
Installing: tmux, asciinema
Detected system: {'os': 'debian-based', 'package_manager': 'apt-get', 'update_command': None}
Installing tools using apt-get: DEBIAN_FRONTEND=noninteractive apt-get update && DEBIAN_FRONTEND=noninteractive apt-get install -y tmux asciinema
Detected system: {'os': 'debian-based', 'package_manager': 'apt-get', 'update_command': None}
Installing tools using apt-get: DEBIAN_FRONTEND=noninteractive apt-get update && DEBIAN_FRONTEND=noninteractive apt-get install -y tmux asciinema
Starting recording.
Sending keys: ['asciinema rec --stdin /logs/agent/recording.cast', 'Enter'] min_timeout_sec: 1.0 max_timeout_sec: 180.0
Starting recording.
Sending keys: ['asciinema rec --stdin /logs/agent/recording.cast', 'Enter'] min_timeout_sec: 1.0 max_timeout_sec: 180.0
Sending keys: ['clear', 'Enter'] min_timeout_sec: 0.0 max_timeout_sec: 180.0
Sending keys: ['clear', 'Enter'] min_timeout_sec: 0.0 max_timeout_sec: 180.0
Failed to retrieve model info for 'openrouter/google/gemma-4-26b-a4b-it': This model isn't mapped yet. model=openrouter/google/gemma-4-26b-a4b-it, custom_llm_provider=openrouter. Add it here - https://github.com/BerriAI/litellm/blob/main/model_prices_and_context_window.json.. Using fallback context limit: 1000000
Failed to retrieve model info for 'openrouter/google/gemma-4-26b-a4b-it': This model isn't mapped yet. model=openrouter/google/gemma-4-26b-a4b-it, custom_llm_provider=openrouter. Add it here - https://github.com/BerriAI/litellm/blob/main/model_prices_and_context_window.json.. Using fallback context limit: 1000000
Starting recording.
Sending keys: ['asciinema rec --stdin /logs/agent/recording.cast', 'Enter'] min_timeout_sec: 1.0 max_timeout_sec: 180.0
Starting recording.
Sending keys: ['asciinema rec --stdin /logs/agent/recording.cast', 'Enter'] min_timeout_sec: 1.0 max_timeout_sec: 180.0
Sending keys: ['clear', 'Enter'] min_timeout_sec: 0.0 max_timeout_sec: 180.0
Sending keys: ['clear', 'Enter'] min_timeout_sec: 0.0 max_timeout_sec: 180.0
Failed to retrieve model info for 'openrouter/google/gemma-4-26b-a4b-it': This model isn't mapped yet. model=openrouter/google/gemma-4-26b-a4b-it, custom_llm_provider=openrouter. Add it here - https://github.com/BerriAI/litellm/blob/main/model_prices_and_context_window.json.. Using fallback context limit: 1000000
Failed to retrieve model info for 'openrouter/google/gemma-4-26b-a4b-it': This model isn't mapped yet. model=openrouter/google/gemma-4-26b-a4b-it, custom_llm_provider=openrouter. Add it here - https://github.com/BerriAI/litellm/blob/main/model_prices_and_context_window.json.. Using fallback context limit: 1000000
Parser warnings: - Extra text detected before JSON object
- Extra text detected after JSON object
Sending keys: ['ls -l /app/data\n'] min_timeout_sec: 0.1 max_timeout_sec: 180.0
Trajectory dumped to /var/essdata/s_chumakov/automl-journal/runs/autods-tabred/jobs/terminus-tabred-Msmall-20260829-175356/ecom-offers__RvreDxu/agent/trajectory.json
Failed to retrieve model info for 'openrouter/google/gemma-4-26b-a4b-it': This model isn't mapped yet. model=openrouter/google/gemma-4-26b-a4b-it, custom_llm_provider=openrouter. Add it here - https://github.com/BerriAI/litellm/blob/main/model_prices_and_context_window.json.. Using fallback context limit: 1000000
Parser warnings: - Extra text detected before JSON object
- Extra text detected after JSON object
Sending keys: ['ls -la /app/data\n'] min_timeout_sec: 0.1 max_timeout_sec: 180.0
Sending keys: ['head -n 5 /app/data/train.csv\n'] min_timeout_sec: 0.1 max_timeout_sec: 180.0
Sending keys: ['head -n 5 /app/data/schema.json\n'] min_timeout_sec: 0.1 max_timeout_sec: 180.0
Trajectory dumped to /var/essdata/s_chumakov/automl-journal/runs/autods-tabred/jobs/terminus-tabred-Msmall-20260829-175356/homecredit-default__tFzLtDL/agent/trajectory.json
Failed to retrieve model info for 'openrouter/google/gemma-4-26b-a4b-it': This model isn't mapped yet. model=openrouter/google/gemma-4-26b-a4b-it, custom_llm_provider=openrouter. Add it here - https://github.com/BerriAI/litellm/blob/main/model_prices_and_context_window.json.. Using fallback context limit: 1000000
Parser warnings: - Extra text detected before JSON object
- Extra text detected after JSON object
Sending keys: ['cat /app/data/schema.json\n'] min_timeout_sec: 0.1 max_timeout_sec: 180.0
Sending keys: ['python3 -c "import pandas as pd; df = pd.read_csv(\'/app/data/train.csv\', nrows=5); print(df.head()); print(df.columns.tolist()[:10])"\n'] min_timeout_sec: 1.0 max_timeout_sec: 180.0
Trajectory dumped to /var/essdata/s_chumakov/automl-journal/runs/autods-tabred/jobs/terminus-tabred-Msmall-20260829-175356/ecom-offers__RvreDxu/agent/trajectory.json
Failed to retrieve model info for 'openrouter/google/gemma-4-26b-a4b-it': This model isn't mapped yet. model=openrouter/google/gemma-4-26b-a4b-it, custom_llm_provider=openrouter. Add it here - https://github.com/BerriAI/litellm/blob/main/model_prices_and_context_window.json.. Using fallback context limit: 1000000
Sending keys: ['ls -la /app/data\n'] min_timeout_sec: 0.1 max_timeout_sec: 180.0
Trajectory dumped to /var/essdata/s_chumakov/automl-journal/runs/autods-tabred/jobs/terminus-tabred-Msmall-20260829-175356/cooking-time__CTBdPfS/agent/trajectory.json
Failed to retrieve model info for 'openrouter/google/gemma-4-26b-a4b-it': This model isn't mapped yet. model=openrouter/google/gemma-4-26b-a4b-it, custom_llm_provider=openrouter. Add it here - https://github.com/BerriAI/litellm/blob/main/model_prices_and_context_window.json.. Using fallback context limit: 1000000
Parser warnings: - Extra text detected before JSON object
- Extra text detected after JSON object
Sending keys: ['ls -la /app/data\n'] min_timeout_sec: 0.1 max_timeout_sec: 180.0
Sending keys: ['head -n 5 /app/data/train.csv\n'] min_timeout_sec: 0.1 max_timeout_sec: 180.0
Sending keys: ['cat /app/data/schema.json\n'] min_timeout_sec: 0.1 max_timeout_sec: 180.0
Trajectory dumped to /var/essdata/s_chumakov/automl-journal/runs/autods-tabred/jobs/terminus-tabred-Msmall-20260829-175356/weather__VDbifR5/agent/trajectory.json
Failed to retrieve model info for 'openrouter/google/gemma-4-26b-a4b-it': This model isn't mapped yet. model=openrouter/google/gemma-4-26b-a4b-it, custom_llm_provider=openrouter. Add it here - https://github.com/BerriAI/litellm/blob/main/model_prices_and_context_window.json.. Using fallback context limit: 1000000
Sending keys: ['cat /app/data/schema.json\n'] min_timeout_sec: 0.1 max_timeout_sec: 180.0
Sending keys: ['head -n 5 /app/data/train.csv\n'] min_timeout_sec: 0.1 max_timeout_sec: 180.0
Trajectory dumped to /var/essdata/s_chumakov/automl-journal/runs/autods-tabred/jobs/terminus-tabred-Msmall-20260829-175356/cooking-time__CTBdPfS/agent/trajectory.json
Failed to retrieve model info for 'openrouter/google/gemma-4-26b-a4b-it': This model isn't mapped yet. model=openrouter/google/gemma-4-26b-a4b-it, custom_llm_provider=openrouter. Add it here - https://github.com/BerriAI/litellm/blob/main/model_prices_and_context_window.json.. Using fallback context limit: 1000000
Parser warnings: - Extra text detected before JSON object
- Extra text detected after JSON object
Sending keys: ['cat << \'EOF\' > solution.py\nimport pandas as pd\nimport lightgbm as lgb\nfrom sklearn.metrics import roc_auc_score\nimport numpy as np\n\n# Load data\ntrain_df = pd.read_csv(\'/app/data/train.csv\')\nval_df = pd.read_csv(\'/app/data/val.csv\')\ntest_df = pd.read_csv(\'/app/data/test.csv\')\n\n# Separate features and target\nX_train = train_df.drop(columns=[\'target\'])\ny_train = train_df[\'target\']\n\nX_val = val_df.drop(columns=[\'target\'])\ny_val = val_df[\'target\']\n\nX_test = test_df\n\n# Convert categorical columns if any (though schema says 0 cat)\n# LightGBM handles NaN automatically for numerical features\n\n# Create LightGBM datasets\ntrain_data = lgb.Dataset(X_train, label=y_train)\nval_data = lgb.Dataset(X_val, label=y_val, reference=train_data)\n\n# Parameters\nparams = {\n    \'objective\': \'binary\',\n    \'metric\': \'auc\',\n    \'boosting_type\': \'gbdt\',\n    \'learning_rate\': 0.05,\n    \'num_leaves\': 31,\n    \'feature_fraction\': 0.8,\n    \'bagging_fraction\': 0.8,\n    \'bagging_freq\': 5,\n    \'verbose\': -1,\n    \'seed\': 42\n}\n\n# Train model\nprint("Training model...")\nmodel = lgb.train(\n    params,\n    train_data,\n    valid_sets=[train_data, val_data],\n    valid_names=[\'train\', \'valid\'],\n    num_boost_round=1000,\n    callbacks=[lgb.early_stopping(stopping_rounds=50)]\n)\n\n# Evaluation\nprint("Evaluating...")\ny_pred_val = model.predict(X_val)\nauc_score = roc_auc_score(y_val, y_pred_val)\nprint(f"Validation ROC-AUC: {auc_score}")\n\n# Prediction\nprint("Predicting on test set...")\ny_pred_test = model.predict(X_test)\n\n# Save predictions\noutput = pd.DataFrame({\'target\': y_pred_test})\noutput.to_csv(\'/app/predictions.csv\', index=False)\nprint("Predictions saved to /app/predictions.csv")\nEOF\n'] min_timeout_sec: 0.1 max_timeout_sec: 180.0
Sending keys: ['python3 solution.py\n'] min_timeout_sec: 60.0 max_timeout_sec: 180.0
Parser warnings: - Extra text detected before JSON object
- Extra text detected after JSON object
Sending keys: ['cat /app/data/schema.json\n'] min_timeout_sec: 0.1 max_timeout_sec: 180.0
Sending keys: ['pip list | grep -E "pandas|numpy|scikit-learn|xgboost|lightgbm|catboost"\n'] min_timeout_sec: 1.0 max_timeout_sec: 180.0
Trajectory dumped to /var/essdata/s_chumakov/automl-journal/runs/autods-tabred/jobs/terminus-tabred-Msmall-20260829-175356/homecredit-default__tFzLtDL/agent/trajectory.json
Failed to retrieve model info for 'openrouter/google/gemma-4-26b-a4b-it': This model isn't mapped yet. model=openrouter/google/gemma-4-26b-a4b-it, custom_llm_provider=openrouter. Add it here - https://github.com/BerriAI/litellm/blob/main/model_prices_and_context_window.json.. Using fallback context limit: 1000000
Parser warnings: - No valid JSON object found
Failed to retrieve model info for 'openrouter/google/gemma-4-26b-a4b-it': This model isn't mapped yet. model=openrouter/google/gemma-4-26b-a4b-it, custom_llm_provider=openrouter. Add it here - https://github.com/BerriAI/litellm/blob/main/model_prices_and_context_window.json.. Using fallback context limit: 1000000
Parser warnings: - Extra text detected before JSON object
- Extra text detected after JSON object
Sending keys: ['cat << \'EOF\' > train_model.py\nimport pandas as pd\nimport numpy as np\nimport xgboost as xgb\nfrom sklearn.metrics import roc_auc_score\n\n# Load data\nprint("Loading data...")\ntrain = pd.read_csv(\'/app/data/train.csv\')\nval = pd.read_csv(\'/app/data/val.csv\')\ntest = pd.read_csv(\'/app/data/test.csv\')\n\n# Separate features and target\ntarget_col = \'target\'\nX_train = train.drop(columns=[target_col])\ny_train = train[target_col]\n\nX_val = val.drop(columns=[target_col])\ny_val = val[target_col]\n\nX_test = test\n\n# Prepare categorical features for XGBoost\ncat_features = [col for col in X_train.columns if col.startswith(\'cat_\')]\nfor col in cat_features:\n    X_train[col] = X_train[col].astype(\'category\')\n    X_val[col] = X_val[col].astype(\'category\')\n    X_test[col] = X_test[col].astype(\'category\')\n\n# Initialize XGBoost model with native categorical support\nprint("Training XGBoost model...")\nmodel = xgb.XGBClassifier(\n    tree_method="hist",\n    enable_categorical=True,\n    n_estimators=500,\n    max_depth=6,\n    learning_rate=0.1,\n    subsample=0.8,\n    colsample_bytree=0.8,\n    n_jobs=-1,\n    random_state=42\n)\n\nmodel.fit(X_train, y_train)\n\n# Evaluate\nprint("Evaluating...")\npreds_val = model.predict_proba(X_val)[:, 1]\nauc = roc_auc_score(y_val, preds_val)\nprint(f"Validation ROC-AUC: {auc}")\n\n# Predict test\nprint("Predicting test set...")\npreds_test = model.predict_proba(X_test)[:, 1]\n\n# Save predictions\nprint("Saving predictions...")\ndf_preds = pd.DataFrame({\'target\': preds_test})\ndf_preds.to_csv(\'/app/predictions.csv\', index=False)\nprint("Done!")\nEOF\n'] min_timeout_sec: 0.1 max_timeout_sec: 180.0
Sending keys: ['python3 train_model.py\n'] min_timeout_sec: 60.0 max_timeout_sec: 180.0
Parser warnings: - Extra text detected before JSON object
- Extra text detected after JSON object
Sending keys: ['cat << \'EOF\' > solution.py\nimport pandas as pd\nimport lightgbm as lgb\nimport numpy as np\n\n# Load data\ntrain_df = pd.read_csv(\'/app/data/train.csv\')\nval_df = pd.read_csv(\'/app/data/val.csv\')\ntest_df = pd.read_csv(\'/app/data/test.csv\')\n\n# Separate features and target\nX_train = train_df.drop(columns=[\'target\'])\n y_train = train_df[\'target\']\n\nX_val = val_df.drop(columns=[\'target\'])\n y_val = val_df[\'target\']\n\nX_test = test_df\n\n# LightGBM handles NaNs automatically\nmodel = lgb.LGBMRegressor(\n    n_estimators=1000,\n    learning_rate=0.05,\n    num_leaves=31,\n    importance_type=\'split\',\n    random_state=42,\n    n_jobs=-1\n)\n\nprint("Starting training...")\nmodel.fit(\n    X_train, y_train,\n    eval_set=[(X_val, y_val)],\n    callbacks=[lgb.early_stopping(stopping_rounds=50)]\n)\n\nprint("Generating predictions...")\npredictions = model.predict(X_test)\n\n# Prepare output\noutput_df = pd.DataFrame({\'target\': predictions})\noutput_df.to_csv(\'/app/predictions.csv\', index=False)\nprint("Predictions saved to /app/predictions.csv")\nEOF\n'] min_timeout_sec: 0.1 max_timeout_sec: 180.0
Sending keys: ['python3 solution.py\n'] min_timeout_sec: 60.0 max_timeout_sec: 180.0
Sending keys: ['cat << \'EOF\' > solution.py\nimport pandas as pd\nimport numpy as np\nimport lightgbm as lgb\nfrom sklearn.metrics import mean_squared_error\n\ndef main():\n    print("Loading data...")\n    train = pd.read_csv(\'/app/data/train.csv\')\n    val = pd.read_csv(\'/app/data/val.csv\')\n    test = pd.read_csv(\'/app/data/test.csv\')\n\n    X_train = train.drop(columns=[\'target\'])\n    y_train = train[\'target\']\n    X_val = val.drop(columns=[\'target\'])\n    y_val = val[\'target\']\n\n    # Identify categorical columns\n    cat_cols = [c for c in X_train.columns if c.startswith(\'cat_\')]\n    for col in cat_cols:\n        X_train[col] = X_train[col].astype(\'category\')\n        X_val[col] = X_val[col].astype(\'category\')\n        test[col] = test[col].astype(\'category\')\n\n    print("Training model...")\n    params = {\n        \'objective\': \'regression\',\n        \'metric\': \'rmse\',\n        \'verbosity\': -1,\n        \'boosting_type\': \'gbdt\',\n        \'learning_rate\': 0.05,\n        \'num_leaves\': 31,\n        \'feature_fraction\': 0.8,\n    }\n\n    dtrain = lgb.Dataset(X_train, label=y_train, categorical_feature=cat_cols)\n    dval = lgb.Dataset(X_val, label=y_val, reference=dtrain, categorical_feature=cat_cols)\n\n    model = lgb.train(\n        params,\n        dtrain,\n        valid_sets=[dtrain, dval],\n        valid_names=[\'train\', \'valid\'],\n        num_boost_round=1000,\n        callbacks=[lgb.early_stopping(stopping_rounds=50)]\n    )\n\n    print("Validating...")\n    preds_val = model.predict(X_val)\n    rmse = np.sqrt(mean_squared_error(y_val, preds_val))\n    print(f"Validation RMSE: {rmse}")\n\n    print("Predicting test set...")\n    preds_test = model.predict(test)\n\n    print("Saving predictions...")\n    output = pd.DataFrame({\'target\': preds_test})\n    output.to_csv(\'/app/predictions.csv\', index=False)\n    print("Done!")\n\nif __name__ == \'__main__\':\n    main()\nEOF\n'] min_timeout_sec: 0.1 max_timeout_sec: 180.0
Sending keys: ['python3 solution.py\n'] min_timeout_sec: 60.0 max_timeout_sec: 180.0
Trajectory dumped to /var/essdata/s_chumakov/automl-journal/runs/autods-tabred/jobs/terminus-tabred-Msmall-20260829-175356/ecom-offers__RvreDxu/agent/trajectory.json
Failed to retrieve model info for 'openrouter/google/gemma-4-26b-a4b-it': This model isn't mapped yet. model=openrouter/google/gemma-4-26b-a4b-it, custom_llm_provider=openrouter. Add it here - https://github.com/BerriAI/litellm/blob/main/model_prices_and_context_window.json.. Using fallback context limit: 1000000
Parser warnings: - Extra text detected before JSON object
- Extra text detected after JSON object
Sending keys: ['ls -l /app/predictions.csv\n'] min_timeout_sec: 0.1 max_timeout_sec: 180.0
Sending keys: ['python3 -c "import pandas as pd; df = pd.read_csv(\'/app/predictions.csv\'); print(df.head()); print(f\'Shape: {df.shape}\'); print(f\'Columns: {df.columns.tolist()}\')"\n'] min_timeout_sec: 0.1 max_timeout_sec: 180.0
Trajectory dumped to /var/essdata/s_chumakov/automl-journal/runs/autods-tabred/jobs/terminus-tabred-Msmall-20260829-175356/ecom-offers__RvreDxu/agent/trajectory.json
Failed to retrieve model info for 'openrouter/google/gemma-4-26b-a4b-it': This model isn't mapped yet. model=openrouter/google/gemma-4-26b-a4b-it, custom_llm_provider=openrouter. Add it here - https://github.com/BerriAI/litellm/blob/main/model_prices_and_context_window.json.. Using fallback context limit: 1000000
Parser warnings: - Extra text detected before JSON object
- Extra text detected after JSON object
Trajectory dumped to /var/essdata/s_chumakov/automl-journal/runs/autods-tabred/jobs/terminus-tabred-Msmall-20260829-175356/ecom-offers__RvreDxu/agent/trajectory.json
Failed to retrieve model info for 'openrouter/google/gemma-4-26b-a4b-it': This model isn't mapped yet. model=openrouter/google/gemma-4-26b-a4b-it, custom_llm_provider=openrouter. Add it here - https://github.com/BerriAI/litellm/blob/main/model_prices_and_context_window.json.. Using fallback context limit: 1000000
Parser warnings: - Extra text detected before JSON object
- Extra text detected after JSON object
Trajectory dumped to /var/essdata/s_chumakov/automl-journal/runs/autods-tabred/jobs/terminus-tabred-Msmall-20260829-175356/ecom-offers__RvreDxu/agent/trajectory.json
Trajectory dumped to /var/essdata/s_chumakov/automl-journal/runs/autods-tabred/jobs/terminus-tabred-Msmall-20260829-175356/ecom-offers__RvreDxu/agent/trajectory.json
Collecting main service artifacts
Trajectory dumped to /var/essdata/s_chumakov/automl-journal/runs/autods-tabred/jobs/terminus-tabred-Msmall-20260829-175356/homecredit-default__tFzLtDL/agent/trajectory.json
Failed to retrieve model info for 'openrouter/google/gemma-4-26b-a4b-it': This model isn't mapped yet. model=openrouter/google/gemma-4-26b-a4b-it, custom_llm_provider=openrouter. Add it here - https://github.com/BerriAI/litellm/blob/main/model_prices_and_context_window.json.. Using fallback context limit: 1000000
Parser warnings: - Extra text detected before JSON object
- Extra text detected after JSON object
Sending keys: [''] min_timeout_sec: 60.0 max_timeout_sec: 180.0
Trajectory dumped to /var/essdata/s_chumakov/automl-journal/runs/autods-tabred/jobs/terminus-tabred-Msmall-20260829-175356/weather__VDbifR5/agent/trajectory.json
Failed to retrieve model info for 'openrouter/google/gemma-4-26b-a4b-it': This model isn't mapped yet. model=openrouter/google/gemma-4-26b-a4b-it, custom_llm_provider=openrouter. Add it here - https://github.com/BerriAI/litellm/blob/main/model_prices_and_context_window.json.. Using fallback context limit: 1000000
Parser warnings: - Extra text detected before JSON object
- Extra text detected after JSON object
Sending keys: ['cat << \'EOF\' > solution.py\nimport pandas as pd\nimport lightgbm as lgb\nimport numpy as np\n\n# Load data\ntrain_df = pd.read_csv(\'/app/data/train.csv\')\nval_df = pd.read_csv(\'/app/data/val.csv\')\ntest_df = pd.read_csv(\'/app/data/test.csv\')\n\n# Separate features and target\nX_train = train_df.drop(columns=[\'target\'])\ny_train = train_df[\'target\']\n\nX_val = val_df.drop(columns=[\'target\'])\ny_val = val_df[\'target\']\n\nX_test = test_df\n\n# LightGBM handles NaNs automatically\nmodel = lgb.LGBMRegressor(\n    n_estimators=1000,\n    learning_rate=0.05,\n    num_leaves=31,\n    importance_type=\'split\',\n    random_state=42,\n    n_jobs=-1\n)\n\nprint("Starting training...")\nmodel.fit(\n    X_train, y_train,\n    eval_set=[(X_val, y_val)],\n    callbacks=[lgb.early_stopping(stopping_rounds=50)]\n)\n\nprint("Generating predictions...")\npredictions = model.predict(X_test)\n\n# Prepare output\noutput_df = pd.DataFrame({\'target\': predictions})\noutput_df.to_csv(\'/app/predictions.csv\', index=False)\nprint("Predictions saved to /app/predictions.csv")\nEOF\n'] min_timeout_sec: 0.1 max_timeout_sec: 180.0
Sending keys: ['python3 solution.py\n'] min_timeout_sec: 60.0 max_timeout_sec: 180.0
Skipping image OS validation for hb__a68bb1b9a885efa968f3bdbbe5d805f3: docker inspect returned 1
Installing: tmux, asciinema
Trajectory dumped to /var/essdata/s_chumakov/automl-journal/runs/autods-tabred/jobs/terminus-tabred-Msmall-20260829-175356/cooking-time__CTBdPfS/agent/trajectory.json
Detected system: {'os': 'debian-based', 'package_manager': 'apt-get', 'update_command': None}
Installing tools using apt-get: DEBIAN_FRONTEND=noninteractive apt-get update && DEBIAN_FRONTEND=noninteractive apt-get install -y tmux asciinema
Failed to retrieve model info for 'openrouter/google/gemma-4-26b-a4b-it': This model isn't mapped yet. model=openrouter/google/gemma-4-26b-a4b-it, custom_llm_provider=openrouter. Add it here - https://github.com/BerriAI/litellm/blob/main/model_prices_and_context_window.json.. Using fallback context limit: 1000000
Sending keys: ['ls -l /app/predictions.csv\n'] min_timeout_sec: 0.1 max_timeout_sec: 180.0
Sending keys: ['head -n 5 /app/predictions.csv\n'] min_timeout_sec: 0.1 max_timeout_sec: 180.0
Sending keys: ['wc -l /app/predictions.csv\n'] min_timeout_sec: 0.1 max_timeout_sec: 180.0
Trajectory dumped to /var/essdata/s_chumakov/automl-journal/runs/autods-tabred/jobs/terminus-tabred-Msmall-20260829-175356/cooking-time__CTBdPfS/agent/trajectory.json
Failed to retrieve model info for 'openrouter/google/gemma-4-26b-a4b-it': This model isn't mapped yet. model=openrouter/google/gemma-4-26b-a4b-it, custom_llm_provider=openrouter. Add it here - https://github.com/BerriAI/litellm/blob/main/model_prices_and_context_window.json.. Using fallback context limit: 1000000
Sending keys: ['ls -l /app/predictions.csv\n'] min_timeout_sec: 0.1 max_timeout_sec: 180.0
Sending keys: ['head -n 5 /app/predictions.csv\n'] min_timeout_sec: 0.1 max_timeout_sec: 180.0
Sending keys: ['wc -l /app/predictions.csv\n'] min_timeout_sec: 0.1 max_timeout_sec: 180.0
Trajectory dumped to /var/essdata/s_chumakov/automl-journal/runs/autods-tabred/jobs/terminus-tabred-Msmall-20260829-175356/cooking-time__CTBdPfS/agent/trajectory.json
Failed to retrieve model info for 'openrouter/google/gemma-4-26b-a4b-it': This model isn't mapped yet. model=openrouter/google/gemma-4-26b-a4b-it, custom_llm_provider=openrouter. Add it here - https://github.com/BerriAI/litellm/blob/main/model_prices_and_context_window.json.. Using fallback context limit: 1000000
Starting recording.
Sending keys: ['asciinema rec --stdin /logs/agent/recording.cast', 'Enter'] min_timeout_sec: 1.0 max_timeout_sec: 180.0
Sending keys: ['clear', 'Enter'] min_timeout_sec: 0.0 max_timeout_sec: 180.0
Failed to retrieve model info for 'openrouter/google/gemma-4-26b-a4b-it': This model isn't mapped yet. model=openrouter/google/gemma-4-26b-a4b-it, custom_llm_provider=openrouter. Add it here - https://github.com/BerriAI/litellm/blob/main/model_prices_and_context_window.json.. Using fallback context limit: 1000000
Sending keys: ['ls -l /app/predictions.csv\n'] min_timeout_sec: 0.1 max_timeout_sec: 180.0
Trajectory dumped to /var/essdata/s_chumakov/automl-journal/runs/autods-tabred/jobs/terminus-tabred-Msmall-20260829-175356/cooking-time__CTBdPfS/agent/trajectory.json
Failed to retrieve model info for 'openrouter/google/gemma-4-26b-a4b-it': This model isn't mapped yet. model=openrouter/google/gemma-4-26b-a4b-it, custom_llm_provider=openrouter. Add it here - https://github.com/BerriAI/litellm/blob/main/model_prices_and_context_window.json.. Using fallback context limit: 1000000
Parser warnings: - Extra text detected before JSON object
- Extra text detected after JSON object
Sending keys: ['ls -la /app/data\n'] min_timeout_sec: 0.1 max_timeout_sec: 180.0
Sending keys: ['cat /app/data/schema.json\n'] min_timeout_sec: 0.1 max_timeout_sec: 180.0
Sending keys: ['head -n 5 /app/data/train.csv\n'] min_timeout_sec: 0.1 max_timeout_sec: 180.0
Trajectory dumped to /var/essdata/s_chumakov/automl-journal/runs/autods-tabred/jobs/terminus-tabred-Msmall-20260829-175356/delivery-eta__KPMC5jV/agent/trajectory.json
Failed to retrieve model info for 'openrouter/google/gemma-4-26b-a4b-it': This model isn't mapped yet. model=openrouter/google/gemma-4-26b-a4b-it, custom_llm_provider=openrouter. Add it here - https://github.com/BerriAI/litellm/blob/main/model_prices_and_context_window.json.. Using fallback context limit: 1000000
Sending keys: ['cat /app/predictions.csv | head -n 5\n'] min_timeout_sec: 0.1 max_timeout_sec: 180.0
Trajectory dumped to /var/essdata/s_chumakov/automl-journal/runs/autods-tabred/jobs/terminus-tabred-Msmall-20260829-175356/cooking-time__CTBdPfS/agent/trajectory.json
Failed to retrieve model info for 'openrouter/google/gemma-4-26b-a4b-it': This model isn't mapped yet. model=openrouter/google/gemma-4-26b-a4b-it, custom_llm_provider=openrouter. Add it here - https://github.com/BerriAI/litellm/blob/main/model_prices_and_context_window.json.. Using fallback context limit: 1000000
Trajectory dumped to /var/essdata/s_chumakov/automl-journal/runs/autods-tabred/jobs/terminus-tabred-Msmall-20260829-175356/cooking-time__CTBdPfS/agent/trajectory.json
Failed to retrieve model info for 'openrouter/google/gemma-4-26b-a4b-it': This model isn't mapped yet. model=openrouter/google/gemma-4-26b-a4b-it, custom_llm_provider=openrouter. Add it here - https://github.com/BerriAI/litellm/blob/main/model_prices_and_context_window.json.. Using fallback context limit: 1000000
Trajectory dumped to /var/essdata/s_chumakov/automl-journal/runs/autods-tabred/jobs/terminus-tabred-Msmall-20260829-175356/cooking-time__CTBdPfS/agent/trajectory.json
Trajectory dumped to /var/essdata/s_chumakov/automl-journal/runs/autods-tabred/jobs/terminus-tabred-Msmall-20260829-175356/cooking-time__CTBdPfS/agent/trajectory.json
Collecting main service artifacts
Parser warnings: - Extra text detected before JSON object
- Extra text detected after JSON object
Sending keys: ['cat << \'EOF\' > solution.py\nimport pandas as pd\nimport numpy as np\nfrom sklearn.metrics import mean_squared_error\nfrom lightgbm import LGBMRegressor\nfrom sklearn.impute import SimpleImputer\nfrom sklearn.preprocessing import LabelEncoder\nimport sys\n\ntry:\n    train = pd.read_csv(\'/app/data/train.csv\')\n    val = pd.read_csv(\'/app/data/val.csv\')\n    test = pd.read_csv(\'/app/data/test.csv\')\nexcept Exception as e:\n    print(f"Error loading data: {e}")\n    sys.exit(1)\n\nprint("Data loaded successfully.")\n\ntarget_col = \'target\'\nfeatures = [c for c in train.columns if c != target_col]\n\nnum_features = [c for c in features if c.startswith(\'num_\')]\nbin_features = [c for c in features if c.startswith(\'bin_\')]\ncat_features = [c for c in features if c.startswith(\'cat_\')]\n\nprint(f"Numerical: {len(num_features)}, Binary: {len(bin_features)}, Categorical: {len(cat_features)}")\n\n# Imputation for numerical features\nimputer = SimpleImputer(strategy=\'median\')\ntrain[num_features] = imputer.fit_transform(train[num_features])\nval[num_features] = imputer.transform(val[num_features])\ntest[num_features] = imputer.transform(test[num_features])\n\n# Encoding for categorical features\nfor col in cat_features:\n    le = LabelEncoder()\n    # Combine to ensure all categories are known\n    combined = pd.concat([train[col], val[col], test[col]], axis=0).astype(str)\n    le.fit(combined)\n    train[col] = le.transform(train[col].astype(str))\n    val[col] = le.transform(val[col].astype(str))\n    test[col] = le.transform(test[col].astype(str))\n\n# Model training\nX_train = train[features]\n# Categorical features in LightGBM need to be specified as such\n# But for simplicity with LabelEncoder, we\'ll treat them as integers\n\nmodel = LGBMRegressor(n_estimators=500, learning_rate=0.05, random_state=42, n_jobs=-1)\nprint("Training model...")\nmodel.fit(\n    X_train, train[target_col],\n    eval_set=[(val[features], val[target_col])],\n    eval_metric=\'rmse\',\n    callbacks=[LGBMRegressor.early_stopping(stopping_rounds=50)]\n)\n\n# Validation\npreds_val = model.predict(val[features])\nrmse = np.sqrt(mean_squared_error(val[target_col], preds_val))\nprint(f"Validation RMSE: {rmse}")\n\n# Final predictions\nprint("Generating test predictions...")\ntest_preds = model.predict(test[features])\n\n# Output\noutput = pd.DataFrame({\'target\': test_preds})\noutput.to_csv(\'/app/predictions.csv\', index=False)\nprint("Predictions saved to /app/predictions.csv")\nEOF\n'] min_timeout_sec: 0.1 max_timeout_sec: 180.0
Sending keys: ['python3 solution.py\n'] min_timeout_sec: 60.0 max_timeout_sec: 180.0
Trajectory dumped to /var/essdata/s_chumakov/automl-journal/runs/autods-tabred/jobs/terminus-tabred-Msmall-20260829-175356/homecredit-default__tFzLtDL/agent/trajectory.json
Failed to retrieve model info for 'openrouter/google/gemma-4-26b-a4b-it': This model isn't mapped yet. model=openrouter/google/gemma-4-26b-a4b-it, custom_llm_provider=openrouter. Add it here - https://github.com/BerriAI/litellm/blob/main/model_prices_and_context_window.json.. Using fallback context limit: 1000000
Sending keys: ['head -n 5 /app/predictions.csv\nls -l /app/predictions.csv\n'] min_timeout_sec: 0.1 max_timeout_sec: 180.0
Trajectory dumped to /var/essdata/s_chumakov/automl-journal/runs/autods-tabred/jobs/terminus-tabred-Msmall-20260829-175356/weather__VDbifR5/agent/trajectory.json
Failed to retrieve model info for 'openrouter/google/gemma-4-26b-a4b-it': This model isn't mapped yet. model=openrouter/google/gemma-4-26b-a4b-it, custom_llm_provider=openrouter. Add it here - https://github.com/BerriAI/litellm/blob/main/model_prices_and_context_window.json.. Using fallback context limit: 1000000
Parser warnings: - Extra text detected before JSON object
- Extra text detected after JSON object
Sending keys: ['ls -l /app/predictions.csv\n'] min_timeout_sec: 0.1 max_timeout_sec: 180.0
Sending keys: ['head -n 5 /app/predictions.csv\n'] min_timeout_sec: 0.1 max_timeout_sec: 180.0
Sending keys: ['wc -l /app/predictions.csv\n'] min_timeout_sec: 0.1 max_timeout_sec: 180.0
Trajectory dumped to /var/essdata/s_chumakov/automl-journal/runs/autods-tabred/jobs/terminus-tabred-Msmall-20260829-175356/homecredit-default__tFzLtDL/agent/trajectory.json
Failed to retrieve model info for 'openrouter/google/gemma-4-26b-a4b-it': This model isn't mapped yet. model=openrouter/google/gemma-4-26b-a4b-it, custom_llm_provider=openrouter. Add it here - https://github.com/BerriAI/litellm/blob/main/model_prices_and_context_window.json.. Using fallback context limit: 1000000
Parser warnings: - Extra text detected before JSON object
- Extra text detected after JSON object
Failed to retrieve model info for 'openrouter/google/gemma-4-26b-a4b-it': This model isn't mapped yet. model=openrouter/google/gemma-4-26b-a4b-it, custom_llm_provider=openrouter. Add it here - https://github.com/BerriAI/litellm/blob/main/model_prices_and_context_window.json.. Using fallback context limit: 1000000
Parser warnings: - Extra text detected before JSON object
- Extra text detected after JSON object
Trajectory dumped to /var/essdata/s_chumakov/automl-journal/runs/autods-tabred/jobs/terminus-tabred-Msmall-20260829-175356/homecredit-default__tFzLtDL/agent/trajectory.json
Failed to retrieve model info for 'openrouter/google/gemma-4-26b-a4b-it': This model isn't mapped yet. model=openrouter/google/gemma-4-26b-a4b-it, custom_llm_provider=openrouter. Add it here - https://github.com/BerriAI/litellm/blob/main/model_prices_and_context_window.json.. Using fallback context limit: 1000000
Parser warnings: - Extra text detected before JSON object
- Extra text detected after JSON object
Trajectory dumped to /var/essdata/s_chumakov/automl-journal/runs/autods-tabred/jobs/terminus-tabred-Msmall-20260829-175356/homecredit-default__tFzLtDL/agent/trajectory.json
Trajectory dumped to /var/essdata/s_chumakov/automl-journal/runs/autods-tabred/jobs/terminus-tabred-Msmall-20260829-175356/homecredit-default__tFzLtDL/agent/trajectory.json
Parser warnings: - Extra text detected before JSON object
- Extra text detected after JSON object
Trajectory dumped to /var/essdata/s_chumakov/automl-journal/runs/autods-tabred/jobs/terminus-tabred-Msmall-20260829-175356/weather__VDbifR5/agent/trajectory.json
Failed to retrieve model info for 'openrouter/google/gemma-4-26b-a4b-it': This model isn't mapped yet. model=openrouter/google/gemma-4-26b-a4b-it, custom_llm_provider=openrouter. Add it here - https://github.com/BerriAI/litellm/blob/main/model_prices_and_context_window.json.. Using fallback context limit: 1000000
Collecting main service artifacts
Parser warnings: - Extra text detected before JSON object
- Extra text detected after JSON object
Trajectory dumped to /var/essdata/s_chumakov/automl-journal/runs/autods-tabred/jobs/terminus-tabred-Msmall-20260829-175356/weather__VDbifR5/agent/trajectory.json
Trajectory dumped to /var/essdata/s_chumakov/automl-journal/runs/autods-tabred/jobs/terminus-tabred-Msmall-20260829-175356/weather__VDbifR5/agent/trajectory.json
Collecting main service artifacts
Skipping image OS validation for hb__1555665de9382897e5b671202cdfec67: docker inspect returned 1
Skipping image OS validation for hb__c1e077a1b126740b5b97886b4c84a2bb: docker inspect returned 1
Trajectory dumped to /var/essdata/s_chumakov/automl-journal/runs/autods-tabred/jobs/terminus-tabred-Msmall-20260829-175356/delivery-eta__KPMC5jV/agent/trajectory.json
Failed to retrieve model info for 'openrouter/google/gemma-4-26b-a4b-it': This model isn't mapped yet. model=openrouter/google/gemma-4-26b-a4b-it, custom_llm_provider=openrouter. Add it here - https://github.com/BerriAI/litellm/blob/main/model_prices_and_context_window.json.. Using fallback context limit: 1000000
Skipping image OS validation for hb__a17abc1fec03fe69f280527c03c41533: docker inspect returned 1
Installing: tmux, asciinema
Detected system: {'os': 'debian-based', 'package_manager': 'apt-get', 'update_command': None}
Installing tools using apt-get: DEBIAN_FRONTEND=noninteractive apt-get update && DEBIAN_FRONTEND=noninteractive apt-get install -y tmux asciinema
Parser warnings: - Extra text detected before JSON object
- Extra text detected after JSON object
Sending keys: ['cat << \'EOF\' > solution.py\nimport pandas as pd\nimport numpy as np\nfrom sklearn.metrics import mean_squared_error\nimport lightgbm as lgb\nfrom sklearn.impute import SimpleImputer\nfrom sklearn.preprocessing import LabelEncoder\nimport sys\n\ntry:\n    train = pd.read_csv(\'/app/data/train.csv\')\n    val = pd.read_csv(\'/app/data/val.csv\')\n    test = pd.read_csv(\'/app/data/test.csv\')\nexcept Exception as e:\n    print(f"Error loading data: {e}")\n    sys.exit(1)\n\nprint("Data loaded successfully.")\n\ntarget_col = \'target\'\nfeatures = [c for c in train.columns if c != target_col]\n\nnum_features = [c for c in features if c.startswith(\'num_\')]\nbin_features = [c for c in features if c.startswith(\'bin_\')]\ncat_features = [c for c in features if c.startswith(\'cat_\')]\n\nprint(f"Numerical: {len(num_features)}, Binary: {len(bin_features)}, Categorical: {len(cat_features)}")\n\n# Imputation for numerical features\nimputer = SimpleImputer(strategy=\'median\')\ntrain[num_features] = imputer.fit_transform(train[num_features])\nval[num_features] = imputer.transform(val[num_features])\ntest[num_features] = imputer.transform(test[num_features])\n\n# Encoding for categorical features\nfor col in cat_features:\n    le = LabelEncoder()\n    combined = pd.concat([train[col], val[col], test[col]], axis=0).astype(str)\n    le.fit(combined)\n    train[col] = le.transform(train[col].astype(str))\n    val[col] = le.transform(val[col].astype(str))\n    test[col] = le.transform(test[col].astype(str))\n\n# Model training\nX_train = train[features]\n\nmodel = lgb.LGBMRegressor(n_estimators=500, learning_rate=0.05, random_state=42, n_jobs=-1)\nprint("Training model...")\nmodel.fit(\n    X_train, train[target_col],\n    eval_set=[(val[features], val[target_col])],\n    eval_metric=\'rmse\',\n    callbacks=[lgb.early_stopping(stopping_rounds=50)]\n)\n\n# Validation\npreds_val = model.predict(val[features])\nrmse = np.sqrt(mean_squared_error(val[target_col], preds_val))\nprint(f"Validation RMSE: {rmse}")\n\n# Final predictions\nprint("Generating test predictions...")\ntest_preds = model.predict(test[features])\n\n# Output\noutput = pd.DataFrame({\'target\': test_preds})\noutput.to_csv(\'/app/predictions.csv\', index=False)\nprint("Predictions saved to /app/predictions.csv")\nEOF\n'] min_timeout_sec: 0.1 max_timeout_sec: 180.0
Sending keys: ['python3 solution.py\n'] min_timeout_sec: 60.0 max_timeout_sec: 180.0
Installing: tmux, asciinema
Detected system: {'os': 'debian-based', 'package_manager': 'apt-get', 'update_command': None}
Installing tools using apt-get: DEBIAN_FRONTEND=noninteractive apt-get update && DEBIAN_FRONTEND=noninteractive apt-get install -y tmux asciinema
Installing: tmux, asciinema
Detected system: {'os': 'debian-based', 'package_manager': 'apt-get', 'update_command': None}
Installing tools using apt-get: DEBIAN_FRONTEND=noninteractive apt-get update && DEBIAN_FRONTEND=noninteractive apt-get install -y tmux asciinema
Starting recording.
Sending keys: ['asciinema rec --stdin /logs/agent/recording.cast', 'Enter'] min_timeout_sec: 1.0 max_timeout_sec: 180.0
Sending keys: ['clear', 'Enter'] min_timeout_sec: 0.0 max_timeout_sec: 180.0
Failed to retrieve model info for 'openrouter/google/gemma-4-26b-a4b-it': This model isn't mapped yet. model=openrouter/google/gemma-4-26b-a4b-it, custom_llm_provider=openrouter. Add it here - https://github.com/BerriAI/litellm/blob/main/model_prices_and_context_window.json.. Using fallback context limit: 1000000
Starting recording.
Sending keys: ['asciinema rec --stdin /logs/agent/recording.cast', 'Enter'] min_timeout_sec: 1.0 max_timeout_sec: 180.0
Sending keys: ['clear', 'Enter'] min_timeout_sec: 0.0 max_timeout_sec: 180.0
Starting recording.
Sending keys: ['asciinema rec --stdin /logs/agent/recording.cast', 'Enter'] min_timeout_sec: 1.0 max_timeout_sec: 180.0
Failed to retrieve model info for 'openrouter/google/gemma-4-26b-a4b-it': This model isn't mapped yet. model=openrouter/google/gemma-4-26b-a4b-it, custom_llm_provider=openrouter. Add it here - https://github.com/BerriAI/litellm/blob/main/model_prices_and_context_window.json.. Using fallback context limit: 1000000
Sending keys: ['clear', 'Enter'] min_timeout_sec: 0.0 max_timeout_sec: 180.0
Failed to retrieve model info for 'openrouter/google/gemma-4-26b-a4b-it': This model isn't mapped yet. model=openrouter/google/gemma-4-26b-a4b-it, custom_llm_provider=openrouter. Add it here - https://github.com/BerriAI/litellm/blob/main/model_prices_and_context_window.json.. Using fallback context limit: 1000000
Parser warnings: - Extra text detected before JSON object
- Extra text detected after JSON object
Sending keys: ['ls -la /app/data\n'] min_timeout_sec: 0.1 max_timeout_sec: 180.0
Sending keys: ['head -n 5 /app/data/train.csv\n'] min_timeout_sec: 0.1 max_timeout_sec: 180.0
Sending keys: ['cat /app/data/schema.json\n'] min_timeout_sec: 0.1 max_timeout_sec: 180.0
Trajectory dumped to /var/essdata/s_chumakov/automl-journal/runs/autods-tabred/jobs/terminus-tabred-Msmall-20260829-175356/sberbank-housing__wMqvteQ/agent/trajectory.json
Failed to retrieve model info for 'openrouter/google/gemma-4-26b-a4b-it': This model isn't mapped yet. model=openrouter/google/gemma-4-26b-a4b-it, custom_llm_provider=openrouter. Add it here - https://github.com/BerriAI/litellm/blob/main/model_prices_and_context_window.json.. Using fallback context limit: 1000000
Sending keys: ['ls -la /app/data\n'] min_timeout_sec: 0.1 max_timeout_sec: 180.0
Sending keys: ['head -n 5 /app/data/train.csv\n'] min_timeout_sec: 0.1 max_timeout_sec: 180.0
Sending keys: ['cat /app/data/schema.json\n'] min_timeout_sec: 0.1 max_timeout_sec: 180.0
Trajectory dumped to /var/essdata/s_chumakov/automl-journal/runs/autods-tabred/jobs/terminus-tabred-Msmall-20260829-175356/maps-routing__xhsyiK2/agent/trajectory.json
Failed to retrieve model info for 'openrouter/google/gemma-4-26b-a4b-it': This model isn't mapped yet. model=openrouter/google/gemma-4-26b-a4b-it, custom_llm_provider=openrouter. Add it here - https://github.com/BerriAI/litellm/blob/main/model_prices_and_context_window.json.. Using fallback context limit: 1000000
Parser warnings: - Extra text detected before JSON object
- Extra text detected after JSON object
Sending keys: ['ls -la /app/data\n'] min_timeout_sec: 0.1 max_timeout_sec: 180.0
Sending keys: ['head -n 5 /app/data/train.csv\n'] min_timeout_sec: 0.1 max_timeout_sec: 180.0
Sending keys: ['cat /app/data/schema.json\n'] min_timeout_sec: 0.1 max_timeout_sec: 180.0
Trajectory dumped to /var/essdata/s_chumakov/automl-journal/runs/autods-tabred/jobs/terminus-tabred-Msmall-20260829-175356/homesite-insurance__vafWbBm/agent/trajectory.json
Failed to retrieve model info for 'openrouter/google/gemma-4-26b-a4b-it': This model isn't mapped yet. model=openrouter/google/gemma-4-26b-a4b-it, custom_llm_provider=openrouter. Add it here - https://github.com/BerriAI/litellm/blob/main/model_prices_and_context_window.json.. Using fallback context limit: 1000000
Parser warnings: - Extra text detected before JSON object
- Extra text detected after JSON object
Sending keys: ['cat << \'EOF\' > solution.py\nimport pandas as pd\nimport numpy as np\nfrom lightgbm import LGBMRegressor\nfrom sklearn.metrics import mean_squared_error\n\nprint("Loading data...")\ntrain_df = pd.read_csv(\'/app/data/train.csv\')\nval_df = pd.read_csv(\'/app/data/val.csv\')\ntest_df = pd.read_csv(\'/app/data/test.csv\')\n\n# Separate features and target\nX_train = train_df.drop(columns=[\'target\'])\ny_train = train_df[\'target\']\nX_val = val_df.drop(columns=[\'target\'])\ny_val = val_df[\'target\']\nX_test = test_df\n\n# LightGBM handles NaNs natively. \n# For categorical columns (cat_0 to cat_9), we should convert them to \'category\' dtype.\ncat_cols = [c for c in X_train.columns if c.startswith(\'cat_\')]\nfor col in cat_cols:\n    X_train[col] = X_train[col].astype(\'category\')\n    X_val[col] = X_val[col].astype(\'category\')\n    X_test[col] = X_test[col].astype(\'category\')\n\nprint("Training model...")\nmodel = LGBMRegressor(n_estimators=500, learning_rate=0.05, random_state=42, device=\'cpu\')\nmodel.fit(\n    X_train, y_train,\n    eval_set=[(X_val, y_val)],\n    eval_metric=\'rmse\'\n)\n\nprint("Evaluating...")\nval_preds = model.predict(X_val)\nrmse = np.sqrt(mean_squared_error(y_val, val_preds))\nprint(f"Validation RMSE: {rmse}")\n\nprint("Predicting test set...")\ntest_preds = model.predict(X_test)\n\nprint("Saving predictions...")\noutput = pd.DataFrame({\'target\': test_preds})\noutput.to_csv(\'/app/predictions.csv\', index=False)\nprint("Done!")\nEOF\n'] min_timeout_sec: 0.1 max_timeout_sec: 180.0
Sending keys: ['python3 solution.py\n'] min_timeout_sec: 30.0 max_timeout_sec: 180.0
Parser warnings: - Extra text detected before JSON object
- Extra text detected after JSON object
Sending keys: ['cat << \'EOF\' > solution.py\nimport pandas as pd\nimport numpy as np\nfrom lightgbm import LGBMClassifier\nfrom sklearn.metrics import roc_auc_score\n\n# Load data\ntrain_df = pd.read_csv(\'/app/data/train.csv\')\nval_df = pd.read_csv(\'/app/data/val.csv\')\ntest_df = pd.read_csv(\'/app/data/test.csv\')\n\n# Separate features and target\nX_train = train_df.drop(columns=[\'target\'])\ny_train = train_df[\'target\']\nX_val = val_df.drop(columns=[\'target\'])\ny_val = val_df[\'target\']\nX_test = test_df.copy()\n\n# Identify feature types\nnumeric_cols = [c for c in X_train.columns if c.startswith(\'num_\')]\nbinary_cols = [c for c in X_train.columns if c.startswith(\'bin_\')]\ncategorical_cols = [c for c in X_train.columns if c.startswith(\'cat_\')]\n\n# LightGBM can handle categorical features if they are passed as \'category\' type\nfor col in categorical_cols:\n    X_train[col] = X_train[col].astype(\'category\')\n    X_val[col] = X_val[col].astype(\'category\')\n    X_test[col] = X_test[col].astype(\'category\')\n\n# LightGBM handles NaNs automatically for numeric columns\n\n# Initialize and train model\nmodel = LGBMClassifier(\n    n_estimators=500,\n    learning_rate=0.05,\n    num_leaves=31,\n    random_state=42,\n    importance_type=\'gain\',\n    verbose=-1\n)\n\nprint("Training model...")\nmodel.fit(\n    X_train, y_train,\n    eval_set=[(X_val, y_val)],\n    eval_metric=\'auc\',\n    callbacks=[]\n)\n\n# Validation\nval_probs = model.predict_proba(X_val)[:, 1]\nauc_score = roc_auc_score(y_val, val_probs)\nprint(f"Validation ROC-AUC: {auc_score:.4f}")\n\n# Test predictions\nprint("Generating test predictions...")\ntest_probs = model.predict_proba(X_test)[:, 1]\n\n# Save results\noutput = pd.DataFrame({\'target\': test_probs})\noutput.to_csv(\'/app/predictions.csv\', index=False)\nprint("Predictions saved to /app/predictions.csv")\nEOF\n'] min_timeout_sec: 0.1 max_timeout_sec: 180.0
Sending keys: ['python3 solution.py\n'] min_timeout_sec: 60.0 max_timeout_sec: 180.0
Sending keys: ['cat << \'EOF\' > solution.py\nimport pandas as pd\nimport numpy as np\nimport lightgbm as lgb\nfrom sklearn.preprocessing import LabelEncoder\n\nprint("Loading data...")\ntrain_df = pd.read_csv(\'/app/data/train.csv\')\nval_df = pd.read_csv(\'/app/data/val.csv\')\ntest_df = pd.read_csv(\'/app/data/test.csv\')\n\n# Identify categorical columns\ncat_cols = [col for col in train_df.columns if col.startswith(\'cat_\')]\nnumeric_cols = [col for col in train_df.columns if col.startswith((\'num_\', \'bin_\'))]\ntarget_col = \'target\'\n\n# Preprocessing categorical features\nfor col in cat_cols:\n    le = LabelEncoder()\n    # Combine to ensure consistent encoding\n    combined = pd.concat([train_df[col], val_df[col], test_df[col]], axis=0).astype(str)\n    le.fit(combined)\n    train_df[col] = le.transform(train_df[col].astype(str))\n    val_df[col] = le.transform(val_df[col].astype(str))\n    test_df[col] = le.transform(test_df[col].astype(str))\n\nX_train = train_df[numeric_cols + cat_cols]\ny_train = train_df[target_col]\nX_val = val_df[numeric_cols + cat_cols]\ny_val = val_df[target_col]\nX_test = test_df[numeric_cols + cat_cols]\n\nprint("Training model...")\nparams = {\n    \'objective\': \'regression\',\n    \'metric\': \'rmse\',\n    \'verbosity\': -1,\n    \'boosting_type\': \'gbdt\',\n    \'random_state\': 42,\n    \'learning_rate\': 0.05,\n    \'num_leaves\': 31,\n    \'feature_fraction\': 0.8,\n    \'bagging_fraction\': 0.8,\n    \'bagging_freq\': 5,\n}\n\ndataset = lgb.Dataset(X_train, label=y_train)\nval_dataset = lgb.Dataset(X_val, label=y_val, reference=dataset)\n\nmodel = lgb.train(\n    params,\n    dataset,\n    valid_sets=[dataset, val_dataset],\n    valid_names=[\'train\', \'valid\'],\n    num_boost_round=1000,\n    callbacks=[\n        lgb.early_stopping(stopping_rounds=50),\n        lgb.log_evaluation(period=50)\n    ]\n)\n\nprint("Making predictions...")\ny_pred = model.predict(X_test)\n\n# Save predictions\noutput = pd.DataFrame({\'target\': y_pred})\noutput.to_csv(\'/app/predictions.csv\', index=False)\nprint("Predictions saved to /app/predictions.csv")\nEOF\n'] min_timeout_sec: 0.1 max_timeout_sec: 180.0
Sending keys: ['python3 solution.py\n'] min_timeout_sec: 60.0 max_timeout_sec: 180.0
Trajectory dumped to /var/essdata/s_chumakov/automl-journal/runs/autods-tabred/jobs/terminus-tabred-Msmall-20260829-175356/sberbank-housing__wMqvteQ/agent/trajectory.json
Failed to retrieve model info for 'openrouter/google/gemma-4-26b-a4b-it': This model isn't mapped yet. model=openrouter/google/gemma-4-26b-a4b-it, custom_llm_provider=openrouter. Add it here - https://github.com/BerriAI/litellm/blob/main/model_prices_and_context_window.json.. Using fallback context limit: 1000000
Sending keys: ['ls -l /app/predictions.csv\n'] min_timeout_sec: 0.1 max_timeout_sec: 180.0
Trajectory dumped to /var/essdata/s_chumakov/automl-journal/runs/autods-tabred/jobs/terminus-tabred-Msmall-20260829-175356/delivery-eta__KPMC5jV/agent/trajectory.json
Failed to retrieve model info for 'openrouter/google/gemma-4-26b-a4b-it': This model isn't mapped yet. model=openrouter/google/gemma-4-26b-a4b-it, custom_llm_provider=openrouter. Add it here - https://github.com/BerriAI/litellm/blob/main/model_prices_and_context_window.json.. Using fallback context limit: 1000000
Parser warnings: - Extra text detected before JSON object
- Extra text detected after JSON object
Sending keys: ['head -n 5 /app/predictions.csv\n'] min_timeout_sec: 0.1 max_timeout_sec: 180.0
Sending keys: ['wc -l /app/predictions.csv\n'] min_timeout_sec: 0.1 max_timeout_sec: 180.0
Trajectory dumped to /var/essdata/s_chumakov/automl-journal/runs/autods-tabred/jobs/terminus-tabred-Msmall-20260829-175356/sberbank-housing__wMqvteQ/agent/trajectory.json
Failed to retrieve model info for 'openrouter/google/gemma-4-26b-a4b-it': This model isn't mapped yet. model=openrouter/google/gemma-4-26b-a4b-it, custom_llm_provider=openrouter. Add it here - https://github.com/BerriAI/litellm/blob/main/model_prices_and_context_window.json.. Using fallback context limit: 1000000
Parser warnings: - Extra text detected before JSON object
- Extra text detected after JSON object
Sending keys: ['head -n 5 /app/predictions.csv\n'] min_timeout_sec: 0.1 max_timeout_sec: 180.0
Sending keys: ['wc -l /app/predictions.csv\n'] min_timeout_sec: 0.1 max_timeout_sec: 180.0
Trajectory dumped to /var/essdata/s_chumakov/automl-journal/runs/autods-tabred/jobs/terminus-tabred-Msmall-20260829-175356/delivery-eta__KPMC5jV/agent/trajectory.json
Failed to retrieve model info for 'openrouter/google/gemma-4-26b-a4b-it': This model isn't mapped yet. model=openrouter/google/gemma-4-26b-a4b-it, custom_llm_provider=openrouter. Add it here - https://github.com/BerriAI/litellm/blob/main/model_prices_and_context_window.json.. Using fallback context limit: 1000000
Parser warnings: - Extra text detected before JSON object
- Extra text detected after JSON object
Trajectory dumped to /var/essdata/s_chumakov/automl-journal/runs/autods-tabred/jobs/terminus-tabred-Msmall-20260829-175356/sberbank-housing__wMqvteQ/agent/trajectory.json
Trajectory dumped to /var/essdata/s_chumakov/automl-journal/runs/autods-tabred/jobs/terminus-tabred-Msmall-20260829-175356/sberbank-housing__wMqvteQ/agent/trajectory.json
Collecting main service artifacts
Parser warnings: - Extra text detected before JSON object
- Extra text detected after JSON object
Trajectory dumped to /var/essdata/s_chumakov/automl-journal/runs/autods-tabred/jobs/terminus-tabred-Msmall-20260829-175356/delivery-eta__KPMC5jV/agent/trajectory.json
Trajectory dumped to /var/essdata/s_chumakov/automl-journal/runs/autods-tabred/jobs/terminus-tabred-Msmall-20260829-175356/delivery-eta__KPMC5jV/agent/trajectory.json
Collecting main service artifacts
Trajectory dumped to /var/essdata/s_chumakov/automl-journal/runs/autods-tabred/jobs/terminus-tabred-Msmall-20260829-175356/homesite-insurance__vafWbBm/agent/trajectory.json
Failed to retrieve model info for 'openrouter/google/gemma-4-26b-a4b-it': This model isn't mapped yet. model=openrouter/google/gemma-4-26b-a4b-it, custom_llm_provider=openrouter. Add it here - https://github.com/BerriAI/litellm/blob/main/model_prices_and_context_window.json.. Using fallback context limit: 1000000
Trajectory dumped to /var/essdata/s_chumakov/automl-journal/runs/autods-tabred/jobs/terminus-tabred-Msmall-20260829-175356/maps-routing__xhsyiK2/agent/trajectory.json
Failed to retrieve model info for 'openrouter/google/gemma-4-26b-a4b-it': This model isn't mapped yet. model=openrouter/google/gemma-4-26b-a4b-it, custom_llm_provider=openrouter. Add it here - https://github.com/BerriAI/litellm/blob/main/model_prices_and_context_window.json.. Using fallback context limit: 1000000
Skipping image OS validation for hb__cdeb1b31d9d574133ed516844dac0264: docker inspect returned 1
Sending keys: ['ls -l /app/predictions.csv\n'] min_timeout_sec: 0.1 max_timeout_sec: 180.0
Sending keys: ['head -n 5 /app/predictions.csv\n'] min_timeout_sec: 0.1 max_timeout_sec: 180.0
Sending keys: ['wc -l /app/predictions.csv\n'] min_timeout_sec: 0.1 max_timeout_sec: 180.0
Trajectory dumped to /var/essdata/s_chumakov/automl-journal/runs/autods-tabred/jobs/terminus-tabred-Msmall-20260829-175356/maps-routing__xhsyiK2/agent/trajectory.json
Failed to retrieve model info for 'openrouter/google/gemma-4-26b-a4b-it': This model isn't mapped yet. model=openrouter/google/gemma-4-26b-a4b-it, custom_llm_provider=openrouter. Add it here - https://github.com/BerriAI/litellm/blob/main/model_prices_and_context_window.json.. Using fallback context limit: 1000000
Parser warnings: - Extra text detected before JSON object
- Extra text detected after JSON object
Sending keys: ['head -n 5 /app/predictions.csv\n'] min_timeout_sec: 0.1 max_timeout_sec: 180.0
Sending keys: ['wc -l /app/predictions.csv\n'] min_timeout_sec: 0.1 max_timeout_sec: 180.0
Sending keys: ['python3 -c "import pandas as pd; df = pd.read_csv(\'/app/predictions.csv\'); print(\'Has NaN:\', df[\'target\'].isna().any()); print(\'Has Inf:\', np.isinf(df[\'target\']).any() if \'np\' in locals() else \'Check manually\')"\n'] min_timeout_sec: 0.1 max_timeout_sec: 180.0
Sending keys: ['python3 -c "import pandas as pd; import numpy as np; df = pd.read_csv(\'/app/predictions.csv\'); print(\'Has NaN:\', df[\'target\'].isna().any()); print(\'Has Inf:\', np.isinf(df[\'target\']).any())"\n'] min_timeout_sec: 0.1 max_timeout_sec: 180.0
Skipping image OS validation for hb__510af71948abf0411e34a4fffcdcc268: docker inspect returned 1
Trajectory dumped to /var/essdata/s_chumakov/automl-journal/runs/autods-tabred/jobs/terminus-tabred-Msmall-20260829-175356/homesite-insurance__vafWbBm/agent/trajectory.json
Failed to retrieve model info for 'openrouter/google/gemma-4-26b-a4b-it': This model isn't mapped yet. model=openrouter/google/gemma-4-26b-a4b-it, custom_llm_provider=openrouter. Add it here - https://github.com/BerriAI/litellm/blob/main/model_prices_and_context_window.json.. Using fallback context limit: 1000000
Sending keys: ['ls -l /app/predictions.csv\n'] min_timeout_sec: 0.1 max_timeout_sec: 180.0
Trajectory dumped to /var/essdata/s_chumakov/automl-journal/runs/autods-tabred/jobs/terminus-tabred-Msmall-20260829-175356/maps-routing__xhsyiK2/agent/trajectory.json
Failed to retrieve model info for 'openrouter/google/gemma-4-26b-a4b-it': This model isn't mapped yet. model=openrouter/google/gemma-4-26b-a4b-it, custom_llm_provider=openrouter. Add it here - https://github.com/BerriAI/litellm/blob/main/model_prices_and_context_window.json.. Using fallback context limit: 1000000
Parser warnings: - Extra text detected before JSON object
- Extra text detected after JSON object
Sending keys: ['python3 -c "import pandas as pd; import numpy as np; df = pd.read_csv(\'/app/predictions.csv\'); print(\'Has NaN:\', df[\'target\'].isna().any()); print(\'Has Inf:\', np.isinf(df[\'target\']).any())"\n'] min_timeout_sec: 0.1 max_timeout_sec: 180.0
Trajectory dumped to /var/essdata/s_chumakov/automl-journal/runs/autods-tabred/jobs/terminus-tabred-Msmall-20260829-175356/homesite-insurance__vafWbBm/agent/trajectory.json
Failed to retrieve model info for 'openrouter/google/gemma-4-26b-a4b-it': This model isn't mapped yet. model=openrouter/google/gemma-4-26b-a4b-it, custom_llm_provider=openrouter. Add it here - https://github.com/BerriAI/litellm/blob/main/model_prices_and_context_window.json.. Using fallback context limit: 1000000
Sending keys: ['python3 solution.py\n'] min_timeout_sec: 60.0 max_timeout_sec: 180.0
Parser warnings: - Extra text detected before JSON object
- Extra text detected after JSON object
Trajectory dumped to /var/essdata/s_chumakov/automl-journal/runs/autods-tabred/jobs/terminus-tabred-Msmall-20260829-175356/homesite-insurance__vafWbBm/agent/trajectory.json
Failed to retrieve model info for 'openrouter/google/gemma-4-26b-a4b-it': This model isn't mapped yet. model=openrouter/google/gemma-4-26b-a4b-it, custom_llm_provider=openrouter. Add it here - https://github.com/BerriAI/litellm/blob/main/model_prices_and_context_window.json.. Using fallback context limit: 1000000
Installing: tmux, asciinema
Detected system: {'os': 'debian-based', 'package_manager': 'apt-get', 'update_command': None}
Installing tools using apt-get: DEBIAN_FRONTEND=noninteractive apt-get update && DEBIAN_FRONTEND=noninteractive apt-get install -y tmux asciinema
Parser warnings: - Extra text detected before JSON object
- Extra text detected after JSON object
Trajectory dumped to /var/essdata/s_chumakov/automl-journal/runs/autods-tabred/jobs/terminus-tabred-Msmall-20260829-175356/homesite-insurance__vafWbBm/agent/trajectory.json
Trajectory dumped to /var/essdata/s_chumakov/automl-journal/runs/autods-tabred/jobs/terminus-tabred-Msmall-20260829-175356/homesite-insurance__vafWbBm/agent/trajectory.json
Collecting main service artifacts
Installing: tmux, asciinema
Detected system: {'os': 'debian-based', 'package_manager': 'apt-get', 'update_command': None}
Installing tools using apt-get: DEBIAN_FRONTEND=noninteractive apt-get update && DEBIAN_FRONTEND=noninteractive apt-get install -y tmux asciinema
Starting recording.
Sending keys: ['asciinema rec --stdin /logs/agent/recording.cast', 'Enter'] min_timeout_sec: 1.0 max_timeout_sec: 180.0
Sending keys: ['clear', 'Enter'] min_timeout_sec: 0.0 max_timeout_sec: 180.0
Failed to retrieve model info for 'openrouter/google/gemma-4-26b-a4b-it': This model isn't mapped yet. model=openrouter/google/gemma-4-26b-a4b-it, custom_llm_provider=openrouter. Add it here - https://github.com/BerriAI/litellm/blob/main/model_prices_and_context_window.json.. Using fallback context limit: 1000000
Starting recording.
Sending keys: ['asciinema rec --stdin /logs/agent/recording.cast', 'Enter'] min_timeout_sec: 1.0 max_timeout_sec: 180.0
Sending keys: ['clear', 'Enter'] min_timeout_sec: 0.0 max_timeout_sec: 180.0
Parser warnings: - Extra text detected before JSON object
- Extra text detected after JSON object
Sending keys: ['ls -la /app/data\n'] min_timeout_sec: 0.1 max_timeout_sec: 180.0
Trajectory dumped to /var/essdata/s_chumakov/automl-journal/runs/autods-tabred/jobs/terminus-tabred-Msmall-20260829-175356/homecredit-default__eNv265u/agent/trajectory.json
Failed to retrieve model info for 'openrouter/google/gemma-4-26b-a4b-it': This model isn't mapped yet. model=openrouter/google/gemma-4-26b-a4b-it, custom_llm_provider=openrouter. Add it here - https://github.com/BerriAI/litellm/blob/main/model_prices_and_context_window.json.. Using fallback context limit: 1000000
Failed to retrieve model info for 'openrouter/google/gemma-4-26b-a4b-it': This model isn't mapped yet. model=openrouter/google/gemma-4-26b-a4b-it, custom_llm_provider=openrouter. Add it here - https://github.com/BerriAI/litellm/blob/main/model_prices_and_context_window.json.. Using fallback context limit: 1000000
Parser warnings: - Extra text detected before JSON object
- Extra text detected after JSON object
Sending keys: ['ls -la /app/data\n'] min_timeout_sec: 0.1 max_timeout_sec: 180.0
Sending keys: ['cat /app/data/schema.json\n'] min_timeout_sec: 0.1 max_timeout_sec: 180.0
Sending keys: ['head -n 5 /app/data/train.csv\n'] min_timeout_sec: 0.1 max_timeout_sec: 180.0
Parser warnings: - Extra text detected before JSON object
- Extra text detected after JSON object
Sending keys: ['head -n 5 /app/data/train.csv\n'] min_timeout_sec: 0.1 max_timeout_sec: 180.0
Trajectory dumped to /var/essdata/s_chumakov/automl-journal/runs/autods-tabred/jobs/terminus-tabred-Msmall-20260829-175356/cooking-time__HH4DsuE/agent/trajectory.json
Sending keys: ['cat /app/data/schema.json\n'] min_timeout_sec: 0.1 max_timeout_sec: 180.0
Failed to retrieve model info for 'openrouter/google/gemma-4-26b-a4b-it': This model isn't mapped yet. model=openrouter/google/gemma-4-26b-a4b-it, custom_llm_provider=openrouter. Add it here - https://github.com/BerriAI/litellm/blob/main/model_prices_and_context_window.json.. Using fallback context limit: 1000000
Sending keys: ['pip list | grep -E "pandas|numpy|scikit-learn|lightgbm|xgboost"\n'] min_timeout_sec: 0.5 max_timeout_sec: 180.0
Trajectory dumped to /var/essdata/s_chumakov/automl-journal/runs/autods-tabred/jobs/terminus-tabred-Msmall-20260829-175356/homecredit-default__eNv265u/agent/trajectory.json
Failed to retrieve model info for 'openrouter/google/gemma-4-26b-a4b-it': This model isn't mapped yet. model=openrouter/google/gemma-4-26b-a4b-it, custom_llm_provider=openrouter. Add it here - https://github.com/BerriAI/litellm/blob/main/model_prices_and_context_window.json.. Using fallback context limit: 1000000
Skipping image OS validation for hb__bedbcf202e03f615e42812f0f64f327f: docker inspect returned 1
Installing: tmux, asciinema
Detected system: {'os': 'debian-based', 'package_manager': 'apt-get', 'update_command': None}
Installing tools using apt-get: DEBIAN_FRONTEND=noninteractive apt-get update && DEBIAN_FRONTEND=noninteractive apt-get install -y tmux asciinema
Parser warnings: - Extra text detected before JSON object
- Extra text detected after JSON object
Sending keys: ['cat << \'EOF\' > solution.py\nimport pandas as pd\nimport lightgbm as lgb\nimport numpy as np\nfrom sklearn.metrics import mean_squared_error\n\ndef main():\n    print("Loading data...")\n    train = pd.read_csv(\'/app/data/train.csv\')\n    val = pd.read_csv(\'/app/data/val.csv\')\n    test = pd.read_csv(\'/app/data/test.csv\')\n\n    target_col = \'target\'\n    features = [c for c in train.columns if c != target_col]\n\n    # Identify feature types based on prefixes\n    cat_features = [c for c in features if c.startswith(\'cat_\')]\n    for c in cat_features:\n        train[c] = train[c].astype(\'category\')\n        val[c] = val[c].astype(\'category\')\n        test[c] = test[c].astype(\'category\')\n\n    X_train = train[features]\n    y_train = train[target_col]\n    X_val = val[features]\n    y_val = val[target_col]\n    X_test = test[features]\n\n    print("Training model...")\n    model = lgb.LGBMRegressor(\n        n_estimators=1000,\n        learning_rate=0.05,\n        num_leaves=31,\n        importance_type=\'split\',\n        random_state=42,\n        n_jobs=-1\n    )\n\n    model.fit(\n        X_train, y_train,\n        eval_set=[(X_val, y_val)],\n        eval_metric=\'rmse\',\n        callbacks=[lgb.early_stopping(stopping_rounds=50)]\n    )\n\n    print("Evaluating...")\n    val_preds = model.predict(X_val)\n    rmse = np.sqrt(mean_squared_error(y_val, val_preds))\n    print(f"Validation RMSE: {rmse}")\n\n    print("Predicting test set...")\n    test_preds = model.predict(X_test)\n\n    print("Saving predictions...")\n    pred_df = pd.DataFrame({\'target\': test_preds})\n    pred_df.to_csv(\'/app/predictions.csv\', index=False)\n    print("Done!")\n\nif __name__ == \'__main__\':\n    main()\nEOF\n'] min_timeout_sec: 0.1 max_timeout_sec: 180.0
Sending keys: ['python3 solution.py\n'] min_timeout_sec: 60.0 max_timeout_sec: 180.0
Parser warnings: - Extra text detected before JSON object
- Extra text detected after JSON object
Sending keys: ['cat << \'EOF\' > train_model.py\nimport pandas as pd\nimport lightgbm as lgb\nimport numpy as np\nfrom sklearn.metrics import roc_auc_score\nimport os\n\nprint("Loading data...")\ntrain_df = pd.read_csv(\'/app/data/train.csv\')\nval_df = pd.read_csv(\'/app/data/val.csv\')\ntest_df = pd.read_csv(\'/app/data/test.csv\')\n\nprint("Preprocessing...")\n# Identify columns\nnum_cols = [c for c in train_df.columns if c.startswith(\'num_\')]\nbin_cols = [c for c in train_df.columns if c.startswith(\'bin_\')]\ncat_cols = [c for c in train_df.columns if c.startswith(\'cat_\')]\ntarget_col = \'target\'\n\nfeatures = num_cols + bin_cols + cat_cols\n\n# Convert categorical columns to \'category\' type for LightGBM\nfor col in cat_cols:\n    train_df[col] = train_df[col].astype(\'category\')\n    val_df[col] = val_df[col].astype(\'category\')\n    test_df[col] = test_df[col].astype(\'category\')\n\n# LightGBM handles NaNs automatically in num_cols\n\nX = train_df[features]\ny = train_df[target_col]\nval_X = val_df[features]\nval_y = val_df[target_col]\n\nprint("Training LightGBM model...")\nparams = {\n    \'objective\': \'binary\',\n    \'metric\': \'auc\',\n    \'boosting_type\': \'gbdt\',\n    \'learning_rate\': 0.05,\n    \'num_leaves\': 31,\n    \'feature_fraction\': 0.8,\n    \'bagging_fraction\': 0.8,\n    \'bagging_freq\': 5,\n    \'verbose\': -1,\n    \'device\': \'cpu\'\n}\n\n# Create LightGBM datasets\ndtrain = lgb.Dataset(X, label=y, categorical_feature=cat_cols)\ndval = lgb.Dataset(val_X, label=val_y, reference=dtrain, categorical_feature=cat_cols)\n\n# Train model\nmodel = lgb.train(\n    params,\n    dtrain,\n    valid_sets=[dtrain, dval],\n    valid_names=[\'train\', \'valid\'],\n    num_boost_round=1000,\n    callbacks=[\n        lgb.early_stopping(stopping_rounds=50),\n        lgb.log_evaluation(period=50)\n    ]\n)\n\nprint("Evaluating...")\nval_preds = model.predict(val_X)\nauc_score = roc_auc_score(val_y, val_preds)\nprint(f"Validation AUC: {auc_score}")\n\nprint("Predicting on test set...")\ntest_preds = model.predict(test_df[features])\n\nprint("Saving predictions...")\noutput_df = pd.DataFrame({\'target\': test_preds})\noutput_df.to_csv(\'/app/predictions.csv\', index=False)\nprint("Done! Saved to /app/predictions.csv")\nEOF\n'] min_timeout_sec: 0.1 max_timeout_sec: 180.0
Sending keys: ['python3 train_model.py\n'] min_timeout_sec: 60 max_timeout_sec: 180.0
Starting recording.
Sending keys: ['asciinema rec --stdin /logs/agent/recording.cast', 'Enter'] min_timeout_sec: 1.0 max_timeout_sec: 180.0
Sending keys: ['clear', 'Enter'] min_timeout_sec: 0.0 max_timeout_sec: 180.0
Failed to retrieve model info for 'openrouter/google/gemma-4-26b-a4b-it': This model isn't mapped yet. model=openrouter/google/gemma-4-26b-a4b-it, custom_llm_provider=openrouter. Add it here - https://github.com/BerriAI/litellm/blob/main/model_prices_and_context_window.json.. Using fallback context limit: 1000000
Parser warnings: - Extra text detected before JSON object
- Extra text detected after JSON object
Sending keys: ['ls -la /app/data\n'] min_timeout_sec: 0.1 max_timeout_sec: 180.0
Sending keys: ['head -n 5 /app/data/train.csv\n'] min_timeout_sec: 0.1 max_timeout_sec: 180.0
Sending keys: ['cat /app/data/schema.json\n'] min_timeout_sec: 0.1 max_timeout_sec: 180.0
Trajectory dumped to /var/essdata/s_chumakov/automl-journal/runs/autods-tabred/jobs/terminus-tabred-Msmall-20260829-175356/weather__q7ySSXa/agent/trajectory.json
Failed to retrieve model info for 'openrouter/google/gemma-4-26b-a4b-it': This model isn't mapped yet. model=openrouter/google/gemma-4-26b-a4b-it, custom_llm_provider=openrouter. Add it here - https://github.com/BerriAI/litellm/blob/main/model_prices_and_context_window.json.. Using fallback context limit: 1000000
Parser warnings: - Extra text detected before JSON object
- Extra text detected after JSON object
Sending keys: ['cat << \'EOF\' > solution.py\nimport pandas as pd\nimport numpy as np\nimport lightgbm as lgb\nfrom sklearn.impute import SimpleImputer\nimport os\n\n# Load data\ntrain_df = pd.read_csv(\'/app/data/train.csv\')\nval_df = pd.read_csv(\'/app/data/val.csv\')\ntest_df = pd.read_csv(\'/app/data/test.csv\')\n\n# Preprocessing\n# Replace -9999 with NaN\ntrain_df.replace(-9999, np.nan, inplace=True)\nval_df.replace(-9999, np.nan, inplace=True)\n\n# Separate features and target\nX_train = train_df.drop(columns=[\'target\'])\nY_train = train_df[\'target\']\nX_val = val_df.drop(columns=[\'target\'])\nY_val = val_df[\'target\']\n\n# Impute missing values\nimputer = SimpleImputer(strategy=\'median\')\nX_train_imputed = imputer.fit_transform(X_train)\nX_val_imputed = imputer.transform(X_val)\nX_test_imputed = imputer.transform(test_df)\n\n# Convert back to DataFrame to ensure column names are preserved if needed, \n# though LightGBM works fine with numpy arrays\n\n# Train LightGBM model\ntrain_data = lgb.Dataset(X_train_imputed, label=Y_train)\nval_data = lgb.Dataset(X_val_imputed, label=Y_val, reference=train_data)\n\nparams = {\n    \'objective\': \'regression\',\n    \'metric\': \'rmse\',\n    \'verbosity\': -1,\n    \'boosting_type\': \'gbdt\',\n    \'random_state\': 42,\n    \'learning_rate\': 0.05,\n    \'num_leaves\': 31,\n}\n\nprint("Training model...")\nmodel = lgb.train(\n    params,\n    train_data,\n    valid_sets=[train_data, val_data],\n    valid_names=[\'train\', \'valid\'],\n    num_boost_round=1000,\n    callbacks=[\n        lgb.early_stopping(stopping_rounds=50),\n        lgb.log_evaluation(period=50)\n    ]\n)\n\n# Predict\nprint("Predicting...")\ny_pred = model.predict(X_val_imputed)\nrmse = np.sqrt(np.mean((Y_val.values - y_pred)**2))\nprint(f"Validation RMSE: {rmse}")\n\ntest_preds = model.predict(X_test_imputed)\n\n# Save predictions\noutput = pd.DataFrame({\'target\': test_preds})\noutput.to_csv(\'/app/predictions.csv\', index=False)\nprint("Predictions saved to /app/predictions.csv")\nEOF\n'] min_timeout_sec: 0.1 max_timeout_sec: 180.0
Sending keys: ['python3 solution.py\n'] min_timeout_sec: 60 max_timeout_sec: 180.0
Trajectory dumped to /var/essdata/s_chumakov/automl-journal/runs/autods-tabred/jobs/terminus-tabred-Msmall-20260829-175356/maps-routing__xhsyiK2/agent/trajectory.json
Failed to retrieve model info for 'openrouter/google/gemma-4-26b-a4b-it': This model isn't mapped yet. model=openrouter/google/gemma-4-26b-a4b-it, custom_llm_provider=openrouter. Add it here - https://github.com/BerriAI/litellm/blob/main/model_prices_and_context_window.json.. Using fallback context limit: 1000000
Sending keys: [''] min_timeout_sec: 60.0 max_timeout_sec: 180.0
Trajectory dumped to /var/essdata/s_chumakov/automl-journal/runs/autods-tabred/jobs/terminus-tabred-Msmall-20260829-175356/cooking-time__HH4DsuE/agent/trajectory.json
Failed to retrieve model info for 'openrouter/google/gemma-4-26b-a4b-it': This model isn't mapped yet. model=openrouter/google/gemma-4-26b-a4b-it, custom_llm_provider=openrouter. Add it here - https://github.com/BerriAI/litellm/blob/main/model_prices_and_context_window.json.. Using fallback context limit: 1000000
Trajectory dumped to /var/essdata/s_chumakov/automl-journal/runs/autods-tabred/jobs/terminus-tabred-Msmall-20260829-175356/homecredit-default__eNv265u/agent/trajectory.json
Failed to retrieve model info for 'openrouter/google/gemma-4-26b-a4b-it': This model isn't mapped yet. model=openrouter/google/gemma-4-26b-a4b-it, custom_llm_provider=openrouter. Add it here - https://github.com/BerriAI/litellm/blob/main/model_prices_and_context_window.json.. Using fallback context limit: 1000000
Parser warnings: - Extra text detected before JSON object
- Extra text detected after JSON object
Sending keys: ['head -n 5 /app/predictions.csv\n'] min_timeout_sec: 0.1 max_timeout_sec: 180.0
Sending keys: ['wc -l /app/predictions.csv\n'] min_timeout_sec: 0.1 max_timeout_sec: 180.0
Trajectory dumped to /var/essdata/s_chumakov/automl-journal/runs/autods-tabred/jobs/terminus-tabred-Msmall-20260829-175356/cooking-time__HH4DsuE/agent/trajectory.json
Failed to retrieve model info for 'openrouter/google/gemma-4-26b-a4b-it': This model isn't mapped yet. model=openrouter/google/gemma-4-26b-a4b-it, custom_llm_provider=openrouter. Add it here - https://github.com/BerriAI/litellm/blob/main/model_prices_and_context_window.json.. Using fallback context limit: 1000000
Parser warnings: - Extra text detected before JSON object
- Extra text detected after JSON object
Sending keys: ['ls -l /app/predictions.csv\n'] min_timeout_sec: 0.1 max_timeout_sec: 180.0
Parser warnings: - Extra text detected before JSON object
- Extra text detected after JSON object
Trajectory dumped to /var/essdata/s_chumakov/automl-journal/runs/autods-tabred/jobs/terminus-tabred-Msmall-20260829-175356/cooking-time__HH4DsuE/agent/trajectory.json
Trajectory dumped to /var/essdata/s_chumakov/automl-journal/runs/autods-tabred/jobs/terminus-tabred-Msmall-20260829-175356/cooking-time__HH4DsuE/agent/trajectory.json
Sending keys: ['head -n 5 /app/predictions.csv\n'] min_timeout_sec: 0.1 max_timeout_sec: 180.0
Sending keys: ['wc -l /app/predictions.csv\n'] min_timeout_sec: 0.1 max_timeout_sec: 180.0
Collecting main service artifacts
Trajectory dumped to /var/essdata/s_chumakov/automl-journal/runs/autods-tabred/jobs/terminus-tabred-Msmall-20260829-175356/homecredit-default__eNv265u/agent/trajectory.json
Failed to retrieve model info for 'openrouter/google/gemma-4-26b-a4b-it': This model isn't mapped yet. model=openrouter/google/gemma-4-26b-a4b-it, custom_llm_provider=openrouter. Add it here - https://github.com/BerriAI/litellm/blob/main/model_prices_and_context_window.json.. Using fallback context limit: 1000000
Parser warnings: - Extra text detected before JSON object
- Extra text detected after JSON object
Sending keys: ['ps aux | grep train_model.py\n'] min_timeout_sec: 0.1 max_timeout_sec: 180.0
Sending keys: ['ls -l /app/predictions.csv\n'] min_timeout_sec: 0.1 max_timeout_sec: 180.0
Trajectory dumped to /var/essdata/s_chumakov/automl-journal/runs/autods-tabred/jobs/terminus-tabred-Msmall-20260829-175356/homecredit-default__eNv265u/agent/trajectory.json
Failed to retrieve model info for 'openrouter/google/gemma-4-26b-a4b-it': This model isn't mapped yet. model=openrouter/google/gemma-4-26b-a4b-it, custom_llm_provider=openrouter. Add it here - https://github.com/BerriAI/litellm/blob/main/model_prices_and_context_window.json.. Using fallback context limit: 1000000
Parser warnings: - Extra text detected before JSON object
- Extra text detected after JSON object
Sending keys: ['ls -l /app/predictions.csv\n'] min_timeout_sec: 0.1 max_timeout_sec: 180.0
Sending keys: ['wc -l /app/predictions.csv\n'] min_timeout_sec: 0.1 max_timeout_sec: 180.0
Trajectory dumped to /var/essdata/s_chumakov/automl-journal/runs/autods-tabred/jobs/terminus-tabred-Msmall-20260829-175356/homecredit-default__eNv265u/agent/trajectory.json
Failed to retrieve model info for 'openrouter/google/gemma-4-26b-a4b-it': This model isn't mapped yet. model=openrouter/google/gemma-4-26b-a4b-it, custom_llm_provider=openrouter. Add it here - https://github.com/BerriAI/litellm/blob/main/model_prices_and_context_window.json.. Using fallback context limit: 1000000
Parser warnings: - Extra text detected before JSON object
- Extra text detected after JSON object
Sending keys: ['ps aux | grep python3\n'] min_timeout_sec: 0.1 max_timeout_sec: 180.0
Sending keys: ['find /app -name "predictions.csv"\n'] min_timeout_sec: 0.1 max_timeout_sec: 180.0
Trajectory dumped to /var/essdata/s_chumakov/automl-journal/runs/autods-tabred/jobs/terminus-tabred-Msmall-20260829-175356/homecredit-default__eNv265u/agent/trajectory.json
Failed to retrieve model info for 'openrouter/google/gemma-4-26b-a4b-it': This model isn't mapped yet. model=openrouter/google/gemma-4-26b-a4b-it, custom_llm_provider=openrouter. Add it here - https://github.com/BerriAI/litellm/blob/main/model_prices_and_context_window.json.. Using fallback context limit: 1000000
Trajectory dumped to /var/essdata/s_chumakov/automl-journal/runs/autods-tabred/jobs/terminus-tabred-Msmall-20260829-175356/weather__q7ySSXa/agent/trajectory.json
Failed to retrieve model info for 'openrouter/google/gemma-4-26b-a4b-it': This model isn't mapped yet. model=openrouter/google/gemma-4-26b-a4b-it, custom_llm_provider=openrouter. Add it here - https://github.com/BerriAI/litellm/blob/main/model_prices_and_context_window.json.. Using fallback context limit: 1000000
Skipping image OS validation for hb__fe87ed56be4ccc47d6527e641c3270f3: docker inspect returned 1
Parser warnings: - Extra text detected before JSON object
- Extra text detected after JSON object
Sending keys: ['stat /app/predictions.csv\n'] min_timeout_sec: 0.1 max_timeout_sec: 180.0
Sending keys: ['ls -la /app\n'] min_timeout_sec: 0.1 max_timeout_sec: 180.0
Trajectory dumped to /var/essdata/s_chumakov/automl-journal/runs/autods-tabred/jobs/terminus-tabred-Msmall-20260829-175356/homecredit-default__eNv265u/agent/trajectory.json
Failed to retrieve model info for 'openrouter/google/gemma-4-26b-a4b-it': This model isn't mapped yet. model=openrouter/google/gemma-4-26b-a4b-it, custom_llm_provider=openrouter. Add it here - https://github.com/BerriAI/litellm/blob/main/model_prices_and_context_window.json.. Using fallback context limit: 1000000
Parser warnings: - Extra text detected before JSON object
- Extra text detected after JSON object
Sending keys: ['ls -l /app/predictions.csv\n'] min_timeout_sec: 0.1 max_timeout_sec: 180.0
Sending keys: ['head -n 5 /app/predictions.csv\n'] min_timeout_sec: 0.1 max_timeout_sec: 180.0
Sending keys: ['wc -l /app/predictions.csv\n'] min_timeout_sec: 0.1 max_timeout_sec: 180.0
Trajectory dumped to /var/essdata/s_chumakov/automl-journal/runs/autods-tabred/jobs/terminus-tabred-Msmall-20260829-175356/weather__q7ySSXa/agent/trajectory.json
Installing: tmux, asciinema
Failed to retrieve model info for 'openrouter/google/gemma-4-26b-a4b-it': This model isn't mapped yet. model=openrouter/google/gemma-4-26b-a4b-it, custom_llm_provider=openrouter. Add it here - https://github.com/BerriAI/litellm/blob/main/model_prices_and_context_window.json.. Using fallback context limit: 1000000
Detected system: {'os': 'debian-based', 'package_manager': 'apt-get', 'update_command': None}
Installing tools using apt-get: DEBIAN_FRONTEND=noninteractive apt-get update && DEBIAN_FRONTEND=noninteractive apt-get install -y tmux asciinema
Parser warnings: - Extra text detected before JSON object
- Extra text detected after JSON object
Sending keys: ["echo 'alive'\n"] min_timeout_sec: 0.1 max_timeout_sec: 180.0
Sending keys: ['ls\n'] min_timeout_sec: 0.1 max_timeout_sec: 180.0
Trajectory dumped to /var/essdata/s_chumakov/automl-journal/runs/autods-tabred/jobs/terminus-tabred-Msmall-20260829-175356/homecredit-default__eNv265u/agent/trajectory.json
Trajectory dumped to /var/essdata/s_chumakov/automl-journal/runs/autods-tabred/jobs/terminus-tabred-Msmall-20260829-175356/maps-routing__xhsyiK2/agent/trajectory.json
Failed to retrieve model info for 'openrouter/google/gemma-4-26b-a4b-it': This model isn't mapped yet. model=openrouter/google/gemma-4-26b-a4b-it, custom_llm_provider=openrouter. Add it here - https://github.com/BerriAI/litellm/blob/main/model_prices_and_context_window.json.. Using fallback context limit: 1000000
Failed to retrieve model info for 'openrouter/google/gemma-4-26b-a4b-it': This model isn't mapped yet. model=openrouter/google/gemma-4-26b-a4b-it, custom_llm_provider=openrouter. Add it here - https://github.com/BerriAI/litellm/blob/main/model_prices_and_context_window.json.. Using fallback context limit: 1000000
Parser warnings: - Extra text detected before JSON object
- Extra text detected after JSON object
Sending keys: ['ls -l /app/predictions.csv\n'] min_timeout_sec: 0.1 max_timeout_sec: 180.0
Sending keys: ['head -n 5 /app/predictions.csv\n'] min_timeout_sec: 0.1 max_timeout_sec: 180.0
Sending keys: [''] min_timeout_sec: 60.0 max_timeout_sec: 180.0
Sending keys: ['wc -l /app/predictions.csv\n'] min_timeout_sec: 0.1 max_timeout_sec: 180.0
Trajectory dumped to /var/essdata/s_chumakov/automl-journal/runs/autods-tabred/jobs/terminus-tabred-Msmall-20260829-175356/weather__q7ySSXa/agent/trajectory.json
Failed to retrieve model info for 'openrouter/google/gemma-4-26b-a4b-it': This model isn't mapped yet. model=openrouter/google/gemma-4-26b-a4b-it, custom_llm_provider=openrouter. Add it here - https://github.com/BerriAI/litellm/blob/main/model_prices_and_context_window.json.. Using fallback context limit: 1000000
Parser warnings: - Extra text detected before JSON object
- Extra text detected after JSON object
Sending keys: ['C-c\n'] min_timeout_sec: 0.1 max_timeout_sec: 180.0
Sending keys: ['ls -l /app/predictions.csv\n'] min_timeout_sec: 0.1 max_timeout_sec: 180.0
Trajectory dumped to /var/essdata/s_chumakov/automl-journal/runs/autods-tabred/jobs/terminus-tabred-Msmall-20260829-175356/homecredit-default__eNv265u/agent/trajectory.json
Failed to retrieve model info for 'openrouter/google/gemma-4-26b-a4b-it': This model isn't mapped yet. model=openrouter/google/gemma-4-26b-a4b-it, custom_llm_provider=openrouter. Add it here - https://github.com/BerriAI/litellm/blob/main/model_prices_and_context_window.json.. Using fallback context limit: 1000000
Parser warnings: - Extra text detected before JSON object
- Extra text detected after JSON object
Sending keys: ['ps aux | grep solution.py\n'] min_timeout_sec: 0.1 max_timeout_sec: 180.0
Trajectory dumped to /var/essdata/s_chumakov/automl-journal/runs/autods-tabred/jobs/terminus-tabred-Msmall-20260829-175356/weather__q7ySSXa/agent/trajectory.json
Failed to retrieve model info for 'openrouter/google/gemma-4-26b-a4b-it': This model isn't mapped yet. model=openrouter/google/gemma-4-26b-a4b-it, custom_llm_provider=openrouter. Add it here - https://github.com/BerriAI/litellm/blob/main/model_prices_and_context_window.json.. Using fallback context limit: 1000000
Parser warnings: - Extra text detected before JSON object
- Extra text detected after JSON object
Sending keys: ['exit\n'] min_timeout_sec: 0.1 max_timeout_sec: 180.0
Trajectory dumped to /var/essdata/s_chumakov/automl-journal/runs/autods-tabred/jobs/terminus-tabred-Msmall-20260829-175356/homecredit-default__eNv265u/agent/trajectory.json
Failed to retrieve model info for 'openrouter/google/gemma-4-26b-a4b-it': This model isn't mapped yet. model=openrouter/google/gemma-4-26b-a4b-it, custom_llm_provider=openrouter. Add it here - https://github.com/BerriAI/litellm/blob/main/model_prices_and_context_window.json.. Using fallback context limit: 1000000
Starting recording.
Sending keys: ['asciinema rec --stdin /logs/agent/recording.cast', 'Enter'] min_timeout_sec: 1.0 max_timeout_sec: 180.0
Parser warnings: - Extra text detected before JSON object
- Extra text detected after JSON object
Trajectory dumped to /var/essdata/s_chumakov/automl-journal/runs/autods-tabred/jobs/terminus-tabred-Msmall-20260829-175356/homecredit-default__eNv265u/agent/trajectory.json
Parser warnings: - Extra text detected before JSON object
- Extra text detected after JSON object
Sending keys: ['python3 solution.py > output.log 2>&1\n'] min_timeout_sec: 60 max_timeout_sec: 180.0
Failed to retrieve model info for 'openrouter/google/gemma-4-26b-a4b-it': This model isn't mapped yet. model=openrouter/google/gemma-4-26b-a4b-it, custom_llm_provider=openrouter. Add it here - https://github.com/BerriAI/litellm/blob/main/model_prices_and_context_window.json.. Using fallback context limit: 1000000
Sending keys: ['clear', 'Enter'] min_timeout_sec: 0.0 max_timeout_sec: 180.0
Failed to retrieve model info for 'openrouter/google/gemma-4-26b-a4b-it': This model isn't mapped yet. model=openrouter/google/gemma-4-26b-a4b-it, custom_llm_provider=openrouter. Add it here - https://github.com/BerriAI/litellm/blob/main/model_prices_and_context_window.json.. Using fallback context limit: 1000000
Parser warnings: - Extra text detected before JSON object
- Extra text detected after JSON object
Trajectory dumped to /var/essdata/s_chumakov/automl-journal/runs/autods-tabred/jobs/terminus-tabred-Msmall-20260829-175356/homecredit-default__eNv265u/agent/trajectory.json
Failed to retrieve model info for 'openrouter/google/gemma-4-26b-a4b-it': This model isn't mapped yet. model=openrouter/google/gemma-4-26b-a4b-it, custom_llm_provider=openrouter. Add it here - https://github.com/BerriAI/litellm/blob/main/model_prices_and_context_window.json.. Using fallback context limit: 1000000
Parser warnings: - Extra text detected before JSON object
- Extra text detected after JSON object
Sending keys: ['ls -la /app/data\n'] min_timeout_sec: 0.1 max_timeout_sec: 180.0
Trajectory dumped to /var/essdata/s_chumakov/automl-journal/runs/autods-tabred/jobs/terminus-tabred-Msmall-20260829-175356/ecom-offers__yAJRV4H/agent/trajectory.json
Failed to retrieve model info for 'openrouter/google/gemma-4-26b-a4b-it': This model isn't mapped yet. model=openrouter/google/gemma-4-26b-a4b-it, custom_llm_provider=openrouter. Add it here - https://github.com/BerriAI/litellm/blob/main/model_prices_and_context_window.json.. Using fallback context limit: 1000000
Parser warnings: - Extra text detected before JSON object
- Extra text detected after JSON object
Trajectory dumped to /var/essdata/s_chumakov/automl-journal/runs/autods-tabred/jobs/terminus-tabred-Msmall-20260829-175356/homecredit-default__eNv265u/agent/trajectory.json
Failed to retrieve model info for 'openrouter/google/gemma-4-26b-a4b-it': This model isn't mapped yet. model=openrouter/google/gemma-4-26b-a4b-it, custom_llm_provider=openrouter. Add it here - https://github.com/BerriAI/litellm/blob/main/model_prices_and_context_window.json.. Using fallback context limit: 1000000
Parser warnings: - Extra text detected before JSON object
- Extra text detected after JSON object
Trajectory dumped to /var/essdata/s_chumakov/automl-journal/runs/autods-tabred/jobs/terminus-tabred-Msmall-20260829-175356/homecredit-default__eNv265u/agent/trajectory.json
Failed to retrieve model info for 'openrouter/google/gemma-4-26b-a4b-it': This model isn't mapped yet. model=openrouter/google/gemma-4-26b-a4b-it, custom_llm_provider=openrouter. Add it here - https://github.com/BerriAI/litellm/blob/main/model_prices_and_context_window.json.. Using fallback context limit: 1000000
Parser warnings: - Extra text detected before JSON object
- Extra text detected after JSON object
Sending keys: ['python3 -c "import pandas as pd; import json; \ndata_path = \'/app/data\'; \ntrain = pd.read_csv(f\'{data_path}/train.csv\', nrows=5); \nschema = json.load(open(f\'{data_path}/schema.json\')); \nprint(\'Columns:\', train.columns.tolist()); \nprint(\'\\nSchema Keys:\', schema.keys()); \nprint(\'\\nFirst 5 rows of train:\\n\', train.head())"\n'] min_timeout_sec: 1.0 max_timeout_sec: 180.0
Trajectory dumped to /var/essdata/s_chumakov/automl-journal/runs/autods-tabred/jobs/terminus-tabred-Msmall-20260829-175356/ecom-offers__yAJRV4H/agent/trajectory.json
Failed to retrieve model info for 'openrouter/google/gemma-4-26b-a4b-it': This model isn't mapped yet. model=openrouter/google/gemma-4-26b-a4b-it, custom_llm_provider=openrouter. Add it here - https://github.com/BerriAI/litellm/blob/main/model_prices_and_context_window.json.. Using fallback context limit: 1000000
Parser warnings: - Extra text detected before JSON object
- Extra text detected after JSON object
Trajectory dumped to /var/essdata/s_chumakov/automl-journal/runs/autods-tabred/jobs/terminus-tabred-Msmall-20260829-175356/homecredit-default__eNv265u/agent/trajectory.json
Failed to retrieve model info for 'openrouter/google/gemma-4-26b-a4b-it': This model isn't mapped yet. model=openrouter/google/gemma-4-26b-a4b-it, custom_llm_provider=openrouter. Add it here - https://github.com/BerriAI/litellm/blob/main/model_prices_and_context_window.json.. Using fallback context limit: 1000000
Parser warnings: - Extra text detected before JSON object
- Extra text detected after JSON object
Trajectory dumped to /var/essdata/s_chumakov/automl-journal/runs/autods-tabred/jobs/terminus-tabred-Msmall-20260829-175356/homecredit-default__eNv265u/agent/trajectory.json
Failed to retrieve model info for 'openrouter/google/gemma-4-26b-a4b-it': This model isn't mapped yet. model=openrouter/google/gemma-4-26b-a4b-it, custom_llm_provider=openrouter. Add it here - https://github.com/BerriAI/litellm/blob/main/model_prices_and_context_window.json.. Using fallback context limit: 1000000
Parser warnings: - Extra text detected before JSON object
- Extra text detected after JSON object
Trajectory dumped to /var/essdata/s_chumakov/automl-journal/runs/autods-tabred/jobs/terminus-tabred-Msmall-20260829-175356/homecredit-default__eNv265u/agent/trajectory.json
Failed to retrieve model info for 'openrouter/google/gemma-4-26b-a4b-it': This model isn't mapped yet. model=openrouter/google/gemma-4-26b-a4b-it, custom_llm_provider=openrouter. Add it here - https://github.com/BerriAI/litellm/blob/main/model_prices_and_context_window.json.. Using fallback context limit: 1000000
Parser warnings: - Extra text detected before JSON object
- Extra text detected after JSON object
Trajectory dumped to /var/essdata/s_chumakov/automl-journal/runs/autods-tabred/jobs/terminus-tabred-Msmall-20260829-175356/homecredit-default__eNv265u/agent/trajectory.json
Failed to retrieve model info for 'openrouter/google/gemma-4-26b-a4b-it': This model isn't mapped yet. model=openrouter/google/gemma-4-26b-a4b-it, custom_llm_provider=openrouter. Add it here - https://github.com/BerriAI/litellm/blob/main/model_prices_and_context_window.json.. Using fallback context limit: 1000000
Parser warnings: - Extra text detected before JSON object
- Extra text detected after JSON object
Trajectory dumped to /var/essdata/s_chumakov/automl-journal/runs/autods-tabred/jobs/terminus-tabred-Msmall-20260829-175356/homecredit-default__eNv265u/agent/trajectory.json
Parser warnings: - Extra text detected before JSON object
- Extra text detected after JSON object
Sending keys: ['cat << \'EOF\' > solution.py\nimport pandas as pd\nimport lightgbm as lgb\nfrom sklearn.metrics import roc_auc_score\nimport numpy as np\n\ndef solve():\n    data_path = \'/app/data\'\n    \n    print("Loading data...")\n    train = pd.read_csv(f\'{data_path}/train.csv\')\n    val = pd.read_csv(f\'{data_path}/val.csv\')\n    test = pd.read_csv(f\'{data_path}/test.csv\')\n\n    X_train = train.drop(columns=[\'target\'])\n    y_train = train[\'target\']\n    X_val = val.drop(columns=[\'target\'])\n    y_val = val[\'target\']\n    X_test = test\n\n    # LightGBM handles NaNs automatically, which is convenient for the \'nan\' values.\n    # However, the task says \'nan\' string for missing numerical values. \n    # pandas read_csv usually converts \'nan\' to np.nan automatically.\n\n    print("Training LightGBM...")\n    params = {\n        \'objective\': \'binary\',\n        \'metric\': \'auc\',\n        \'verbosity\': -1,\n        \'boosting_type\': \'gbdt\',\n        \'random_state\': 42,\n        \'learning_rate\': 0.05,\n        \'num_leaves\': 31,\n    }\n\n    train_data = lgb.Dataset(X_train, label=y_train)\n    val_data = lgb.Dataset(X_val, label=y_val, reference=train_data)\n\n    gbm = lgb.train(\n        params,\n        train_data,\n        valid_sets=[train_data, val_data],\n        valid_names=[\'train\', \'valid\'],\n        num_boost_round=1000,\n        callbacks=[lgb.early_stopping(stopping_rounds=50)]\n    )\n\n    print("Evaluating...")\n    val_preds = gbm.predict(X_val)\n    auc = roc_auc_score(y_val, val_preds)\n    print(f"Validation ROC-AUC: {auc}")\n\n    print("Predicting test set...")\n    test_preds = gbm.predict(X_test)\n\n    print("Saving predictions...")\n    output = pd.DataFrame({\'target\': test_preds})\n    output.to_csv(\'/app/predictions.csv\', index=False)\n    print("Done! Saved to /app/predictions.csv")\n\nif __name__ == \'__main__\':\n    solve()\nEOF\n'] min_timeout_sec: 0.1 max_timeout_sec: 180.0
Sending keys: ['python3 solution.py\n'] min_timeout_sec: 60.0 max_timeout_sec: 180.0
Failed to retrieve model info for 'openrouter/google/gemma-4-26b-a4b-it': This model isn't mapped yet. model=openrouter/google/gemma-4-26b-a4b-it, custom_llm_provider=openrouter. Add it here - https://github.com/BerriAI/litellm/blob/main/model_prices_and_context_window.json.. Using fallback context limit: 1000000
Parser warnings: - Extra text detected before JSON object
- Extra text detected after JSON object
Trajectory dumped to /var/essdata/s_chumakov/automl-journal/runs/autods-tabred/jobs/terminus-tabred-Msmall-20260829-175356/homecredit-default__eNv265u/agent/trajectory.json
Failed to retrieve model info for 'openrouter/google/gemma-4-26b-a4b-it': This model isn't mapped yet. model=openrouter/google/gemma-4-26b-a4b-it, custom_llm_provider=openrouter. Add it here - https://github.com/BerriAI/litellm/blob/main/model_prices_and_context_window.json.. Using fallback context limit: 1000000
Parser warnings: - Extra text detected before JSON object
- Extra text detected after JSON object
Trajectory dumped to /var/essdata/s_chumakov/automl-journal/runs/autods-tabred/jobs/terminus-tabred-Msmall-20260829-175356/homecredit-default__eNv265u/agent/trajectory.json
Failed to retrieve model info for 'openrouter/google/gemma-4-26b-a4b-it': This model isn't mapped yet. model=openrouter/google/gemma-4-26b-a4b-it, custom_llm_provider=openrouter. Add it here - https://github.com/BerriAI/litellm/blob/main/model_prices_and_context_window.json.. Using fallback context limit: 1000000
Parser warnings: - Extra text detected before JSON object
- Extra text detected after JSON object
Trajectory dumped to /var/essdata/s_chumakov/automl-journal/runs/autods-tabred/jobs/terminus-tabred-Msmall-20260829-175356/homecredit-default__eNv265u/agent/trajectory.json
Failed to retrieve model info for 'openrouter/google/gemma-4-26b-a4b-it': This model isn't mapped yet. model=openrouter/google/gemma-4-26b-a4b-it, custom_llm_provider=openrouter. Add it here - https://github.com/BerriAI/litellm/blob/main/model_prices_and_context_window.json.. Using fallback context limit: 1000000
Parser warnings: - Extra text detected before JSON object
- Extra text detected after JSON object
Trajectory dumped to /var/essdata/s_chumakov/automl-journal/runs/autods-tabred/jobs/terminus-tabred-Msmall-20260829-175356/homecredit-default__eNv265u/agent/trajectory.json
Failed to retrieve model info for 'openrouter/google/gemma-4-26b-a4b-it': This model isn't mapped yet. model=openrouter/google/gemma-4-26b-a4b-it, custom_llm_provider=openrouter. Add it here - https://github.com/BerriAI/litellm/blob/main/model_prices_and_context_window.json.. Using fallback context limit: 1000000
Parser warnings: - Extra text detected before JSON object
- Extra text detected after JSON object
Trajectory dumped to /var/essdata/s_chumakov/automl-journal/runs/autods-tabred/jobs/terminus-tabred-Msmall-20260829-175356/homecredit-default__eNv265u/agent/trajectory.json
Failed to retrieve model info for 'openrouter/google/gemma-4-26b-a4b-it': This model isn't mapped yet. model=openrouter/google/gemma-4-26b-a4b-it, custom_llm_provider=openrouter. Add it here - https://github.com/BerriAI/litellm/blob/main/model_prices_and_context_window.json.. Using fallback context limit: 1000000
Parser warnings: - Extra text detected before JSON object
- Extra text detected after JSON object
Trajectory dumped to /var/essdata/s_chumakov/automl-journal/runs/autods-tabred/jobs/terminus-tabred-Msmall-20260829-175356/homecredit-default__eNv265u/agent/trajectory.json
Failed to retrieve model info for 'openrouter/google/gemma-4-26b-a4b-it': This model isn't mapped yet. model=openrouter/google/gemma-4-26b-a4b-it, custom_llm_provider=openrouter. Add it here - https://github.com/BerriAI/litellm/blob/main/model_prices_and_context_window.json.. Using fallback context limit: 1000000
Parser warnings: - Extra text detected before JSON object
- Extra text detected after JSON object
Trajectory dumped to /var/essdata/s_chumakov/automl-journal/runs/autods-tabred/jobs/terminus-tabred-Msmall-20260829-175356/homecredit-default__eNv265u/agent/trajectory.json
Failed to retrieve model info for 'openrouter/google/gemma-4-26b-a4b-it': This model isn't mapped yet. model=openrouter/google/gemma-4-26b-a4b-it, custom_llm_provider=openrouter. Add it here - https://github.com/BerriAI/litellm/blob/main/model_prices_and_context_window.json.. Using fallback context limit: 1000000
Parser warnings: - Extra text detected before JSON object
- Extra text detected after JSON object
Trajectory dumped to /var/essdata/s_chumakov/automl-journal/runs/autods-tabred/jobs/terminus-tabred-Msmall-20260829-175356/homecredit-default__eNv265u/agent/trajectory.json
Failed to retrieve model info for 'openrouter/google/gemma-4-26b-a4b-it': This model isn't mapped yet. model=openrouter/google/gemma-4-26b-a4b-it, custom_llm_provider=openrouter. Add it here - https://github.com/BerriAI/litellm/blob/main/model_prices_and_context_window.json.. Using fallback context limit: 1000000
Parser warnings: - Extra text detected before JSON object
- Extra text detected after JSON object
Trajectory dumped to /var/essdata/s_chumakov/automl-journal/runs/autods-tabred/jobs/terminus-tabred-Msmall-20260829-175356/homecredit-default__eNv265u/agent/trajectory.json
Failed to retrieve model info for 'openrouter/google/gemma-4-26b-a4b-it': This model isn't mapped yet. model=openrouter/google/gemma-4-26b-a4b-it, custom_llm_provider=openrouter. Add it here - https://github.com/BerriAI/litellm/blob/main/model_prices_and_context_window.json.. Using fallback context limit: 1000000
Parser warnings: - Extra text detected before JSON object
- Extra text detected after JSON object
Trajectory dumped to /var/essdata/s_chumakov/automl-journal/runs/autods-tabred/jobs/terminus-tabred-Msmall-20260829-175356/homecredit-default__eNv265u/agent/trajectory.json
Failed to retrieve model info for 'openrouter/google/gemma-4-26b-a4b-it': This model isn't mapped yet. model=openrouter/google/gemma-4-26b-a4b-it, custom_llm_provider=openrouter. Add it here - https://github.com/BerriAI/litellm/blob/main/model_prices_and_context_window.json.. Using fallback context limit: 1000000
Parser warnings: - Extra text detected before JSON object
- Extra text detected after JSON object
Trajectory dumped to /var/essdata/s_chumakov/automl-journal/runs/autods-tabred/jobs/terminus-tabred-Msmall-20260829-175356/homecredit-default__eNv265u/agent/trajectory.json
Failed to retrieve model info for 'openrouter/google/gemma-4-26b-a4b-it': This model isn't mapped yet. model=openrouter/google/gemma-4-26b-a4b-it, custom_llm_provider=openrouter. Add it here - https://github.com/BerriAI/litellm/blob/main/model_prices_and_context_window.json.. Using fallback context limit: 1000000
Parser warnings: - Extra text detected before JSON object
- Extra text detected after JSON object
Trajectory dumped to /var/essdata/s_chumakov/automl-journal/runs/autods-tabred/jobs/terminus-tabred-Msmall-20260829-175356/homecredit-default__eNv265u/agent/trajectory.json
Failed to retrieve model info for 'openrouter/google/gemma-4-26b-a4b-it': This model isn't mapped yet. model=openrouter/google/gemma-4-26b-a4b-it, custom_llm_provider=openrouter. Add it here - https://github.com/BerriAI/litellm/blob/main/model_prices_and_context_window.json.. Using fallback context limit: 1000000
Parser warnings: - Extra text detected before JSON object
- Extra text detected after JSON object
Trajectory dumped to /var/essdata/s_chumakov/automl-journal/runs/autods-tabred/jobs/terminus-tabred-Msmall-20260829-175356/homecredit-default__eNv265u/agent/trajectory.json
Failed to retrieve model info for 'openrouter/google/gemma-4-26b-a4b-it': This model isn't mapped yet. model=openrouter/google/gemma-4-26b-a4b-it, custom_llm_provider=openrouter. Add it here - https://github.com/BerriAI/litellm/blob/main/model_prices_and_context_window.json.. Using fallback context limit: 1000000
Parser warnings: - Extra text detected before JSON object
- Extra text detected after JSON object
Trajectory dumped to /var/essdata/s_chumakov/automl-journal/runs/autods-tabred/jobs/terminus-tabred-Msmall-20260829-175356/homecredit-default__eNv265u/agent/trajectory.json
Failed to retrieve model info for 'openrouter/google/gemma-4-26b-a4b-it': This model isn't mapped yet. model=openrouter/google/gemma-4-26b-a4b-it, custom_llm_provider=openrouter. Add it here - https://github.com/BerriAI/litellm/blob/main/model_prices_and_context_window.json.. Using fallback context limit: 1000000
Parser warnings: - Extra text detected before JSON object
- Extra text detected after JSON object
Trajectory dumped to /var/essdata/s_chumakov/automl-journal/runs/autods-tabred/jobs/terminus-tabred-Msmall-20260829-175356/homecredit-default__eNv265u/agent/trajectory.json
Failed to retrieve model info for 'openrouter/google/gemma-4-26b-a4b-it': This model isn't mapped yet. model=openrouter/google/gemma-4-26b-a4b-it, custom_llm_provider=openrouter. Add it here - https://github.com/BerriAI/litellm/blob/main/model_prices_and_context_window.json.. Using fallback context limit: 1000000
Trajectory dumped to /var/essdata/s_chumakov/automl-journal/runs/autods-tabred/jobs/terminus-tabred-Msmall-20260829-175356/maps-routing__xhsyiK2/agent/trajectory.json
Parser warnings: - Extra text detected before JSON object
- Extra text detected after JSON object
Trajectory dumped to /var/essdata/s_chumakov/automl-journal/runs/autods-tabred/jobs/terminus-tabred-Msmall-20260829-175356/homecredit-default__eNv265u/agent/trajectory.json
Failed to retrieve model info for 'openrouter/google/gemma-4-26b-a4b-it': This model isn't mapped yet. model=openrouter/google/gemma-4-26b-a4b-it, custom_llm_provider=openrouter. Add it here - https://github.com/BerriAI/litellm/blob/main/model_prices_and_context_window.json.. Using fallback context limit: 1000000
Failed to retrieve model info for 'openrouter/google/gemma-4-26b-a4b-it': This model isn't mapped yet. model=openrouter/google/gemma-4-26b-a4b-it, custom_llm_provider=openrouter. Add it here - https://github.com/BerriAI/litellm/blob/main/model_prices_and_context_window.json.. Using fallback context limit: 1000000
Parser warnings: - Extra text detected before JSON object
- Extra text detected after JSON object
Trajectory dumped to /var/essdata/s_chumakov/automl-journal/runs/autods-tabred/jobs/terminus-tabred-Msmall-20260829-175356/homecredit-default__eNv265u/agent/trajectory.json
Failed to retrieve model info for 'openrouter/google/gemma-4-26b-a4b-it': This model isn't mapped yet. model=openrouter/google/gemma-4-26b-a4b-it, custom_llm_provider=openrouter. Add it here - https://github.com/BerriAI/litellm/blob/main/model_prices_and_context_window.json.. Using fallback context limit: 1000000
Sending keys: [''] min_timeout_sec: 60.0 max_timeout_sec: 180.0
Parser warnings: - Extra text detected before JSON object
- Extra text detected after JSON object
Trajectory dumped to /var/essdata/s_chumakov/automl-journal/runs/autods-tabred/jobs/terminus-tabred-Msmall-20260829-175356/homecredit-default__eNv265u/agent/trajectory.json
Failed to retrieve model info for 'openrouter/google/gemma-4-26b-a4b-it': This model isn't mapped yet. model=openrouter/google/gemma-4-26b-a4b-it, custom_llm_provider=openrouter. Add it here - https://github.com/BerriAI/litellm/blob/main/model_prices_and_context_window.json.. Using fallback context limit: 1000000
Parser warnings: - Extra text detected before JSON object
- Extra text detected after JSON object
Sending keys: ['cat output.log\n'] min_timeout_sec: 0.1 max_timeout_sec: 180.0
Trajectory dumped to /var/essdata/s_chumakov/automl-journal/runs/autods-tabred/jobs/terminus-tabred-Msmall-20260829-175356/homecredit-default__eNv265u/agent/trajectory.json
Failed to retrieve model info for 'openrouter/google/gemma-4-26b-a4b-it': This model isn't mapped yet. model=openrouter/google/gemma-4-26b-a4b-it, custom_llm_provider=openrouter. Add it here - https://github.com/BerriAI/litellm/blob/main/model_prices_and_context_window.json.. Using fallback context limit: 1000000
Trajectory dumped to /var/essdata/s_chumakov/automl-journal/runs/autods-tabred/jobs/terminus-tabred-Msmall-20260829-175356/weather__q7ySSXa/agent/trajectory.json
Failed to retrieve model info for 'openrouter/google/gemma-4-26b-a4b-it': This model isn't mapped yet. model=openrouter/google/gemma-4-26b-a4b-it, custom_llm_provider=openrouter. Add it here - https://github.com/BerriAI/litellm/blob/main/model_prices_and_context_window.json.. Using fallback context limit: 1000000
Parser warnings: - Extra text detected before JSON object
- Extra text detected after JSON object
Trajectory dumped to /var/essdata/s_chumakov/automl-journal/runs/autods-tabred/jobs/terminus-tabred-Msmall-20260829-175356/homecredit-default__eNv265u/agent/trajectory.json
Failed to retrieve model info for 'openrouter/google/gemma-4-26b-a4b-it': This model isn't mapped yet. model=openrouter/google/gemma-4-26b-a4b-it, custom_llm_provider=openrouter. Add it here - https://github.com/BerriAI/litellm/blob/main/model_prices_and_context_window.json.. Using fallback context limit: 1000000
Parser warnings: - Extra text detected before JSON object
- Extra text detected after JSON object
Sending keys: ['ls -l /app/predictions.csv\n'] min_timeout_sec: 0.1 max_timeout_sec: 180.0
Sending keys: ['head -n 5 /app/predictions.csv\n'] min_timeout_sec: 0.1 max_timeout_sec: 180.0
Sending keys: ['wc -l /app/predictions.csv\n'] min_timeout_sec: 0.1 max_timeout_sec: 180.0
Parser warnings: - Extra text detected before JSON object
- Extra text detected after JSON object
Trajectory dumped to /var/essdata/s_chumakov/automl-journal/runs/autods-tabred/jobs/terminus-tabred-Msmall-20260829-175356/weather__q7ySSXa/agent/trajectory.json
Trajectory dumped to /var/essdata/s_chumakov/automl-journal/runs/autods-tabred/jobs/terminus-tabred-Msmall-20260829-175356/homecredit-default__eNv265u/agent/trajectory.json
Failed to retrieve model info for 'openrouter/google/gemma-4-26b-a4b-it': This model isn't mapped yet. model=openrouter/google/gemma-4-26b-a4b-it, custom_llm_provider=openrouter. Add it here - https://github.com/BerriAI/litellm/blob/main/model_prices_and_context_window.json.. Using fallback context limit: 1000000
Failed to retrieve model info for 'openrouter/google/gemma-4-26b-a4b-it': This model isn't mapped yet. model=openrouter/google/gemma-4-26b-a4b-it, custom_llm_provider=openrouter. Add it here - https://github.com/BerriAI/litellm/blob/main/model_prices_and_context_window.json.. Using fallback context limit: 1000000
Parser warnings: - Extra text detected before JSON object
- Extra text detected after JSON object
Trajectory dumped to /var/essdata/s_chumakov/automl-journal/runs/autods-tabred/jobs/terminus-tabred-Msmall-20260829-175356/homecredit-default__eNv265u/agent/trajectory.json
Failed to retrieve model info for 'openrouter/google/gemma-4-26b-a4b-it': This model isn't mapped yet. model=openrouter/google/gemma-4-26b-a4b-it, custom_llm_provider=openrouter. Add it here - https://github.com/BerriAI/litellm/blob/main/model_prices_and_context_window.json.. Using fallback context limit: 1000000
Parser warnings: - Extra text detected before JSON object
- Extra text detected after JSON object
Sending keys: ['ls -la /app\n'] min_timeout_sec: 0.1 max_timeout_sec: 180.0
Sending keys: ['head -n 5 /app/predictions.csv\n'] min_timeout_sec: 0.1 max_timeout_sec: 180.0
Sending keys: ['wc -l /app/predictions.csv\n'] min_timeout_sec: 0.1 max_timeout_sec: 180.0
Parser warnings: - Extra text detected before JSON object
- Extra text detected after JSON object
Trajectory dumped to /var/essdata/s_chumakov/automl-journal/runs/autods-tabred/jobs/terminus-tabred-Msmall-20260829-175356/weather__q7ySSXa/agent/trajectory.json
Trajectory dumped to /var/essdata/s_chumakov/automl-journal/runs/autods-tabred/jobs/terminus-tabred-Msmall-20260829-175356/homecredit-default__eNv265u/agent/trajectory.json
Failed to retrieve model info for 'openrouter/google/gemma-4-26b-a4b-it': This model isn't mapped yet. model=openrouter/google/gemma-4-26b-a4b-it, custom_llm_provider=openrouter. Add it here - https://github.com/BerriAI/litellm/blob/main/model_prices_and_context_window.json.. Using fallback context limit: 1000000
Failed to retrieve model info for 'openrouter/google/gemma-4-26b-a4b-it': This model isn't mapped yet. model=openrouter/google/gemma-4-26b-a4b-it, custom_llm_provider=openrouter. Add it here - https://github.com/BerriAI/litellm/blob/main/model_prices_and_context_window.json.. Using fallback context limit: 1000000
Parser warnings: - Extra text detected before JSON object
- Extra text detected after JSON object
Trajectory dumped to /var/essdata/s_chumakov/automl-journal/runs/autods-tabred/jobs/terminus-tabred-Msmall-20260829-175356/homecredit-default__eNv265u/agent/trajectory.json
Failed to retrieve model info for 'openrouter/google/gemma-4-26b-a4b-it': This model isn't mapped yet. model=openrouter/google/gemma-4-26b-a4b-it, custom_llm_provider=openrouter. Add it here - https://github.com/BerriAI/litellm/blob/main/model_prices_and_context_window.json.. Using fallback context limit: 1000000
Parser warnings: - Extra text detected before JSON object
- Extra text detected after JSON object
Parser warnings: - Extra text detected before JSON object
- Extra text detected after JSON object
Trajectory dumped to /var/essdata/s_chumakov/automl-journal/runs/autods-tabred/jobs/terminus-tabred-Msmall-20260829-175356/weather__q7ySSXa/agent/trajectory.json
Trajectory dumped to /var/essdata/s_chumakov/automl-journal/runs/autods-tabred/jobs/terminus-tabred-Msmall-20260829-175356/homecredit-default__eNv265u/agent/trajectory.json
Failed to retrieve model info for 'openrouter/google/gemma-4-26b-a4b-it': This model isn't mapped yet. model=openrouter/google/gemma-4-26b-a4b-it, custom_llm_provider=openrouter. Add it here - https://github.com/BerriAI/litellm/blob/main/model_prices_and_context_window.json.. Using fallback context limit: 1000000
Failed to retrieve model info for 'openrouter/google/gemma-4-26b-a4b-it': This model isn't mapped yet. model=openrouter/google/gemma-4-26b-a4b-it, custom_llm_provider=openrouter. Add it here - https://github.com/BerriAI/litellm/blob/main/model_prices_and_context_window.json.. Using fallback context limit: 1000000
Parser warnings: - Extra text detected before JSON object
- Extra text detected after JSON object
Trajectory dumped to /var/essdata/s_chumakov/automl-journal/runs/autods-tabred/jobs/terminus-tabred-Msmall-20260829-175356/homecredit-default__eNv265u/agent/trajectory.json
Failed to retrieve model info for 'openrouter/google/gemma-4-26b-a4b-it': This model isn't mapped yet. model=openrouter/google/gemma-4-26b-a4b-it, custom_llm_provider=openrouter. Add it here - https://github.com/BerriAI/litellm/blob/main/model_prices_and_context_window.json.. Using fallback context limit: 1000000
Parser warnings: - Extra text detected before JSON object
- Extra text detected after JSON object
Trajectory dumped to /var/essdata/s_chumakov/automl-journal/runs/autods-tabred/jobs/terminus-tabred-Msmall-20260829-175356/weather__q7ySSXa/agent/trajectory.json
Trajectory dumped to /var/essdata/s_chumakov/automl-journal/runs/autods-tabred/jobs/terminus-tabred-Msmall-20260829-175356/weather__q7ySSXa/agent/trajectory.json
Collecting main service artifacts
Parser warnings: - Extra text detected before JSON object
- Extra text detected after JSON object
Trajectory dumped to /var/essdata/s_chumakov/automl-journal/runs/autods-tabred/jobs/terminus-tabred-Msmall-20260829-175356/homecredit-default__eNv265u/agent/trajectory.json
Failed to retrieve model info for 'openrouter/google/gemma-4-26b-a4b-it': This model isn't mapped yet. model=openrouter/google/gemma-4-26b-a4b-it, custom_llm_provider=openrouter. Add it here - https://github.com/BerriAI/litellm/blob/main/model_prices_and_context_window.json.. Using fallback context limit: 1000000
Parser warnings: - Extra text detected before JSON object
- Extra text detected after JSON object
Trajectory dumped to /var/essdata/s_chumakov/automl-journal/runs/autods-tabred/jobs/terminus-tabred-Msmall-20260829-175356/homecredit-default__eNv265u/agent/trajectory.json
Failed to retrieve model info for 'openrouter/google/gemma-4-26b-a4b-it': This model isn't mapped yet. model=openrouter/google/gemma-4-26b-a4b-it, custom_llm_provider=openrouter. Add it here - https://github.com/BerriAI/litellm/blob/main/model_prices_and_context_window.json.. Using fallback context limit: 1000000
Trajectory dumped to /var/essdata/s_chumakov/automl-journal/runs/autods-tabred/jobs/terminus-tabred-Msmall-20260829-175356/ecom-offers__yAJRV4H/agent/trajectory.json
Failed to retrieve model info for 'openrouter/google/gemma-4-26b-a4b-it': This model isn't mapped yet. model=openrouter/google/gemma-4-26b-a4b-it, custom_llm_provider=openrouter. Add it here - https://github.com/BerriAI/litellm/blob/main/model_prices_and_context_window.json.. Using fallback context limit: 1000000
Parser warnings: - Extra text detected before JSON object
- Extra text detected after JSON object
Trajectory dumped to /var/essdata/s_chumakov/automl-journal/runs/autods-tabred/jobs/terminus-tabred-Msmall-20260829-175356/homecredit-default__eNv265u/agent/trajectory.json
Failed to retrieve model info for 'openrouter/google/gemma-4-26b-a4b-it': This model isn't mapped yet. model=openrouter/google/gemma-4-26b-a4b-it, custom_llm_provider=openrouter. Add it here - https://github.com/BerriAI/litellm/blob/main/model_prices_and_context_window.json.. Using fallback context limit: 1000000
Parser warnings: - Extra text detected before JSON object
- Extra text detected after JSON object
Trajectory dumped to /var/essdata/s_chumakov/automl-journal/runs/autods-tabred/jobs/terminus-tabred-Msmall-20260829-175356/homecredit-default__eNv265u/agent/trajectory.json
Parser warnings: - Extra text detected before JSON object
- Extra text detected after JSON object
Sending keys: [''] min_timeout_sec: 10.0 max_timeout_sec: 180.0
Failed to retrieve model info for 'openrouter/google/gemma-4-26b-a4b-it': This model isn't mapped yet. model=openrouter/google/gemma-4-26b-a4b-it, custom_llm_provider=openrouter. Add it here - https://github.com/BerriAI/litellm/blob/main/model_prices_and_context_window.json.. Using fallback context limit: 1000000
Parser warnings: - Extra text detected before JSON object
- Extra text detected after JSON object
Trajectory dumped to /var/essdata/s_chumakov/automl-journal/runs/autods-tabred/jobs/terminus-tabred-Msmall-20260829-175356/homecredit-default__eNv265u/agent/trajectory.json
Failed to retrieve model info for 'openrouter/google/gemma-4-26b-a4b-it': This model isn't mapped yet. model=openrouter/google/gemma-4-26b-a4b-it, custom_llm_provider=openrouter. Add it here - https://github.com/BerriAI/litellm/blob/main/model_prices_and_context_window.json.. Using fallback context limit: 1000000
Parser warnings: - Extra text detected before JSON object
- Extra text detected after JSON object
Trajectory dumped to /var/essdata/s_chumakov/automl-journal/runs/autods-tabred/jobs/terminus-tabred-Msmall-20260829-175356/homecredit-default__eNv265u/agent/trajectory.json
Failed to retrieve model info for 'openrouter/google/gemma-4-26b-a4b-it': This model isn't mapped yet. model=openrouter/google/gemma-4-26b-a4b-it, custom_llm_provider=openrouter. Add it here - https://github.com/BerriAI/litellm/blob/main/model_prices_and_context_window.json.. Using fallback context limit: 1000000
Parser warnings: - Extra text detected before JSON object
- Extra text detected after JSON object
Trajectory dumped to /var/essdata/s_chumakov/automl-journal/runs/autods-tabred/jobs/terminus-tabred-Msmall-20260829-175356/homecredit-default__eNv265u/agent/trajectory.json
Failed to retrieve model info for 'openrouter/google/gemma-4-26b-a4b-it': This model isn't mapped yet. model=openrouter/google/gemma-4-26b-a4b-it, custom_llm_provider=openrouter. Add it here - https://github.com/BerriAI/litellm/blob/main/model_prices_and_context_window.json.. Using fallback context limit: 1000000
Parser warnings: - Extra text detected before JSON object
- Extra text detected after JSON object
Sending keys: ['ls -l /app/predictions.csv\n'] min_timeout_sec: 0.1 max_timeout_sec: 180.0
Trajectory dumped to /var/essdata/s_chumakov/automl-journal/runs/autods-tabred/jobs/terminus-tabred-Msmall-20260829-175356/homecredit-default__eNv265u/agent/trajectory.json
Sending keys: ['head -n 5 /app/predictions.csv\n'] min_timeout_sec: 0.1 max_timeout_sec: 180.0
Failed to retrieve model info for 'openrouter/google/gemma-4-26b-a4b-it': This model isn't mapped yet. model=openrouter/google/gemma-4-26b-a4b-it, custom_llm_provider=openrouter. Add it here - https://github.com/BerriAI/litellm/blob/main/model_prices_and_context_window.json.. Using fallback context limit: 1000000
Trajectory dumped to /var/essdata/s_chumakov/automl-journal/runs/autods-tabred/jobs/terminus-tabred-Msmall-20260829-175356/ecom-offers__yAJRV4H/agent/trajectory.json
Failed to retrieve model info for 'openrouter/google/gemma-4-26b-a4b-it': This model isn't mapped yet. model=openrouter/google/gemma-4-26b-a4b-it, custom_llm_provider=openrouter. Add it here - https://github.com/BerriAI/litellm/blob/main/model_prices_and_context_window.json.. Using fallback context limit: 1000000
Parser warnings: - Extra text detected before JSON object
- Extra text detected after JSON object
Trajectory dumped to /var/essdata/s_chumakov/automl-journal/runs/autods-tabred/jobs/terminus-tabred-Msmall-20260829-175356/homecredit-default__eNv265u/agent/trajectory.json
Failed to retrieve model info for 'openrouter/google/gemma-4-26b-a4b-it': This model isn't mapped yet. model=openrouter/google/gemma-4-26b-a4b-it, custom_llm_provider=openrouter. Add it here - https://github.com/BerriAI/litellm/blob/main/model_prices_and_context_window.json.. Using fallback context limit: 1000000
Parser warnings: - Extra text detected before JSON object
- Extra text detected after JSON object
Sending keys: ['ls -l /app/predictions.csv\n'] min_timeout_sec: 0.1 max_timeout_sec: 180.0
Sending keys: ['head -n 5 /app/predictions.csv\n'] min_timeout_sec: 0.1 max_timeout_sec: 180.0
Trajectory dumped to /var/essdata/s_chumakov/automl-journal/runs/autods-tabred/jobs/terminus-tabred-Msmall-20260829-175356/ecom-offers__yAJRV4H/agent/trajectory.json
Failed to retrieve model info for 'openrouter/google/gemma-4-26b-a4b-it': This model isn't mapped yet. model=openrouter/google/gemma-4-26b-a4b-it, custom_llm_provider=openrouter. Add it here - https://github.com/BerriAI/litellm/blob/main/model_prices_and_context_window.json.. Using fallback context limit: 1000000
Parser warnings: - Extra text detected before JSON object
- Extra text detected after JSON object
Sending keys: ['ls -l /app/predictions.csv\n'] min_timeout_sec: 0.1 max_timeout_sec: 180.0
Sending keys: ['head -n 5 /app/predictions.csv\n'] min_timeout_sec: 0.1 max_timeout_sec: 180.0
Sending keys: ['wc -l /app/predictions.csv\n'] min_timeout_sec: 0.1 max_timeout_sec: 180.0
Trajectory dumped to /var/essdata/s_chumakov/automl-journal/runs/autods-tabred/jobs/terminus-tabred-Msmall-20260829-175356/homecredit-default__eNv265u/agent/trajectory.json
Failed to retrieve model info for 'openrouter/google/gemma-4-26b-a4b-it': This model isn't mapped yet. model=openrouter/google/gemma-4-26b-a4b-it, custom_llm_provider=openrouter. Add it here - https://github.com/BerriAI/litellm/blob/main/model_prices_and_context_window.json.. Using fallback context limit: 1000000
Parser warnings: - Extra text detected before JSON object
- Extra text detected after JSON object
Sending keys: ['ls -l /app/predictions.csv\n'] min_timeout_sec: 0.1 max_timeout_sec: 180.0
Trajectory dumped to /var/essdata/s_chumakov/automl-journal/runs/autods-tabred/jobs/terminus-tabred-Msmall-20260829-175356/ecom-offers__yAJRV4H/agent/trajectory.json
Failed to retrieve model info for 'openrouter/google/gemma-4-26b-a4b-it': This model isn't mapped yet. model=openrouter/google/gemma-4-26b-a4b-it, custom_llm_provider=openrouter. Add it here - https://github.com/BerriAI/litellm/blob/main/model_prices_and_context_window.json.. Using fallback context limit: 1000000
Skipping image OS validation for hb__a68bb1b9a885efa968f3bdbbe5d805f3: docker inspect returned 1
Parser warnings: - Extra text detected before JSON object
- Extra text detected after JSON object
Sending keys: ['ls -la /app\n'] min_timeout_sec: 0.1 max_timeout_sec: 180.0
Trajectory dumped to /var/essdata/s_chumakov/automl-journal/runs/autods-tabred/jobs/terminus-tabred-Msmall-20260829-175356/homecredit-default__eNv265u/agent/trajectory.json
Failed to retrieve model info for 'openrouter/google/gemma-4-26b-a4b-it': This model isn't mapped yet. model=openrouter/google/gemma-4-26b-a4b-it, custom_llm_provider=openrouter. Add it here - https://github.com/BerriAI/litellm/blob/main/model_prices_and_context_window.json.. Using fallback context limit: 1000000
Parser warnings: - Extra text detected before JSON object
- Extra text detected after JSON object
Sending keys: ['python3 solution.py\n'] min_timeout_sec: 60.0 max_timeout_sec: 180.0
Parser warnings: - Extra text detected before JSON object
- Extra text detected after JSON object
Trajectory dumped to /var/essdata/s_chumakov/automl-journal/runs/autods-tabred/jobs/terminus-tabred-Msmall-20260829-175356/homecredit-default__eNv265u/agent/trajectory.json
Failed to retrieve model info for 'openrouter/google/gemma-4-26b-a4b-it': This model isn't mapped yet. model=openrouter/google/gemma-4-26b-a4b-it, custom_llm_provider=openrouter. Add it here - https://github.com/BerriAI/litellm/blob/main/model_prices_and_context_window.json.. Using fallback context limit: 1000000
Parser warnings: - Extra text detected before JSON object
- Extra text detected after JSON object
Trajectory dumped to /var/essdata/s_chumakov/automl-journal/runs/autods-tabred/jobs/terminus-tabred-Msmall-20260829-175356/homecredit-default__eNv265u/agent/trajectory.json
Failed to retrieve model info for 'openrouter/google/gemma-4-26b-a4b-it': This model isn't mapped yet. model=openrouter/google/gemma-4-26b-a4b-it, custom_llm_provider=openrouter. Add it here - https://github.com/BerriAI/litellm/blob/main/model_prices_and_context_window.json.. Using fallback context limit: 1000000
Installing: tmux, asciinema
Detected system: {'os': 'debian-based', 'package_manager': 'apt-get', 'update_command': None}
Installing tools using apt-get: DEBIAN_FRONTEND=noninteractive apt-get update && DEBIAN_FRONTEND=noninteractive apt-get install -y tmux asciinema
Parser warnings: - Extra text detected before JSON object
- Extra text detected after JSON object
Trajectory dumped to /var/essdata/s_chumakov/automl-journal/runs/autods-tabred/jobs/terminus-tabred-Msmall-20260829-175356/homecredit-default__eNv265u/agent/trajectory.json
Failed to retrieve model info for 'openrouter/google/gemma-4-26b-a4b-it': This model isn't mapped yet. model=openrouter/google/gemma-4-26b-a4b-it, custom_llm_provider=openrouter. Add it here - https://github.com/BerriAI/litellm/blob/main/model_prices_and_context_window.json.. Using fallback context limit: 1000000
Parser warnings: - Extra text detected before JSON object
- Extra text detected after JSON object
Trajectory dumped to /var/essdata/s_chumakov/automl-journal/runs/autods-tabred/jobs/terminus-tabred-Msmall-20260829-175356/homecredit-default__eNv265u/agent/trajectory.json
Failed to retrieve model info for 'openrouter/google/gemma-4-26b-a4b-it': This model isn't mapped yet. model=openrouter/google/gemma-4-26b-a4b-it, custom_llm_provider=openrouter. Add it here - https://github.com/BerriAI/litellm/blob/main/model_prices_and_context_window.json.. Using fallback context limit: 1000000
Trajectory dumped to /var/essdata/s_chumakov/automl-journal/runs/autods-tabred/jobs/terminus-tabred-Msmall-20260829-175356/maps-routing__xhsyiK2/agent/trajectory.json
Failed to retrieve model info for 'openrouter/google/gemma-4-26b-a4b-it': This model isn't mapped yet. model=openrouter/google/gemma-4-26b-a4b-it, custom_llm_provider=openrouter. Add it here - https://github.com/BerriAI/litellm/blob/main/model_prices_and_context_window.json.. Using fallback context limit: 1000000
Parser warnings: - Extra text detected before JSON object
- Extra text detected after JSON object
Trajectory dumped to /var/essdata/s_chumakov/automl-journal/runs/autods-tabred/jobs/terminus-tabred-Msmall-20260829-175356/homecredit-default__eNv265u/agent/trajectory.json
Failed to retrieve model info for 'openrouter/google/gemma-4-26b-a4b-it': This model isn't mapped yet. model=openrouter/google/gemma-4-26b-a4b-it, custom_llm_provider=openrouter. Add it here - https://github.com/BerriAI/litellm/blob/main/model_prices_and_context_window.json.. Using fallback context limit: 1000000
Sending keys: [''] min_timeout_sec: 60.0 max_timeout_sec: 180.0
Parser warnings: - Extra text detected before JSON object
- Extra text detected after JSON object
Trajectory dumped to /var/essdata/s_chumakov/automl-journal/runs/autods-tabred/jobs/terminus-tabred-Msmall-20260829-175356/homecredit-default__eNv265u/agent/trajectory.json
Failed to retrieve model info for 'openrouter/google/gemma-4-26b-a4b-it': This model isn't mapped yet. model=openrouter/google/gemma-4-26b-a4b-it, custom_llm_provider=openrouter. Add it here - https://github.com/BerriAI/litellm/blob/main/model_prices_and_context_window.json.. Using fallback context limit: 1000000
Starting recording.
Sending keys: ['asciinema rec --stdin /logs/agent/recording.cast', 'Enter'] min_timeout_sec: 1.0 max_timeout_sec: 180.0
Sending keys: ['clear', 'Enter'] min_timeout_sec: 0.0 max_timeout_sec: 180.0
Failed to retrieve model info for 'openrouter/google/gemma-4-26b-a4b-it': This model isn't mapped yet. model=openrouter/google/gemma-4-26b-a4b-it, custom_llm_provider=openrouter. Add it here - https://github.com/BerriAI/litellm/blob/main/model_prices_and_context_window.json.. Using fallback context limit: 1000000
Parser warnings: - Extra text detected before JSON object
- Extra text detected after JSON object
Trajectory dumped to /var/essdata/s_chumakov/automl-journal/runs/autods-tabred/jobs/terminus-tabred-Msmall-20260829-175356/homecredit-default__eNv265u/agent/trajectory.json
Failed to retrieve model info for 'openrouter/google/gemma-4-26b-a4b-it': This model isn't mapped yet. model=openrouter/google/gemma-4-26b-a4b-it, custom_llm_provider=openrouter. Add it here - https://github.com/BerriAI/litellm/blob/main/model_prices_and_context_window.json.. Using fallback context limit: 1000000
Parser warnings: - Extra text detected before JSON object
- Extra text detected after JSON object
Trajectory dumped to /var/essdata/s_chumakov/automl-journal/runs/autods-tabred/jobs/terminus-tabred-Msmall-20260829-175356/homecredit-default__eNv265u/agent/trajectory.json
Failed to retrieve model info for 'openrouter/google/gemma-4-26b-a4b-it': This model isn't mapped yet. model=openrouter/google/gemma-4-26b-a4b-it, custom_llm_provider=openrouter. Add it here - https://github.com/BerriAI/litellm/blob/main/model_prices_and_context_window.json.. Using fallback context limit: 1000000
Parser warnings: - Extra text detected before JSON object
- Extra text detected after JSON object
Sending keys: ['ls -la /app/data\n'] min_timeout_sec: 0.1 max_timeout_sec: 180.0
Sending keys: ['cat /app/data/schema.json\n'] min_timeout_sec: 0.1 max_timeout_sec: 180.0
Trajectory dumped to /var/essdata/s_chumakov/automl-journal/runs/autods-tabred/jobs/terminus-tabred-Msmall-20260829-175356/delivery-eta__f9B9NpN/agent/trajectory.json
Failed to retrieve model info for 'openrouter/google/gemma-4-26b-a4b-it': This model isn't mapped yet. model=openrouter/google/gemma-4-26b-a4b-it, custom_llm_provider=openrouter. Add it here - https://github.com/BerriAI/litellm/blob/main/model_prices_and_context_window.json.. Using fallback context limit: 1000000
Parser warnings: - Extra text detected before JSON object
- Extra text detected after JSON object
Trajectory dumped to /var/essdata/s_chumakov/automl-journal/runs/autods-tabred/jobs/terminus-tabred-Msmall-20260829-175356/homecredit-default__eNv265u/agent/trajectory.json
Failed to retrieve model info for 'openrouter/google/gemma-4-26b-a4b-it': This model isn't mapped yet. model=openrouter/google/gemma-4-26b-a4b-it, custom_llm_provider=openrouter. Add it here - https://github.com/BerriAI/litellm/blob/main/model_prices_and_context_window.json.. Using fallback context limit: 1000000
Parser warnings: - Extra text detected before JSON object
- Extra text detected after JSON object
Trajectory dumped to /var/essdata/s_chumakov/automl-journal/runs/autods-tabred/jobs/terminus-tabred-Msmall-20260829-175356/homecredit-default__eNv265u/agent/trajectory.json
Failed to retrieve model info for 'openrouter/google/gemma-4-26b-a4b-it': This model isn't mapped yet. model=openrouter/google/gemma-4-26b-a4b-it, custom_llm_provider=openrouter. Add it here - https://github.com/BerriAI/litellm/blob/main/model_prices_and_context_window.json.. Using fallback context limit: 1000000
Parser warnings: - Extra text detected before JSON object
- Extra text detected after JSON object
Trajectory dumped to /var/essdata/s_chumakov/automl-journal/runs/autods-tabred/jobs/terminus-tabred-Msmall-20260829-175356/homecredit-default__eNv265u/agent/trajectory.json
Failed to retrieve model info for 'openrouter/google/gemma-4-26b-a4b-it': This model isn't mapped yet. model=openrouter/google/gemma-4-26b-a4b-it, custom_llm_provider=openrouter. Add it here - https://github.com/BerriAI/litellm/blob/main/model_prices_and_context_window.json.. Using fallback context limit: 1000000
Parser warnings: - Extra text detected before JSON object
- Extra text detected after JSON object
Trajectory dumped to /var/essdata/s_chumakov/automl-journal/runs/autods-tabred/jobs/terminus-tabred-Msmall-20260829-175356/homecredit-default__eNv265u/agent/trajectory.json
Failed to retrieve model info for 'openrouter/google/gemma-4-26b-a4b-it': This model isn't mapped yet. model=openrouter/google/gemma-4-26b-a4b-it, custom_llm_provider=openrouter. Add it here - https://github.com/BerriAI/litellm/blob/main/model_prices_and_context_window.json.. Using fallback context limit: 1000000
Parser warnings: - Extra text detected before JSON object
- Extra text detected after JSON object
Trajectory dumped to /var/essdata/s_chumakov/automl-journal/runs/autods-tabred/jobs/terminus-tabred-Msmall-20260829-175356/homecredit-default__eNv265u/agent/trajectory.json
Failed to retrieve model info for 'openrouter/google/gemma-4-26b-a4b-it': This model isn't mapped yet. model=openrouter/google/gemma-4-26b-a4b-it, custom_llm_provider=openrouter. Add it here - https://github.com/BerriAI/litellm/blob/main/model_prices_and_context_window.json.. Using fallback context limit: 1000000
Parser warnings: - Extra text detected before JSON object
- Extra text detected after JSON object
Sending keys: ['cat << \'EOF\' > solution.py\nimport pandas as pd\nimport lightgbm as lgb\nimport numpy as np\n\ndef main():\n    train_path = \'/app/data/train.csv\'\n    val_path = \'/app/data/val.csv\'\n    test_path = \'/app/data/test.csv\'\n    output_path = \'/app/predictions.csv\'\n\n    print("Loading data...")\n    train = pd.read_csv(train_path)\n    val = pd.read_csv(val_path)\n    test = pd.read_csv(test_path)\n\n    target_col = \'target\'\n    X_train = train.drop(columns=[target_col])\n    y_train = train[target_col]\n    X_val = val.drop(columns=[target_col])\n    y_val = val[target_col]\n    X_test = test\n\n    # Identify categorical columns\n    # Based on schema, cat_0 is categorical\n    cat_features = [col for col in X_train.columns if col.startswith(\'cat_\')]\n    for col in cat_features:\n        X_train[col] = X_train[col].astype(\'category\')\n        X_val[col] = X_val[col].astype(\'category\')\n        X_test[col] = X_test[col].astype(\'category\')\n\n    print("Training model...")\n    params = {\n        \'objective\': \'regression\',\n        \'metric\': \'rmse\',\n        \'verbosity\': -1,\n        \'boosting_type\': \'gbdt\',\n        \'random_state\': 42,\n        \'learning_rate\': 0.05,\n        \'num_leaves\': 31,\n        \'feature_fraction\': 0.8,\n        \'bagging_fraction\': 0.8,\n        \'bagging_freq\': 5,\n    }\n\n    train_data = lgb.Dataset(X_train, label=y_train, categorical_feature=cat_features)\n    val_data = lgb.Dataset(X_val, label=y_val, reference=train_data, categorical_feature=cat_features)\n\n    model = lgb.train(\n        params,\n        train_data,\n        valid_sets=[train_data, val_data],\n        valid_names=[\'train\', \'valid\'],\n        num_boost_round=1000,\n        callbacks=[lgb.early_stopping(stopping_rounds=50)]\n    )\n\n    print("Predicting...")\n    preds = model.predict(X_test)\n\n    # Ensure finite numbers\n    preds = np.nan_to_num(preds, nan=np.nanmean(y_train))\n\n    print(f"Saving predictions to {output_path}...")\n    output_df = pd.DataFrame({\'target\': preds})\n    output_df.to_csv(output_path, index=False)\n    print("Done!")\n\nif __name__ == \'__main__\':\n    main()\nEOF\n'] min_timeout_sec: 0.1 max_timeout_sec: 180.0
Sending keys: ['python3 solution.py\n'] min_timeout_sec: 10.0 max_timeout_sec: 180.0
Parser warnings: - Extra text detected before JSON object
- Extra text detected after JSON object
Trajectory dumped to /var/essdata/s_chumakov/automl-journal/runs/autods-tabred/jobs/terminus-tabred-Msmall-20260829-175356/homecredit-default__eNv265u/agent/trajectory.json
Failed to retrieve model info for 'openrouter/google/gemma-4-26b-a4b-it': This model isn't mapped yet. model=openrouter/google/gemma-4-26b-a4b-it, custom_llm_provider=openrouter. Add it here - https://github.com/BerriAI/litellm/blob/main/model_prices_and_context_window.json.. Using fallback context limit: 1000000
Parser warnings: - Extra text detected before JSON object
- Extra text detected after JSON object
Trajectory dumped to /var/essdata/s_chumakov/automl-journal/runs/autods-tabred/jobs/terminus-tabred-Msmall-20260829-175356/homecredit-default__eNv265u/agent/trajectory.json
Failed to retrieve model info for 'openrouter/google/gemma-4-26b-a4b-it': This model isn't mapped yet. model=openrouter/google/gemma-4-26b-a4b-it, custom_llm_provider=openrouter. Add it here - https://github.com/BerriAI/litellm/blob/main/model_prices_and_context_window.json.. Using fallback context limit: 1000000
Parser warnings: - Extra text detected before JSON object
- Extra text detected after JSON object
Trajectory dumped to /var/essdata/s_chumakov/automl-journal/runs/autods-tabred/jobs/terminus-tabred-Msmall-20260829-175356/homecredit-default__eNv265u/agent/trajectory.json
Failed to retrieve model info for 'openrouter/google/gemma-4-26b-a4b-it': This model isn't mapped yet. model=openrouter/google/gemma-4-26b-a4b-it, custom_llm_provider=openrouter. Add it here - https://github.com/BerriAI/litellm/blob/main/model_prices_and_context_window.json.. Using fallback context limit: 1000000
Parser warnings: - Extra text detected before JSON object
- Extra text detected after JSON object
Trajectory dumped to /var/essdata/s_chumakov/automl-journal/runs/autods-tabred/jobs/terminus-tabred-Msmall-20260829-175356/homecredit-default__eNv265u/agent/trajectory.json
Failed to retrieve model info for 'openrouter/google/gemma-4-26b-a4b-it': This model isn't mapped yet. model=openrouter/google/gemma-4-26b-a4b-it, custom_llm_provider=openrouter. Add it here - https://github.com/BerriAI/litellm/blob/main/model_prices_and_context_window.json.. Using fallback context limit: 1000000
Trajectory dumped to /var/essdata/s_chumakov/automl-journal/runs/autods-tabred/jobs/terminus-tabred-Msmall-20260829-175356/delivery-eta__f9B9NpN/agent/trajectory.json
Failed to retrieve model info for 'openrouter/google/gemma-4-26b-a4b-it': This model isn't mapped yet. model=openrouter/google/gemma-4-26b-a4b-it, custom_llm_provider=openrouter. Add it here - https://github.com/BerriAI/litellm/blob/main/model_prices_and_context_window.json.. Using fallback context limit: 1000000
Parser warnings: - Extra text detected before JSON object
- Extra text detected after JSON object
Trajectory dumped to /var/essdata/s_chumakov/automl-journal/runs/autods-tabred/jobs/terminus-tabred-Msmall-20260829-175356/homecredit-default__eNv265u/agent/trajectory.json
Failed to retrieve model info for 'openrouter/google/gemma-4-26b-a4b-it': This model isn't mapped yet. model=openrouter/google/gemma-4-26b-a4b-it, custom_llm_provider=openrouter. Add it here - https://github.com/BerriAI/litellm/blob/main/model_prices_and_context_window.json.. Using fallback context limit: 1000000
Parser warnings: - Extra text detected before JSON object
- Extra text detected after JSON object
Trajectory dumped to /var/essdata/s_chumakov/automl-journal/runs/autods-tabred/jobs/terminus-tabred-Msmall-20260829-175356/homecredit-default__eNv265u/agent/trajectory.json
Failed to retrieve model info for 'openrouter/google/gemma-4-26b-a4b-it': This model isn't mapped yet. model=openrouter/google/gemma-4-26b-a4b-it, custom_llm_provider=openrouter. Add it here - https://github.com/BerriAI/litellm/blob/main/model_prices_and_context_window.json.. Using fallback context limit: 1000000
Parser warnings: - Extra text detected before JSON object
- Extra text detected after JSON object
Sending keys: [''] min_timeout_sec: 30.0 max_timeout_sec: 180.0
Parser warnings: - Extra text detected before JSON object
- Extra text detected after JSON object
Trajectory dumped to /var/essdata/s_chumakov/automl-journal/runs/autods-tabred/jobs/terminus-tabred-Msmall-20260829-175356/homecredit-default__eNv265u/agent/trajectory.json
Failed to retrieve model info for 'openrouter/google/gemma-4-26b-a4b-it': This model isn't mapped yet. model=openrouter/google/gemma-4-26b-a4b-it, custom_llm_provider=openrouter. Add it here - https://github.com/BerriAI/litellm/blob/main/model_prices_and_context_window.json.. Using fallback context limit: 1000000
Parser warnings: - Extra text detected before JSON object
- Extra text detected after JSON object
Trajectory dumped to /var/essdata/s_chumakov/automl-journal/runs/autods-tabred/jobs/terminus-tabred-Msmall-20260829-175356/homecredit-default__eNv265u/agent/trajectory.json
Failed to retrieve model info for 'openrouter/google/gemma-4-26b-a4b-it': This model isn't mapped yet. model=openrouter/google/gemma-4-26b-a4b-it, custom_llm_provider=openrouter. Add it here - https://github.com/BerriAI/litellm/blob/main/model_prices_and_context_window.json.. Using fallback context limit: 1000000
Parser warnings: - Extra text detected before JSON object
- Extra text detected after JSON object
Trajectory dumped to /var/essdata/s_chumakov/automl-journal/runs/autods-tabred/jobs/terminus-tabred-Msmall-20260829-175356/homecredit-default__eNv265u/agent/trajectory.json
Failed to retrieve model info for 'openrouter/google/gemma-4-26b-a4b-it': This model isn't mapped yet. model=openrouter/google/gemma-4-26b-a4b-it, custom_llm_provider=openrouter. Add it here - https://github.com/BerriAI/litellm/blob/main/model_prices_and_context_window.json.. Using fallback context limit: 1000000
Parser warnings: - Extra text detected before JSON object
- Extra text detected after JSON object
Trajectory dumped to /var/essdata/s_chumakov/automl-journal/runs/autods-tabred/jobs/terminus-tabred-Msmall-20260829-175356/homecredit-default__eNv265u/agent/trajectory.json
Failed to retrieve model info for 'openrouter/google/gemma-4-26b-a4b-it': This model isn't mapped yet. model=openrouter/google/gemma-4-26b-a4b-it, custom_llm_provider=openrouter. Add it here - https://github.com/BerriAI/litellm/blob/main/model_prices_and_context_window.json.. Using fallback context limit: 1000000
Parser warnings: - Extra text detected before JSON object
- Extra text detected after JSON object
Trajectory dumped to /var/essdata/s_chumakov/automl-journal/runs/autods-tabred/jobs/terminus-tabred-Msmall-20260829-175356/homecredit-default__eNv265u/agent/trajectory.json
Failed to retrieve model info for 'openrouter/google/gemma-4-26b-a4b-it': This model isn't mapped yet. model=openrouter/google/gemma-4-26b-a4b-it, custom_llm_provider=openrouter. Add it here - https://github.com/BerriAI/litellm/blob/main/model_prices_and_context_window.json.. Using fallback context limit: 1000000
Parser warnings: - Extra text detected before JSON object
- Extra text detected after JSON object
Trajectory dumped to /var/essdata/s_chumakov/automl-journal/runs/autods-tabred/jobs/terminus-tabred-Msmall-20260829-175356/homecredit-default__eNv265u/agent/trajectory.json
Failed to retrieve model info for 'openrouter/google/gemma-4-26b-a4b-it': This model isn't mapped yet. model=openrouter/google/gemma-4-26b-a4b-it, custom_llm_provider=openrouter. Add it here - https://github.com/BerriAI/litellm/blob/main/model_prices_and_context_window.json.. Using fallback context limit: 1000000
Parser warnings: - Extra text detected before JSON object
- Extra text detected after JSON object
Trajectory dumped to /var/essdata/s_chumakov/automl-journal/runs/autods-tabred/jobs/terminus-tabred-Msmall-20260829-175356/homecredit-default__eNv265u/agent/trajectory.json
Failed to retrieve model info for 'openrouter/google/gemma-4-26b-a4b-it': This model isn't mapped yet. model=openrouter/google/gemma-4-26b-a4b-it, custom_llm_provider=openrouter. Add it here - https://github.com/BerriAI/litellm/blob/main/model_prices_and_context_window.json.. Using fallback context limit: 1000000
Trajectory dumped to /var/essdata/s_chumakov/automl-journal/runs/autods-tabred/jobs/terminus-tabred-Msmall-20260829-175356/ecom-offers__yAJRV4H/agent/trajectory.json
Failed to retrieve model info for 'openrouter/google/gemma-4-26b-a4b-it': This model isn't mapped yet. model=openrouter/google/gemma-4-26b-a4b-it, custom_llm_provider=openrouter. Add it here - https://github.com/BerriAI/litellm/blob/main/model_prices_and_context_window.json.. Using fallback context limit: 1000000
Parser warnings: - Extra text detected before JSON object
- Extra text detected after JSON object
Trajectory dumped to /var/essdata/s_chumakov/automl-journal/runs/autods-tabred/jobs/terminus-tabred-Msmall-20260829-175356/homecredit-default__eNv265u/agent/trajectory.json
Failed to retrieve model info for 'openrouter/google/gemma-4-26b-a4b-it': This model isn't mapped yet. model=openrouter/google/gemma-4-26b-a4b-it, custom_llm_provider=openrouter. Add it here - https://github.com/BerriAI/litellm/blob/main/model_prices_and_context_window.json.. Using fallback context limit: 1000000
Parser warnings: - Extra text detected before JSON object
- Extra text detected after JSON object
Sending keys: ['ls -l /app/predictions.csv\n'] min_timeout_sec: 0.1 max_timeout_sec: 180.0
Sending keys: ['head -n 5 /app/predictions.csv\n'] min_timeout_sec: 0.1 max_timeout_sec: 180.0
Parser warnings: - Extra text detected before JSON object
- Extra text detected after JSON object
Trajectory dumped to /var/essdata/s_chumakov/automl-journal/runs/autods-tabred/jobs/terminus-tabred-Msmall-20260829-175356/ecom-offers__yAJRV4H/agent/trajectory.json
Trajectory dumped to /var/essdata/s_chumakov/automl-journal/runs/autods-tabred/jobs/terminus-tabred-Msmall-20260829-175356/homecredit-default__eNv265u/agent/trajectory.json
Failed to retrieve model info for 'openrouter/google/gemma-4-26b-a4b-it': This model isn't mapped yet. model=openrouter/google/gemma-4-26b-a4b-it, custom_llm_provider=openrouter. Add it here - https://github.com/BerriAI/litellm/blob/main/model_prices_and_context_window.json.. Using fallback context limit: 1000000
Failed to retrieve model info for 'openrouter/google/gemma-4-26b-a4b-it': This model isn't mapped yet. model=openrouter/google/gemma-4-26b-a4b-it, custom_llm_provider=openrouter. Add it here - https://github.com/BerriAI/litellm/blob/main/model_prices_and_context_window.json.. Using fallback context limit: 1000000
Parser warnings: - Extra text detected before JSON object
- Extra text detected after JSON object
Trajectory dumped to /var/essdata/s_chumakov/automl-journal/runs/autods-tabred/jobs/terminus-tabred-Msmall-20260829-175356/homecredit-default__eNv265u/agent/trajectory.json
Failed to retrieve model info for 'openrouter/google/gemma-4-26b-a4b-it': This model isn't mapped yet. model=openrouter/google/gemma-4-26b-a4b-it, custom_llm_provider=openrouter. Add it here - https://github.com/BerriAI/litellm/blob/main/model_prices_and_context_window.json.. Using fallback context limit: 1000000
Parser warnings: - Extra text detected before JSON object
- Extra text detected after JSON object
Sending keys: ['ls -la /app/predictions.csv\n'] min_timeout_sec: 0.1 max_timeout_sec: 180.0
Sending keys: ['head -n 10 /app/predictions.csv\n'] min_timeout_sec: 0.1 max_timeout_sec: 180.0
Trajectory dumped to /var/essdata/s_chumakov/automl-journal/runs/autods-tabred/jobs/terminus-tabred-Msmall-20260829-175356/ecom-offers__yAJRV4H/agent/trajectory.json
Failed to retrieve model info for 'openrouter/google/gemma-4-26b-a4b-it': This model isn't mapped yet. model=openrouter/google/gemma-4-26b-a4b-it, custom_llm_provider=openrouter. Add it here - https://github.com/BerriAI/litellm/blob/main/model_prices_and_context_window.json.. Using fallback context limit: 1000000
Parser warnings: - Extra text detected before JSON object
- Extra text detected after JSON object
Trajectory dumped to /var/essdata/s_chumakov/automl-journal/runs/autods-tabred/jobs/terminus-tabred-Msmall-20260829-175356/homecredit-default__eNv265u/agent/trajectory.json
Failed to retrieve model info for 'openrouter/google/gemma-4-26b-a4b-it': This model isn't mapped yet. model=openrouter/google/gemma-4-26b-a4b-it, custom_llm_provider=openrouter. Add it here - https://github.com/BerriAI/litellm/blob/main/model_prices_and_context_window.json.. Using fallback context limit: 1000000
Parser warnings: - Extra text detected before JSON object
- Extra text detected after JSON object
Trajectory dumped to /var/essdata/s_chumakov/automl-journal/runs/autods-tabred/jobs/terminus-tabred-Msmall-20260829-175356/homecredit-default__eNv265u/agent/trajectory.json
Failed to retrieve model info for 'openrouter/google/gemma-4-26b-a4b-it': This model isn't mapped yet. model=openrouter/google/gemma-4-26b-a4b-it, custom_llm_provider=openrouter. Add it here - https://github.com/BerriAI/litellm/blob/main/model_prices_and_context_window.json.. Using fallback context limit: 1000000
Parser warnings: - Extra text detected before JSON object
- Extra text detected after JSON object
Sending keys: ['ls /app\n'] min_timeout_sec: 0.1 max_timeout_sec: 180.0
Sending keys: ['head -n 5 /app/predictions.csv\n'] min_timeout_sec: 0.1 max_timeout_sec: 180.0
Trajectory dumped to /var/essdata/s_chumakov/automl-journal/runs/autods-tabred/jobs/terminus-tabred-Msmall-20260829-175356/ecom-offers__yAJRV4H/agent/trajectory.json
Failed to retrieve model info for 'openrouter/google/gemma-4-26b-a4b-it': This model isn't mapped yet. model=openrouter/google/gemma-4-26b-a4b-it, custom_llm_provider=openrouter. Add it here - https://github.com/BerriAI/litellm/blob/main/model_prices_and_context_window.json.. Using fallback context limit: 1000000
Parser warnings: - Extra text detected before JSON object
- Extra text detected after JSON object
Trajectory dumped to /var/essdata/s_chumakov/automl-journal/runs/autods-tabred/jobs/terminus-tabred-Msmall-20260829-175356/homecredit-default__eNv265u/agent/trajectory.json
Failed to retrieve model info for 'openrouter/google/gemma-4-26b-a4b-it': This model isn't mapped yet. model=openrouter/google/gemma-4-26b-a4b-it, custom_llm_provider=openrouter. Add it here - https://github.com/BerriAI/litellm/blob/main/model_prices_and_context_window.json.. Using fallback context limit: 1000000
Trajectory dumped to /var/essdata/s_chumakov/automl-journal/runs/autods-tabred/jobs/terminus-tabred-Msmall-20260829-175356/maps-routing__xhsyiK2/agent/trajectory.json
Parser warnings: - Extra text detected before JSON object
- Extra text detected after JSON object
Failed to retrieve model info for 'openrouter/google/gemma-4-26b-a4b-it': This model isn't mapped yet. model=openrouter/google/gemma-4-26b-a4b-it, custom_llm_provider=openrouter. Add it here - https://github.com/BerriAI/litellm/blob/main/model_prices_and_context_window.json.. Using fallback context limit: 1000000
Trajectory dumped to /var/essdata/s_chumakov/automl-journal/runs/autods-tabred/jobs/terminus-tabred-Msmall-20260829-175356/homecredit-default__eNv265u/agent/trajectory.json
Failed to retrieve model info for 'openrouter/google/gemma-4-26b-a4b-it': This model isn't mapped yet. model=openrouter/google/gemma-4-26b-a4b-it, custom_llm_provider=openrouter. Add it here - https://github.com/BerriAI/litellm/blob/main/model_prices_and_context_window.json.. Using fallback context limit: 1000000
Trajectory dumped to /var/essdata/s_chumakov/automl-journal/runs/autods-tabred/jobs/terminus-tabred-Msmall-20260829-175356/delivery-eta__f9B9NpN/agent/trajectory.json
Failed to retrieve model info for 'openrouter/google/gemma-4-26b-a4b-it': This model isn't mapped yet. model=openrouter/google/gemma-4-26b-a4b-it, custom_llm_provider=openrouter. Add it here - https://github.com/BerriAI/litellm/blob/main/model_prices_and_context_window.json.. Using fallback context limit: 1000000
Sending keys: [''] min_timeout_sec: 60.0 max_timeout_sec: 180.0
Parser warnings: - Extra text detected before JSON object
- Extra text detected after JSON object
Trajectory dumped to /var/essdata/s_chumakov/automl-journal/runs/autods-tabred/jobs/terminus-tabred-Msmall-20260829-175356/homecredit-default__eNv265u/agent/trajectory.json
Failed to retrieve model info for 'openrouter/google/gemma-4-26b-a4b-it': This model isn't mapped yet. model=openrouter/google/gemma-4-26b-a4b-it, custom_llm_provider=openrouter. Add it here - https://github.com/BerriAI/litellm/blob/main/model_prices_and_context_window.json.. Using fallback context limit: 1000000
Parser warnings: - Extra text detected before JSON object
- Extra text detected after JSON object
Sending keys: [''] min_timeout_sec: 60.0 max_timeout_sec: 180.0
Parser warnings: - Extra text detected before JSON object
- Extra text detected after JSON object
Trajectory dumped to /var/essdata/s_chumakov/automl-journal/runs/autods-tabred/jobs/terminus-tabred-Msmall-20260829-175356/homecredit-default__eNv265u/agent/trajectory.json
Failed to retrieve model info for 'openrouter/google/gemma-4-26b-a4b-it': This model isn't mapped yet. model=openrouter/google/gemma-4-26b-a4b-it, custom_llm_provider=openrouter. Add it here - https://github.com/BerriAI/litellm/blob/main/model_prices_and_context_window.json.. Using fallback context limit: 1000000
Parser warnings: - Extra text detected before JSON object
- Extra text detected after JSON object
Sending keys: ['cat << \'EOF\' > solution_v2.py\nimport pandas as pd\nimport lightgbm as lgb\nfrom sklearn.metrics import roc_auc_score\nimport numpy as np\nimport sys\n\ndef solve():\n    try:\n        data_path = \'/app/data\'\n        print("Loading data...")\n        train = pd.read_csv(f\'{data_path}/train.csv\')\n        val = pd.read_csv(f\'{data_path}/val.csv\')\n        test = pd.read_csv(f\'{data_path}/test.csv\')\n\n        X_train = train.drop(columns=[\'target\'])\n        y_train = train[\'target\']\n        X_val = val.drop(columns=[\'target\'])\n        y_val = val[\'target\']\n        X_test = test\n\n        print(f"Train shape: {X_train.shape}")\n\n        params = {\n            \'objective\': \'binary\',\n            \'metric\': \'auc\',\n            \'verbosity\': -1,\n            \'boosting_type\': \'gbdt\',\n            \'random_state\': 42,\n            \'learning_rate\': 0.05,\n            \'num_leaves\': 31,\n        }\n\n        train_data = lgb.Dataset(X_train, label=y_train)\n        val_data = lgb.Dataset(X_val, label=y_val, reference=train_data)\n\n        gbm = lgb.train(\n            params,\n            train_data,\n            valid_sets=[train_data, val_data],\n            valid_names=[\'train\', \'valid\'],\n            num_boost_round=500,\n            callbacks=[lgb.early_stopping(stopping_rounds=20)]\n        )\n\n        print("Predicting...")\n        test_preds = gbm.predict(X_test)\n\n        output = pd.DataFrame({\'target\': test_preds})\n        output.to_csv(\'/app/predictions.csv\', index=False)\n        print("Success! File saved.")\n    except Exception as e:\n        print(f"ERROR: {e}")\n        sys.exit(1)\n\nif __name__ == \'__main__\':\n    solve()\nEOF\n'] min_timeout_sec: 0.1 max_timeout_sec: 180.0
Sending keys: ['python3 solution_v2.py\n'] min_timeout_sec: 60.0 max_timeout_sec: 180.0
Parser warnings: - Extra text detected before JSON object
- Extra text detected after JSON object
Trajectory dumped to /var/essdata/s_chumakov/automl-journal/runs/autods-tabred/jobs/terminus-tabred-Msmall-20260829-175356/homecredit-default__eNv265u/agent/trajectory.json
Failed to retrieve model info for 'openrouter/google/gemma-4-26b-a4b-it': This model isn't mapped yet. model=openrouter/google/gemma-4-26b-a4b-it, custom_llm_provider=openrouter. Add it here - https://github.com/BerriAI/litellm/blob/main/model_prices_and_context_window.json.. Using fallback context limit: 1000000
Parser warnings: - Extra text detected before JSON object
- Extra text detected after JSON object
Trajectory dumped to /var/essdata/s_chumakov/automl-journal/runs/autods-tabred/jobs/terminus-tabred-Msmall-20260829-175356/homecredit-default__eNv265u/agent/trajectory.json
Failed to retrieve model info for 'openrouter/google/gemma-4-26b-a4b-it': This model isn't mapped yet. model=openrouter/google/gemma-4-26b-a4b-it, custom_llm_provider=openrouter. Add it here - https://github.com/BerriAI/litellm/blob/main/model_prices_and_context_window.json.. Using fallback context limit: 1000000
Parser warnings: - Extra text detected before JSON object
- Extra text detected after JSON object
Trajectory dumped to /var/essdata/s_chumakov/automl-journal/runs/autods-tabred/jobs/terminus-tabred-Msmall-20260829-175356/homecredit-default__eNv265u/agent/trajectory.json
Failed to retrieve model info for 'openrouter/google/gemma-4-26b-a4b-it': This model isn't mapped yet. model=openrouter/google/gemma-4-26b-a4b-it, custom_llm_provider=openrouter. Add it here - https://github.com/BerriAI/litellm/blob/main/model_prices_and_context_window.json.. Using fallback context limit: 1000000
Parser warnings: - Extra text detected before JSON object
- Extra text detected after JSON object
Trajectory dumped to /var/essdata/s_chumakov/automl-journal/runs/autods-tabred/jobs/terminus-tabred-Msmall-20260829-175356/homecredit-default__eNv265u/agent/trajectory.json
Failed to retrieve model info for 'openrouter/google/gemma-4-26b-a4b-it': This model isn't mapped yet. model=openrouter/google/gemma-4-26b-a4b-it, custom_llm_provider=openrouter. Add it here - https://github.com/BerriAI/litellm/blob/main/model_prices_and_context_window.json.. Using fallback context limit: 1000000
Parser warnings: - Extra text detected before JSON object
- Extra text detected after JSON object
Trajectory dumped to /var/essdata/s_chumakov/automl-journal/runs/autods-tabred/jobs/terminus-tabred-Msmall-20260829-175356/homecredit-default__eNv265u/agent/trajectory.json
Failed to retrieve model info for 'openrouter/google/gemma-4-26b-a4b-it': This model isn't mapped yet. model=openrouter/google/gemma-4-26b-a4b-it, custom_llm_provider=openrouter. Add it here - https://github.com/BerriAI/litellm/blob/main/model_prices_and_context_window.json.. Using fallback context limit: 1000000
Parser warnings: - Extra text detected before JSON object
- Extra text detected after JSON object
Trajectory dumped to /var/essdata/s_chumakov/automl-journal/runs/autods-tabred/jobs/terminus-tabred-Msmall-20260829-175356/homecredit-default__eNv265u/agent/trajectory.json
Failed to retrieve model info for 'openrouter/google/gemma-4-26b-a4b-it': This model isn't mapped yet. model=openrouter/google/gemma-4-26b-a4b-it, custom_llm_provider=openrouter. Add it here - https://github.com/BerriAI/litellm/blob/main/model_prices_and_context_window.json.. Using fallback context limit: 1000000
Parser warnings: - Extra text detected before JSON object
- Extra text detected after JSON object
Trajectory dumped to /var/essdata/s_chumakov/automl-journal/runs/autods-tabred/jobs/terminus-tabred-Msmall-20260829-175356/homecredit-default__eNv265u/agent/trajectory.json
Failed to retrieve model info for 'openrouter/google/gemma-4-26b-a4b-it': This model isn't mapped yet. model=openrouter/google/gemma-4-26b-a4b-it, custom_llm_provider=openrouter. Add it here - https://github.com/BerriAI/litellm/blob/main/model_prices_and_context_window.json.. Using fallback context limit: 1000000
Parser warnings: - Extra text detected before JSON object
- Extra text detected after JSON object
Trajectory dumped to /var/essdata/s_chumakov/automl-journal/runs/autods-tabred/jobs/terminus-tabred-Msmall-20260829-175356/homecredit-default__eNv265u/agent/trajectory.json
Failed to retrieve model info for 'openrouter/google/gemma-4-26b-a4b-it': This model isn't mapped yet. model=openrouter/google/gemma-4-26b-a4b-it, custom_llm_provider=openrouter. Add it here - https://github.com/BerriAI/litellm/blob/main/model_prices_and_context_window.json.. Using fallback context limit: 1000000
Parser warnings: - Extra text detected before JSON object
- Extra text detected after JSON object
Trajectory dumped to /var/essdata/s_chumakov/automl-journal/runs/autods-tabred/jobs/terminus-tabred-Msmall-20260829-175356/homecredit-default__eNv265u/agent/trajectory.json
Failed to retrieve model info for 'openrouter/google/gemma-4-26b-a4b-it': This model isn't mapped yet. model=openrouter/google/gemma-4-26b-a4b-it, custom_llm_provider=openrouter. Add it here - https://github.com/BerriAI/litellm/blob/main/model_prices_and_context_window.json.. Using fallback context limit: 1000000
Parser warnings: - Extra text detected before JSON object
- Extra text detected after JSON object
Trajectory dumped to /var/essdata/s_chumakov/automl-journal/runs/autods-tabred/jobs/terminus-tabred-Msmall-20260829-175356/homecredit-default__eNv265u/agent/trajectory.json
Failed to retrieve model info for 'openrouter/google/gemma-4-26b-a4b-it': This model isn't mapped yet. model=openrouter/google/gemma-4-26b-a4b-it, custom_llm_provider=openrouter. Add it here - https://github.com/BerriAI/litellm/blob/main/model_prices_and_context_window.json.. Using fallback context limit: 1000000
Parser warnings: - Extra text detected before JSON object
- Extra text detected after JSON object
Trajectory dumped to /var/essdata/s_chumakov/automl-journal/runs/autods-tabred/jobs/terminus-tabred-Msmall-20260829-175356/homecredit-default__eNv265u/agent/trajectory.json
Failed to retrieve model info for 'openrouter/google/gemma-4-26b-a4b-it': This model isn't mapped yet. model=openrouter/google/gemma-4-26b-a4b-it, custom_llm_provider=openrouter. Add it here - https://github.com/BerriAI/litellm/blob/main/model_prices_and_context_window.json.. Using fallback context limit: 1000000
Parser warnings: - Extra text detected before JSON object
- Extra text detected after JSON object
Trajectory dumped to /var/essdata/s_chumakov/automl-journal/runs/autods-tabred/jobs/terminus-tabred-Msmall-20260829-175356/homecredit-default__eNv265u/agent/trajectory.json
Failed to retrieve model info for 'openrouter/google/gemma-4-26b-a4b-it': This model isn't mapped yet. model=openrouter/google/gemma-4-26b-a4b-it, custom_llm_provider=openrouter. Add it here - https://github.com/BerriAI/litellm/blob/main/model_prices_and_context_window.json.. Using fallback context limit: 1000000
Parser warnings: - Extra text detected before JSON object
- Extra text detected after JSON object
Trajectory dumped to /var/essdata/s_chumakov/automl-journal/runs/autods-tabred/jobs/terminus-tabred-Msmall-20260829-175356/homecredit-default__eNv265u/agent/trajectory.json
Failed to retrieve model info for 'openrouter/google/gemma-4-26b-a4b-it': This model isn't mapped yet. model=openrouter/google/gemma-4-26b-a4b-it, custom_llm_provider=openrouter. Add it here - https://github.com/BerriAI/litellm/blob/main/model_prices_and_context_window.json.. Using fallback context limit: 1000000
Parser warnings: - Extra text detected before JSON object
- Extra text detected after JSON object
Trajectory dumped to /var/essdata/s_chumakov/automl-journal/runs/autods-tabred/jobs/terminus-tabred-Msmall-20260829-175356/homecredit-default__eNv265u/agent/trajectory.json
Failed to retrieve model info for 'openrouter/google/gemma-4-26b-a4b-it': This model isn't mapped yet. model=openrouter/google/gemma-4-26b-a4b-it, custom_llm_provider=openrouter. Add it here - https://github.com/BerriAI/litellm/blob/main/model_prices_and_context_window.json.. Using fallback context limit: 1000000
Parser warnings: - Extra text detected before JSON object
- Extra text detected after JSON object
Trajectory dumped to /var/essdata/s_chumakov/automl-journal/runs/autods-tabred/jobs/terminus-tabred-Msmall-20260829-175356/homecredit-default__eNv265u/agent/trajectory.json
Failed to retrieve model info for 'openrouter/google/gemma-4-26b-a4b-it': This model isn't mapped yet. model=openrouter/google/gemma-4-26b-a4b-it, custom_llm_provider=openrouter. Add it here - https://github.com/BerriAI/litellm/blob/main/model_prices_and_context_window.json.. Using fallback context limit: 1000000
Parser warnings: - Extra text detected before JSON object
- Extra text detected after JSON object
Trajectory dumped to /var/essdata/s_chumakov/automl-journal/runs/autods-tabred/jobs/terminus-tabred-Msmall-20260829-175356/homecredit-default__eNv265u/agent/trajectory.json
Failed to retrieve model info for 'openrouter/google/gemma-4-26b-a4b-it': This model isn't mapped yet. model=openrouter/google/gemma-4-26b-a4b-it, custom_llm_provider=openrouter. Add it here - https://github.com/BerriAI/litellm/blob/main/model_prices_and_context_window.json.. Using fallback context limit: 1000000
Parser warnings: - Extra text detected before JSON object
- Extra text detected after JSON object
Trajectory dumped to /var/essdata/s_chumakov/automl-journal/runs/autods-tabred/jobs/terminus-tabred-Msmall-20260829-175356/homecredit-default__eNv265u/agent/trajectory.json
Failed to retrieve model info for 'openrouter/google/gemma-4-26b-a4b-it': This model isn't mapped yet. model=openrouter/google/gemma-4-26b-a4b-it, custom_llm_provider=openrouter. Add it here - https://github.com/BerriAI/litellm/blob/main/model_prices_and_context_window.json.. Using fallback context limit: 1000000
Parser warnings: - Extra text detected before JSON object
- Extra text detected after JSON object
Trajectory dumped to /var/essdata/s_chumakov/automl-journal/runs/autods-tabred/jobs/terminus-tabred-Msmall-20260829-175356/homecredit-default__eNv265u/agent/trajectory.json
Failed to retrieve model info for 'openrouter/google/gemma-4-26b-a4b-it': This model isn't mapped yet. model=openrouter/google/gemma-4-26b-a4b-it, custom_llm_provider=openrouter. Add it here - https://github.com/BerriAI/litellm/blob/main/model_prices_and_context_window.json.. Using fallback context limit: 1000000
Parser warnings: - Extra text detected before JSON object
- Extra text detected after JSON object
Trajectory dumped to /var/essdata/s_chumakov/automl-journal/runs/autods-tabred/jobs/terminus-tabred-Msmall-20260829-175356/homecredit-default__eNv265u/agent/trajectory.json
Failed to retrieve model info for 'openrouter/google/gemma-4-26b-a4b-it': This model isn't mapped yet. model=openrouter/google/gemma-4-26b-a4b-it, custom_llm_provider=openrouter. Add it here - https://github.com/BerriAI/litellm/blob/main/model_prices_and_context_window.json.. Using fallback context limit: 1000000
Parser warnings: - Extra text detected before JSON object
- Extra text detected after JSON object
Trajectory dumped to /var/essdata/s_chumakov/automl-journal/runs/autods-tabred/jobs/terminus-tabred-Msmall-20260829-175356/homecredit-default__eNv265u/agent/trajectory.json
Failed to retrieve model info for 'openrouter/google/gemma-4-26b-a4b-it': This model isn't mapped yet. model=openrouter/google/gemma-4-26b-a4b-it, custom_llm_provider=openrouter. Add it here - https://github.com/BerriAI/litellm/blob/main/model_prices_and_context_window.json.. Using fallback context limit: 1000000
Parser warnings: - Extra text detected before JSON object
- Extra text detected after JSON object
Trajectory dumped to /var/essdata/s_chumakov/automl-journal/runs/autods-tabred/jobs/terminus-tabred-Msmall-20260829-175356/homecredit-default__eNv265u/agent/trajectory.json
Failed to retrieve model info for 'openrouter/google/gemma-4-26b-a4b-it': This model isn't mapped yet. model=openrouter/google/gemma-4-26b-a4b-it, custom_llm_provider=openrouter. Add it here - https://github.com/BerriAI/litellm/blob/main/model_prices_and_context_window.json.. Using fallback context limit: 1000000
Parser warnings: - Extra text detected before JSON object
- Extra text detected after JSON object
Trajectory dumped to /var/essdata/s_chumakov/automl-journal/runs/autods-tabred/jobs/terminus-tabred-Msmall-20260829-175356/homecredit-default__eNv265u/agent/trajectory.json
Failed to retrieve model info for 'openrouter/google/gemma-4-26b-a4b-it': This model isn't mapped yet. model=openrouter/google/gemma-4-26b-a4b-it, custom_llm_provider=openrouter. Add it here - https://github.com/BerriAI/litellm/blob/main/model_prices_and_context_window.json.. Using fallback context limit: 1000000
Parser warnings: - Extra text detected before JSON object
- Extra text detected after JSON object
Trajectory dumped to /var/essdata/s_chumakov/automl-journal/runs/autods-tabred/jobs/terminus-tabred-Msmall-20260829-175356/homecredit-default__eNv265u/agent/trajectory.json
Failed to retrieve model info for 'openrouter/google/gemma-4-26b-a4b-it': This model isn't mapped yet. model=openrouter/google/gemma-4-26b-a4b-it, custom_llm_provider=openrouter. Add it here - https://github.com/BerriAI/litellm/blob/main/model_prices_and_context_window.json.. Using fallback context limit: 1000000
Parser warnings: - Extra text detected before JSON object
- Extra text detected after JSON object
Trajectory dumped to /var/essdata/s_chumakov/automl-journal/runs/autods-tabred/jobs/terminus-tabred-Msmall-20260829-175356/homecredit-default__eNv265u/agent/trajectory.json
Failed to retrieve model info for 'openrouter/google/gemma-4-26b-a4b-it': This model isn't mapped yet. model=openrouter/google/gemma-4-26b-a4b-it, custom_llm_provider=openrouter. Add it here - https://github.com/BerriAI/litellm/blob/main/model_prices_and_context_window.json.. Using fallback context limit: 1000000
Trajectory dumped to /var/essdata/s_chumakov/automl-journal/runs/autods-tabred/jobs/terminus-tabred-Msmall-20260829-175356/maps-routing__xhsyiK2/agent/trajectory.json
Failed to retrieve model info for 'openrouter/google/gemma-4-26b-a4b-it': This model isn't mapped yet. model=openrouter/google/gemma-4-26b-a4b-it, custom_llm_provider=openrouter. Add it here - https://github.com/BerriAI/litellm/blob/main/model_prices_and_context_window.json.. Using fallback context limit: 1000000
Trajectory dumped to /var/essdata/s_chumakov/automl-journal/runs/autods-tabred/jobs/terminus-tabred-Msmall-20260829-175356/delivery-eta__f9B9NpN/agent/trajectory.json
Failed to retrieve model info for 'openrouter/google/gemma-4-26b-a4b-it': This model isn't mapped yet. model=openrouter/google/gemma-4-26b-a4b-it, custom_llm_provider=openrouter. Add it here - https://github.com/BerriAI/litellm/blob/main/model_prices_and_context_window.json.. Using fallback context limit: 1000000
Parser warnings: - Extra text detected before JSON object
- Extra text detected after JSON object
Trajectory dumped to /var/essdata/s_chumakov/automl-journal/runs/autods-tabred/jobs/terminus-tabred-Msmall-20260829-175356/homecredit-default__eNv265u/agent/trajectory.json
Failed to retrieve model info for 'openrouter/google/gemma-4-26b-a4b-it': This model isn't mapped yet. model=openrouter/google/gemma-4-26b-a4b-it, custom_llm_provider=openrouter. Add it here - https://github.com/BerriAI/litellm/blob/main/model_prices_and_context_window.json.. Using fallback context limit: 1000000
Sending keys: [''] min_timeout_sec: 60.0 max_timeout_sec: 180.0
Parser warnings: - Extra text detected before JSON object
- Extra text detected after JSON object
Sending keys: [''] min_timeout_sec: 60.0 max_timeout_sec: 180.0
Parser warnings: - Extra text detected before JSON object
- Extra text detected after JSON object
Trajectory dumped to /var/essdata/s_chumakov/automl-journal/runs/autods-tabred/jobs/terminus-tabred-Msmall-20260829-175356/homecredit-default__eNv265u/agent/trajectory.json
Failed to retrieve model info for 'openrouter/google/gemma-4-26b-a4b-it': This model isn't mapped yet. model=openrouter/google/gemma-4-26b-a4b-it, custom_llm_provider=openrouter. Add it here - https://github.com/BerriAI/litellm/blob/main/model_prices_and_context_window.json.. Using fallback context limit: 1000000
Trajectory dumped to /var/essdata/s_chumakov/automl-journal/runs/autods-tabred/jobs/terminus-tabred-Msmall-20260829-175356/ecom-offers__yAJRV4H/agent/trajectory.json
Failed to retrieve model info for 'openrouter/google/gemma-4-26b-a4b-it': This model isn't mapped yet. model=openrouter/google/gemma-4-26b-a4b-it, custom_llm_provider=openrouter. Add it here - https://github.com/BerriAI/litellm/blob/main/model_prices_and_context_window.json.. Using fallback context limit: 1000000
Parser warnings: - Extra text detected before JSON object
- Extra text detected after JSON object
Trajectory dumped to /var/essdata/s_chumakov/automl-journal/runs/autods-tabred/jobs/terminus-tabred-Msmall-20260829-175356/homecredit-default__eNv265u/agent/trajectory.json
Failed to retrieve model info for 'openrouter/google/gemma-4-26b-a4b-it': This model isn't mapped yet. model=openrouter/google/gemma-4-26b-a4b-it, custom_llm_provider=openrouter. Add it here - https://github.com/BerriAI/litellm/blob/main/model_prices_and_context_window.json.. Using fallback context limit: 1000000
Parser warnings: - Extra text detected before JSON object
- Extra text detected after JSON object
Sending keys: ['ls -l /app/predictions.csv\n'] min_timeout_sec: 0.1 max_timeout_sec: 180.0
Sending keys: ['head -n 5 /app/predictions.csv\n'] min_timeout_sec: 0.1 max_timeout_sec: 180.0
Trajectory dumped to /var/essdata/s_chumakov/automl-journal/runs/autods-tabred/jobs/terminus-tabred-Msmall-20260829-175356/ecom-offers__yAJRV4H/agent/trajectory.json
Parser warnings: - Extra text detected before JSON object
- Extra text detected after JSON object
Trajectory dumped to /var/essdata/s_chumakov/automl-journal/runs/autods-tabred/jobs/terminus-tabred-Msmall-20260829-175356/homecredit-default__eNv265u/agent/trajectory.json
Failed to retrieve model info for 'openrouter/google/gemma-4-26b-a4b-it': This model isn't mapped yet. model=openrouter/google/gemma-4-26b-a4b-it, custom_llm_provider=openrouter. Add it here - https://github.com/BerriAI/litellm/blob/main/model_prices_and_context_window.json.. Using fallback context limit: 1000000
Failed to retrieve model info for 'openrouter/google/gemma-4-26b-a4b-it': This model isn't mapped yet. model=openrouter/google/gemma-4-26b-a4b-it, custom_llm_provider=openrouter. Add it here - https://github.com/BerriAI/litellm/blob/main/model_prices_and_context_window.json.. Using fallback context limit: 1000000
Parser warnings: - Extra text detected before JSON object
- Extra text detected after JSON object
Sending keys: [''] min_timeout_sec: 30.0 max_timeout_sec: 180.0
Parser warnings: - Extra text detected before JSON object
- Extra text detected after JSON object
Trajectory dumped to /var/essdata/s_chumakov/automl-journal/runs/autods-tabred/jobs/terminus-tabred-Msmall-20260829-175356/homecredit-default__eNv265u/agent/trajectory.json
Failed to retrieve model info for 'openrouter/google/gemma-4-26b-a4b-it': This model isn't mapped yet. model=openrouter/google/gemma-4-26b-a4b-it, custom_llm_provider=openrouter. Add it here - https://github.com/BerriAI/litellm/blob/main/model_prices_and_context_window.json.. Using fallback context limit: 1000000
Parser warnings: - Extra text detected before JSON object
- Extra text detected after JSON object
Trajectory dumped to /var/essdata/s_chumakov/automl-journal/runs/autods-tabred/jobs/terminus-tabred-Msmall-20260829-175356/homecredit-default__eNv265u/agent/trajectory.json
Failed to retrieve model info for 'openrouter/google/gemma-4-26b-a4b-it': This model isn't mapped yet. model=openrouter/google/gemma-4-26b-a4b-it, custom_llm_provider=openrouter. Add it here - https://github.com/BerriAI/litellm/blob/main/model_prices_and_context_window.json.. Using fallback context limit: 1000000
Parser warnings: - Extra text detected before JSON object
- Extra text detected after JSON object
Trajectory dumped to /var/essdata/s_chumakov/automl-journal/runs/autods-tabred/jobs/terminus-tabred-Msmall-20260829-175356/homecredit-default__eNv265u/agent/trajectory.json
Failed to retrieve model info for 'openrouter/google/gemma-4-26b-a4b-it': This model isn't mapped yet. model=openrouter/google/gemma-4-26b-a4b-it, custom_llm_provider=openrouter. Add it here - https://github.com/BerriAI/litellm/blob/main/model_prices_and_context_window.json.. Using fallback context limit: 1000000
Parser warnings: - Extra text detected before JSON object
- Extra text detected after JSON object
Trajectory dumped to /var/essdata/s_chumakov/automl-journal/runs/autods-tabred/jobs/terminus-tabred-Msmall-20260829-175356/homecredit-default__eNv265u/agent/trajectory.json
Failed to retrieve model info for 'openrouter/google/gemma-4-26b-a4b-it': This model isn't mapped yet. model=openrouter/google/gemma-4-26b-a4b-it, custom_llm_provider=openrouter. Add it here - https://github.com/BerriAI/litellm/blob/main/model_prices_and_context_window.json.. Using fallback context limit: 1000000
Parser warnings: - Extra text detected before JSON object
- Extra text detected after JSON object
Trajectory dumped to /var/essdata/s_chumakov/automl-journal/runs/autods-tabred/jobs/terminus-tabred-Msmall-20260829-175356/homecredit-default__eNv265u/agent/trajectory.json
Failed to retrieve model info for 'openrouter/google/gemma-4-26b-a4b-it': This model isn't mapped yet. model=openrouter/google/gemma-4-26b-a4b-it, custom_llm_provider=openrouter. Add it here - https://github.com/BerriAI/litellm/blob/main/model_prices_and_context_window.json.. Using fallback context limit: 1000000
Parser warnings: - Extra text detected before JSON object
- Extra text detected after JSON object
Trajectory dumped to /var/essdata/s_chumakov/automl-journal/runs/autods-tabred/jobs/terminus-tabred-Msmall-20260829-175356/homecredit-default__eNv265u/agent/trajectory.json
Failed to retrieve model info for 'openrouter/google/gemma-4-26b-a4b-it': This model isn't mapped yet. model=openrouter/google/gemma-4-26b-a4b-it, custom_llm_provider=openrouter. Add it here - https://github.com/BerriAI/litellm/blob/main/model_prices_and_context_window.json.. Using fallback context limit: 1000000
Parser warnings: - Extra text detected before JSON object
- Extra text detected after JSON object
Sending keys: ['ls -l /app/predictions.csv\n'] min_timeout_sec: 0.1 max_timeout_sec: 180.0
Sending keys: ['head -n 5 /app/predictions.csv\n'] min_timeout_sec: 0.1 max_timeout_sec: 180.0
Sending keys: ['wc -l /app/predictions.csv\n'] min_timeout_sec: 0.1 max_timeout_sec: 180.0
Trajectory dumped to /var/essdata/s_chumakov/automl-journal/runs/autods-tabred/jobs/terminus-tabred-Msmall-20260829-175356/homecredit-default__eNv265u/agent/trajectory.json
Failed to retrieve model info for 'openrouter/google/gemma-4-26b-a4b-it': This model isn't mapped yet. model=openrouter/google/gemma-4-26b-a4b-it, custom_llm_provider=openrouter. Add it here - https://github.com/BerriAI/litellm/blob/main/model_prices_and_context_window.json.. Using fallback context limit: 1000000
Parser warnings: - Extra text detected before JSON object
- Extra text detected after JSON object
Sending keys: ["echo 'test_output'\n"] min_timeout_sec: 0.1 max_timeout_sec: 180.0
Trajectory dumped to /var/essdata/s_chumakov/automl-journal/runs/autods-tabred/jobs/terminus-tabred-Msmall-20260829-175356/homecredit-default__eNv265u/agent/trajectory.json
Failed to retrieve model info for 'openrouter/google/gemma-4-26b-a4b-it': This model isn't mapped yet. model=openrouter/google/gemma-4-26b-a4b-it, custom_llm_provider=openrouter. Add it here - https://github.com/BerriAI/litellm/blob/main/model_prices_and_context_window.json.. Using fallback context limit: 1000000
Parser warnings: - Extra text detected before JSON object
- Extra text detected after JSON object
Trajectory dumped to /var/essdata/s_chumakov/automl-journal/runs/autods-tabred/jobs/terminus-tabred-Msmall-20260829-175356/homecredit-default__eNv265u/agent/trajectory.json
Failed to retrieve model info for 'openrouter/google/gemma-4-26b-a4b-it': This model isn't mapped yet. model=openrouter/google/gemma-4-26b-a4b-it, custom_llm_provider=openrouter. Add it here - https://github.com/BerriAI/litellm/blob/main/model_prices_and_context_window.json.. Using fallback context limit: 1000000
Parser warnings: - Extra text detected before JSON object
- Extra text detected after JSON object
Trajectory dumped to /var/essdata/s_chumakov/automl-journal/runs/autods-tabred/jobs/terminus-tabred-Msmall-20260829-175356/homecredit-default__eNv265u/agent/trajectory.json
Failed to retrieve model info for 'openrouter/google/gemma-4-26b-a4b-it': This model isn't mapped yet. model=openrouter/google/gemma-4-26b-a4b-it, custom_llm_provider=openrouter. Add it here - https://github.com/BerriAI/litellm/blob/main/model_prices_and_context_window.json.. Using fallback context limit: 1000000
Sending keys: ['ls -l /app/predictions.csv\n'] min_timeout_sec: 0.1 max_timeout_sec: 180.0
Trajectory dumped to /var/essdata/s_chumakov/automl-journal/runs/autods-tabred/jobs/terminus-tabred-Msmall-20260829-175356/ecom-offers__yAJRV4H/agent/trajectory.json
Failed to retrieve model info for 'openrouter/google/gemma-4-26b-a4b-it': This model isn't mapped yet. model=openrouter/google/gemma-4-26b-a4b-it, custom_llm_provider=openrouter. Add it here - https://github.com/BerriAI/litellm/blob/main/model_prices_and_context_window.json.. Using fallback context limit: 1000000
Parser warnings: - Extra text detected before JSON object
- Extra text detected after JSON object
Trajectory dumped to /var/essdata/s_chumakov/automl-journal/runs/autods-tabred/jobs/terminus-tabred-Msmall-20260829-175356/homecredit-default__eNv265u/agent/trajectory.json
Failed to retrieve model info for 'openrouter/google/gemma-4-26b-a4b-it': This model isn't mapped yet. model=openrouter/google/gemma-4-26b-a4b-it, custom_llm_provider=openrouter. Add it here - https://github.com/BerriAI/litellm/blob/main/model_prices_and_context_window.json.. Using fallback context limit: 1000000
Parser warnings: - Extra text detected before JSON object
- Extra text detected after JSON object
Sending keys: ['ps aux | grep python3\n'] min_timeout_sec: 0.1 max_timeout_sec: 180.0
Trajectory dumped to /var/essdata/s_chumakov/automl-journal/runs/autods-tabred/jobs/terminus-tabred-Msmall-20260829-175356/ecom-offers__yAJRV4H/agent/trajectory.json
Failed to retrieve model info for 'openrouter/google/gemma-4-26b-a4b-it': This model isn't mapped yet. model=openrouter/google/gemma-4-26b-a4b-it, custom_llm_provider=openrouter. Add it here - https://github.com/BerriAI/litellm/blob/main/model_prices_and_context_window.json.. Using fallback context limit: 1000000
Parser warnings: - Extra text detected before JSON object
- Extra text detected after JSON object
Trajectory dumped to /var/essdata/s_chumakov/automl-journal/runs/autods-tabred/jobs/terminus-tabred-Msmall-20260829-175356/homecredit-default__eNv265u/agent/trajectory.json
Failed to retrieve model info for 'openrouter/google/gemma-4-26b-a4b-it': This model isn't mapped yet. model=openrouter/google/gemma-4-26b-a4b-it, custom_llm_provider=openrouter. Add it here - https://github.com/BerriAI/litellm/blob/main/model_prices_and_context_window.json.. Using fallback context limit: 1000000
Parser warnings: - Extra text detected before JSON object
- Extra text detected after JSON object
Trajectory dumped to /var/essdata/s_chumakov/automl-journal/runs/autods-tabred/jobs/terminus-tabred-Msmall-20260829-175356/homecredit-default__eNv265u/agent/trajectory.json
Parser warnings: - Extra text detected before JSON object
- Extra text detected after JSON object
Sending keys: [''] min_timeout_sec: 30.0 max_timeout_sec: 180.0
Failed to retrieve model info for 'openrouter/google/gemma-4-26b-a4b-it': This model isn't mapped yet. model=openrouter/google/gemma-4-26b-a4b-it, custom_llm_provider=openrouter. Add it here - https://github.com/BerriAI/litellm/blob/main/model_prices_and_context_window.json.. Using fallback context limit: 1000000
Unknown Error in LLM interaction: litellm.APIError: APIError: OpenrouterException - Cannot connect to host 152.232.68.184:9739 ssl:<ssl.SSLContext object at 0x72ba982fc850> [Connect call failed ('152.232.68.184', 9739)]
Trajectory dumped to /var/essdata/s_chumakov/automl-journal/runs/autods-tabred/jobs/terminus-tabred-Msmall-20260829-175356/maps-routing__xhsyiK2/agent/trajectory.json
Failed to retrieve model info for 'openrouter/google/gemma-4-26b-a4b-it': This model isn't mapped yet. model=openrouter/google/gemma-4-26b-a4b-it, custom_llm_provider=openrouter. Add it here - https://github.com/BerriAI/litellm/blob/main/model_prices_and_context_window.json.. Using fallback context limit: 1000000
Trajectory dumped to /var/essdata/s_chumakov/automl-journal/runs/autods-tabred/jobs/terminus-tabred-Msmall-20260829-175356/delivery-eta__f9B9NpN/agent/trajectory.json
Failed to retrieve model info for 'openrouter/google/gemma-4-26b-a4b-it': This model isn't mapped yet. model=openrouter/google/gemma-4-26b-a4b-it, custom_llm_provider=openrouter. Add it here - https://github.com/BerriAI/litellm/blob/main/model_prices_and_context_window.json.. Using fallback context limit: 1000000
Parser warnings: - Extra text detected before JSON object
- Extra text detected after JSON object
Trajectory dumped to /var/essdata/s_chumakov/automl-journal/runs/autods-tabred/jobs/terminus-tabred-Msmall-20260829-175356/homecredit-default__eNv265u/agent/trajectory.json
Failed to retrieve model info for 'openrouter/google/gemma-4-26b-a4b-it': This model isn't mapped yet. model=openrouter/google/gemma-4-26b-a4b-it, custom_llm_provider=openrouter. Add it here - https://github.com/BerriAI/litellm/blob/main/model_prices_and_context_window.json.. Using fallback context limit: 1000000
Sending keys: [''] min_timeout_sec: 60.0 max_timeout_sec: 180.0
Parser warnings: - Extra text detected before JSON object
- Extra text detected after JSON object
Parser warnings: - Extra text detected before JSON object
- Extra text detected after JSON object
Sending keys: [''] min_timeout_sec: 60.0 max_timeout_sec: 180.0
Trajectory dumped to /var/essdata/s_chumakov/automl-journal/runs/autods-tabred/jobs/terminus-tabred-Msmall-20260829-175356/homecredit-default__eNv265u/agent/trajectory.json
Failed to retrieve model info for 'openrouter/google/gemma-4-26b-a4b-it': This model isn't mapped yet. model=openrouter/google/gemma-4-26b-a4b-it, custom_llm_provider=openrouter. Add it here - https://github.com/BerriAI/litellm/blob/main/model_prices_and_context_window.json.. Using fallback context limit: 1000000
Parser warnings: - Extra text detected before JSON object
- Extra text detected after JSON object
Trajectory dumped to /var/essdata/s_chumakov/automl-journal/runs/autods-tabred/jobs/terminus-tabred-Msmall-20260829-175356/homecredit-default__eNv265u/agent/trajectory.json
Failed to retrieve model info for 'openrouter/google/gemma-4-26b-a4b-it': This model isn't mapped yet. model=openrouter/google/gemma-4-26b-a4b-it, custom_llm_provider=openrouter. Add it here - https://github.com/BerriAI/litellm/blob/main/model_prices_and_context_window.json.. Using fallback context limit: 1000000
Parser warnings: - Extra text detected before JSON object
- Extra text detected after JSON object
Trajectory dumped to /var/essdata/s_chumakov/automl-journal/runs/autods-tabred/jobs/terminus-tabred-Msmall-20260829-175356/homecredit-default__eNv265u/agent/trajectory.json
Failed to retrieve model info for 'openrouter/google/gemma-4-26b-a4b-it': This model isn't mapped yet. model=openrouter/google/gemma-4-26b-a4b-it, custom_llm_provider=openrouter. Add it here - https://github.com/BerriAI/litellm/blob/main/model_prices_and_context_window.json.. Using fallback context limit: 1000000
Parser warnings: - Extra text detected before JSON object
- Extra text detected after JSON object
Trajectory dumped to /var/essdata/s_chumakov/automl-journal/runs/autods-tabred/jobs/terminus-tabred-Msmall-20260829-175356/homecredit-default__eNv265u/agent/trajectory.json
Failed to retrieve model info for 'openrouter/google/gemma-4-26b-a4b-it': This model isn't mapped yet. model=openrouter/google/gemma-4-26b-a4b-it, custom_llm_provider=openrouter. Add it here - https://github.com/BerriAI/litellm/blob/main/model_prices_and_context_window.json.. Using fallback context limit: 1000000
Parser warnings: - Extra text detected before JSON object
- Extra text detected after JSON object
Trajectory dumped to /var/essdata/s_chumakov/automl-journal/runs/autods-tabred/jobs/terminus-tabred-Msmall-20260829-175356/homecredit-default__eNv265u/agent/trajectory.json
Failed to retrieve model info for 'openrouter/google/gemma-4-26b-a4b-it': This model isn't mapped yet. model=openrouter/google/gemma-4-26b-a4b-it, custom_llm_provider=openrouter. Add it here - https://github.com/BerriAI/litellm/blob/main/model_prices_and_context_window.json.. Using fallback context limit: 1000000
Parser warnings: - Extra text detected before JSON object
- Extra text detected after JSON object
Trajectory dumped to /var/essdata/s_chumakov/automl-journal/runs/autods-tabred/jobs/terminus-tabred-Msmall-20260829-175356/homecredit-default__eNv265u/agent/trajectory.json
Failed to retrieve model info for 'openrouter/google/gemma-4-26b-a4b-it': This model isn't mapped yet. model=openrouter/google/gemma-4-26b-a4b-it, custom_llm_provider=openrouter. Add it here - https://github.com/BerriAI/litellm/blob/main/model_prices_and_context_window.json.. Using fallback context limit: 1000000
Sending keys: ['ls -l /app/predictions.csv\n'] min_timeout_sec: 0.1 max_timeout_sec: 180.0
Sending keys: ['head -n 5 /app/predictions.csv\n'] min_timeout_sec: 0.1 max_timeout_sec: 180.0
Trajectory dumped to /var/essdata/s_chumakov/automl-journal/runs/autods-tabred/jobs/terminus-tabred-Msmall-20260829-175356/ecom-offers__yAJRV4H/agent/trajectory.json
Failed to retrieve model info for 'openrouter/google/gemma-4-26b-a4b-it': This model isn't mapped yet. model=openrouter/google/gemma-4-26b-a4b-it, custom_llm_provider=openrouter. Add it here - https://github.com/BerriAI/litellm/blob/main/model_prices_and_context_window.json.. Using fallback context limit: 1000000
Parser warnings: - Extra text detected before JSON object
- Extra text detected after JSON object
Trajectory dumped to /var/essdata/s_chumakov/automl-journal/runs/autods-tabred/jobs/terminus-tabred-Msmall-20260829-175356/homecredit-default__eNv265u/agent/trajectory.json
Failed to retrieve model info for 'openrouter/google/gemma-4-26b-a4b-it': This model isn't mapped yet. model=openrouter/google/gemma-4-26b-a4b-it, custom_llm_provider=openrouter. Add it here - https://github.com/BerriAI/litellm/blob/main/model_prices_and_context_window.json.. Using fallback context limit: 1000000
Parser warnings: - Extra text detected before JSON object
- Extra text detected after JSON object
Trajectory dumped to /var/essdata/s_chumakov/automl-journal/runs/autods-tabred/jobs/terminus-tabred-Msmall-20260829-175356/homecredit-default__eNv265u/agent/trajectory.json
Failed to retrieve model info for 'openrouter/google/gemma-4-26b-a4b-it': This model isn't mapped yet. model=openrouter/google/gemma-4-26b-a4b-it, custom_llm_provider=openrouter. Add it here - https://github.com/BerriAI/litellm/blob/main/model_prices_and_context_window.json.. Using fallback context limit: 1000000
Parser warnings: - Extra text detected before JSON object
- Extra text detected after JSON object
Sending keys: ['python3 -c "import pandas as pd; import lightgbm as lgb; import numpy as np; train = pd.read_csv(\'/app/data/train.csv\', nrows=1000); X = train.drop(columns=[\'target\']); y = train[\'target\']; model = lgb.LGBMClassifier().fit(X, y); test = pd.read_csv(\'/app/data/test.csv\'); preds = model.predict_proba(test)[:, 1]; pd.DataFrame({\'target\': preds}).to_csv(\'/app/predictions.csv\', index=False); print(\'Success\')"\n'] min_timeout_sec: 60.0 max_timeout_sec: 180.0
Parser warnings: - Extra text detected before JSON object
- Extra text detected after JSON object
Trajectory dumped to /var/essdata/s_chumakov/automl-journal/runs/autods-tabred/jobs/terminus-tabred-Msmall-20260829-175356/homecredit-default__eNv265u/agent/trajectory.json
Failed to retrieve model info for 'openrouter/google/gemma-4-26b-a4b-it': This model isn't mapped yet. model=openrouter/google/gemma-4-26b-a4b-it, custom_llm_provider=openrouter. Add it here - https://github.com/BerriAI/litellm/blob/main/model_prices_and_context_window.json.. Using fallback context limit: 1000000
Parser warnings: - Extra text detected before JSON object
- Extra text detected after JSON object
Trajectory dumped to /var/essdata/s_chumakov/automl-journal/runs/autods-tabred/jobs/terminus-tabred-Msmall-20260829-175356/homecredit-default__eNv265u/agent/trajectory.json
Failed to retrieve model info for 'openrouter/google/gemma-4-26b-a4b-it': This model isn't mapped yet. model=openrouter/google/gemma-4-26b-a4b-it, custom_llm_provider=openrouter. Add it here - https://github.com/BerriAI/litellm/blob/main/model_prices_and_context_window.json.. Using fallback context limit: 1000000
Parser warnings: - Extra text detected before JSON object
- Extra text detected after JSON object
Trajectory dumped to /var/essdata/s_chumakov/automl-journal/runs/autods-tabred/jobs/terminus-tabred-Msmall-20260829-175356/homecredit-default__eNv265u/agent/trajectory.json
Failed to retrieve model info for 'openrouter/google/gemma-4-26b-a4b-it': This model isn't mapped yet. model=openrouter/google/gemma-4-26b-a4b-it, custom_llm_provider=openrouter. Add it here - https://github.com/BerriAI/litellm/blob/main/model_prices_and_context_window.json.. Using fallback context limit: 1000000
Parser warnings: - Extra text detected before JSON object
- Extra text detected after JSON object
Trajectory dumped to /var/essdata/s_chumakov/automl-journal/runs/autods-tabred/jobs/terminus-tabred-Msmall-20260829-175356/homecredit-default__eNv265u/agent/trajectory.json
Failed to retrieve model info for 'openrouter/google/gemma-4-26b-a4b-it': This model isn't mapped yet. model=openrouter/google/gemma-4-26b-a4b-it, custom_llm_provider=openrouter. Add it here - https://github.com/BerriAI/litellm/blob/main/model_prices_and_context_window.json.. Using fallback context limit: 1000000
Parser warnings: - Extra text detected before JSON object
- Extra text detected after JSON object
Trajectory dumped to /var/essdata/s_chumakov/automl-journal/runs/autods-tabred/jobs/terminus-tabred-Msmall-20260829-175356/homecredit-default__eNv265u/agent/trajectory.json
Failed to retrieve model info for 'openrouter/google/gemma-4-26b-a4b-it': This model isn't mapped yet. model=openrouter/google/gemma-4-26b-a4b-it, custom_llm_provider=openrouter. Add it here - https://github.com/BerriAI/litellm/blob/main/model_prices_and_context_window.json.. Using fallback context limit: 1000000
Parser warnings: - Extra text detected before JSON object
- Extra text detected after JSON object
Trajectory dumped to /var/essdata/s_chumakov/automl-journal/runs/autods-tabred/jobs/terminus-tabred-Msmall-20260829-175356/homecredit-default__eNv265u/agent/trajectory.json
Failed to retrieve model info for 'openrouter/google/gemma-4-26b-a4b-it': This model isn't mapped yet. model=openrouter/google/gemma-4-26b-a4b-it, custom_llm_provider=openrouter. Add it here - https://github.com/BerriAI/litellm/blob/main/model_prices_and_context_window.json.. Using fallback context limit: 1000000
Parser warnings: - Extra text detected before JSON object
- Extra text detected after JSON object
Trajectory dumped to /var/essdata/s_chumakov/automl-journal/runs/autods-tabred/jobs/terminus-tabred-Msmall-20260829-175356/homecredit-default__eNv265u/agent/trajectory.json
Failed to retrieve model info for 'openrouter/google/gemma-4-26b-a4b-it': This model isn't mapped yet. model=openrouter/google/gemma-4-26b-a4b-it, custom_llm_provider=openrouter. Add it here - https://github.com/BerriAI/litellm/blob/main/model_prices_and_context_window.json.. Using fallback context limit: 1000000
Parser warnings: - Extra text detected before JSON object
- Extra text detected after JSON object
Trajectory dumped to /var/essdata/s_chumakov/automl-journal/runs/autods-tabred/jobs/terminus-tabred-Msmall-20260829-175356/homecredit-default__eNv265u/agent/trajectory.json
Failed to retrieve model info for 'openrouter/google/gemma-4-26b-a4b-it': This model isn't mapped yet. model=openrouter/google/gemma-4-26b-a4b-it, custom_llm_provider=openrouter. Add it here - https://github.com/BerriAI/litellm/blob/main/model_prices_and_context_window.json.. Using fallback context limit: 1000000
Parser warnings: - Extra text detected before JSON object
- Extra text detected after JSON object
Trajectory dumped to /var/essdata/s_chumakov/automl-journal/runs/autods-tabred/jobs/terminus-tabred-Msmall-20260829-175356/homecredit-default__eNv265u/agent/trajectory.json
Failed to retrieve model info for 'openrouter/google/gemma-4-26b-a4b-it': This model isn't mapped yet. model=openrouter/google/gemma-4-26b-a4b-it, custom_llm_provider=openrouter. Add it here - https://github.com/BerriAI/litellm/blob/main/model_prices_and_context_window.json.. Using fallback context limit: 1000000
Parser warnings: - Extra text detected before JSON object
- Extra text detected after JSON object
Trajectory dumped to /var/essdata/s_chumakov/automl-journal/runs/autods-tabred/jobs/terminus-tabred-Msmall-20260829-175356/homecredit-default__eNv265u/agent/trajectory.json
Failed to retrieve model info for 'openrouter/google/gemma-4-26b-a4b-it': This model isn't mapped yet. model=openrouter/google/gemma-4-26b-a4b-it, custom_llm_provider=openrouter. Add it here - https://github.com/BerriAI/litellm/blob/main/model_prices_and_context_window.json.. Using fallback context limit: 1000000
Parser warnings: - Extra text detected before JSON object
- Extra text detected after JSON object
Trajectory dumped to /var/essdata/s_chumakov/automl-journal/runs/autods-tabred/jobs/terminus-tabred-Msmall-20260829-175356/homecredit-default__eNv265u/agent/trajectory.json
Failed to retrieve model info for 'openrouter/google/gemma-4-26b-a4b-it': This model isn't mapped yet. model=openrouter/google/gemma-4-26b-a4b-it, custom_llm_provider=openrouter. Add it here - https://github.com/BerriAI/litellm/blob/main/model_prices_and_context_window.json.. Using fallback context limit: 1000000
Parser warnings: - Extra text detected before JSON object
- Extra text detected after JSON object
Trajectory dumped to /var/essdata/s_chumakov/automl-journal/runs/autods-tabred/jobs/terminus-tabred-Msmall-20260829-175356/homecredit-default__eNv265u/agent/trajectory.json
Failed to retrieve model info for 'openrouter/google/gemma-4-26b-a4b-it': This model isn't mapped yet. model=openrouter/google/gemma-4-26b-a4b-it, custom_llm_provider=openrouter. Add it here - https://github.com/BerriAI/litellm/blob/main/model_prices_and_context_window.json.. Using fallback context limit: 1000000
Parser warnings: - Extra text detected before JSON object
- Extra text detected after JSON object
Trajectory dumped to /var/essdata/s_chumakov/automl-journal/runs/autods-tabred/jobs/terminus-tabred-Msmall-20260829-175356/homecredit-default__eNv265u/agent/trajectory.json
Failed to retrieve model info for 'openrouter/google/gemma-4-26b-a4b-it': This model isn't mapped yet. model=openrouter/google/gemma-4-26b-a4b-it, custom_llm_provider=openrouter. Add it here - https://github.com/BerriAI/litellm/blob/main/model_prices_and_context_window.json.. Using fallback context limit: 1000000
Parser warnings: - Extra text detected before JSON object
- Extra text detected after JSON object
Trajectory dumped to /var/essdata/s_chumakov/automl-journal/runs/autods-tabred/jobs/terminus-tabred-Msmall-20260829-175356/homecredit-default__eNv265u/agent/trajectory.json
Failed to retrieve model info for 'openrouter/google/gemma-4-26b-a4b-it': This model isn't mapped yet. model=openrouter/google/gemma-4-26b-a4b-it, custom_llm_provider=openrouter. Add it here - https://github.com/BerriAI/litellm/blob/main/model_prices_and_context_window.json.. Using fallback context limit: 1000000
Parser warnings: - Extra text detected before JSON object
- Extra text detected after JSON object
Trajectory dumped to /var/essdata/s_chumakov/automl-journal/runs/autods-tabred/jobs/terminus-tabred-Msmall-20260829-175356/homecredit-default__eNv265u/agent/trajectory.json
Failed to retrieve model info for 'openrouter/google/gemma-4-26b-a4b-it': This model isn't mapped yet. model=openrouter/google/gemma-4-26b-a4b-it, custom_llm_provider=openrouter. Add it here - https://github.com/BerriAI/litellm/blob/main/model_prices_and_context_window.json.. Using fallback context limit: 1000000
Trajectory dumped to /var/essdata/s_chumakov/automl-journal/runs/autods-tabred/jobs/terminus-tabred-Msmall-20260829-175356/maps-routing__xhsyiK2/agent/trajectory.json
Parser warnings: - Extra text detected before JSON object
- Extra text detected after JSON object
Failed to retrieve model info for 'openrouter/google/gemma-4-26b-a4b-it': This model isn't mapped yet. model=openrouter/google/gemma-4-26b-a4b-it, custom_llm_provider=openrouter. Add it here - https://github.com/BerriAI/litellm/blob/main/model_prices_and_context_window.json.. Using fallback context limit: 1000000
Trajectory dumped to /var/essdata/s_chumakov/automl-journal/runs/autods-tabred/jobs/terminus-tabred-Msmall-20260829-175356/homecredit-default__eNv265u/agent/trajectory.json
Failed to retrieve model info for 'openrouter/google/gemma-4-26b-a4b-it': This model isn't mapped yet. model=openrouter/google/gemma-4-26b-a4b-it, custom_llm_provider=openrouter. Add it here - https://github.com/BerriAI/litellm/blob/main/model_prices_and_context_window.json.. Using fallback context limit: 1000000
Trajectory dumped to /var/essdata/s_chumakov/automl-journal/runs/autods-tabred/jobs/terminus-tabred-Msmall-20260829-175356/delivery-eta__f9B9NpN/agent/trajectory.json
Failed to retrieve model info for 'openrouter/google/gemma-4-26b-a4b-it': This model isn't mapped yet. model=openrouter/google/gemma-4-26b-a4b-it, custom_llm_provider=openrouter. Add it here - https://github.com/BerriAI/litellm/blob/main/model_prices_and_context_window.json.. Using fallback context limit: 1000000
Sending keys: [''] min_timeout_sec: 60.0 max_timeout_sec: 180.0
Parser warnings: - Extra text detected before JSON object
- Extra text detected after JSON object
Trajectory dumped to /var/essdata/s_chumakov/automl-journal/runs/autods-tabred/jobs/terminus-tabred-Msmall-20260829-175356/homecredit-default__eNv265u/agent/trajectory.json
Failed to retrieve model info for 'openrouter/google/gemma-4-26b-a4b-it': This model isn't mapped yet. model=openrouter/google/gemma-4-26b-a4b-it, custom_llm_provider=openrouter. Add it here - https://github.com/BerriAI/litellm/blob/main/model_prices_and_context_window.json.. Using fallback context limit: 1000000
Parser warnings: - Extra text detected before JSON object
- Extra text detected after JSON object
Sending keys: [''] min_timeout_sec: 60.0 max_timeout_sec: 180.0
Parser warnings: - Extra text detected before JSON object
- Extra text detected after JSON object
Trajectory dumped to /var/essdata/s_chumakov/automl-journal/runs/autods-tabred/jobs/terminus-tabred-Msmall-20260829-175356/homecredit-default__eNv265u/agent/trajectory.json
Failed to retrieve model info for 'openrouter/google/gemma-4-26b-a4b-it': This model isn't mapped yet. model=openrouter/google/gemma-4-26b-a4b-it, custom_llm_provider=openrouter. Add it here - https://github.com/BerriAI/litellm/blob/main/model_prices_and_context_window.json.. Using fallback context limit: 1000000
Parser warnings: - Extra text detected before JSON object
- Extra text detected after JSON object
Trajectory dumped to /var/essdata/s_chumakov/automl-journal/runs/autods-tabred/jobs/terminus-tabred-Msmall-20260829-175356/homecredit-default__eNv265u/agent/trajectory.json
Failed to retrieve model info for 'openrouter/google/gemma-4-26b-a4b-it': This model isn't mapped yet. model=openrouter/google/gemma-4-26b-a4b-it, custom_llm_provider=openrouter. Add it here - https://github.com/BerriAI/litellm/blob/main/model_prices_and_context_window.json.. Using fallback context limit: 1000000
Parser warnings: - Extra text detected before JSON object
- Extra text detected after JSON object
Trajectory dumped to /var/essdata/s_chumakov/automl-journal/runs/autods-tabred/jobs/terminus-tabred-Msmall-20260829-175356/homecredit-default__eNv265u/agent/trajectory.json
Failed to retrieve model info for 'openrouter/google/gemma-4-26b-a4b-it': This model isn't mapped yet. model=openrouter/google/gemma-4-26b-a4b-it, custom_llm_provider=openrouter. Add it here - https://github.com/BerriAI/litellm/blob/main/model_prices_and_context_window.json.. Using fallback context limit: 1000000
Parser warnings: - Extra text detected before JSON object
- Extra text detected after JSON object
Trajectory dumped to /var/essdata/s_chumakov/automl-journal/runs/autods-tabred/jobs/terminus-tabred-Msmall-20260829-175356/homecredit-default__eNv265u/agent/trajectory.json
Failed to retrieve model info for 'openrouter/google/gemma-4-26b-a4b-it': This model isn't mapped yet. model=openrouter/google/gemma-4-26b-a4b-it, custom_llm_provider=openrouter. Add it here - https://github.com/BerriAI/litellm/blob/main/model_prices_and_context_window.json.. Using fallback context limit: 1000000
Parser warnings: - Extra text detected before JSON object
- Extra text detected after JSON object
Trajectory dumped to /var/essdata/s_chumakov/automl-journal/runs/autods-tabred/jobs/terminus-tabred-Msmall-20260829-175356/homecredit-default__eNv265u/agent/trajectory.json
Failed to retrieve model info for 'openrouter/google/gemma-4-26b-a4b-it': This model isn't mapped yet. model=openrouter/google/gemma-4-26b-a4b-it, custom_llm_provider=openrouter. Add it here - https://github.com/BerriAI/litellm/blob/main/model_prices_and_context_window.json.. Using fallback context limit: 1000000
Trajectory dumped to /var/essdata/s_chumakov/automl-journal/runs/autods-tabred/jobs/terminus-tabred-Msmall-20260829-175356/ecom-offers__yAJRV4H/agent/trajectory.json
Parser warnings: - Extra text detected before JSON object
- Extra text detected after JSON object
Failed to retrieve model info for 'openrouter/google/gemma-4-26b-a4b-it': This model isn't mapped yet. model=openrouter/google/gemma-4-26b-a4b-it, custom_llm_provider=openrouter. Add it here - https://github.com/BerriAI/litellm/blob/main/model_prices_and_context_window.json.. Using fallback context limit: 1000000
Trajectory dumped to /var/essdata/s_chumakov/automl-journal/runs/autods-tabred/jobs/terminus-tabred-Msmall-20260829-175356/homecredit-default__eNv265u/agent/trajectory.json
Failed to retrieve model info for 'openrouter/google/gemma-4-26b-a4b-it': This model isn't mapped yet. model=openrouter/google/gemma-4-26b-a4b-it, custom_llm_provider=openrouter. Add it here - https://github.com/BerriAI/litellm/blob/main/model_prices_and_context_window.json.. Using fallback context limit: 1000000
Parser warnings: - Extra text detected before JSON object
- Extra text detected after JSON object
Parser warnings: - Extra text detected before JSON object
- Extra text detected after JSON object
Sending keys: ['ls -l /app/predictions.csv\n'] min_timeout_sec: 0.1 max_timeout_sec: 180.0
Trajectory dumped to /var/essdata/s_chumakov/automl-journal/runs/autods-tabred/jobs/terminus-tabred-Msmall-20260829-175356/homecredit-default__eNv265u/agent/trajectory.json
Sending keys: ['head -n 5 /app/predictions.csv\n'] min_timeout_sec: 0.1 max_timeout_sec: 180.0
Failed to retrieve model info for 'openrouter/google/gemma-4-26b-a4b-it': This model isn't mapped yet. model=openrouter/google/gemma-4-26b-a4b-it, custom_llm_provider=openrouter. Add it here - https://github.com/BerriAI/litellm/blob/main/model_prices_and_context_window.json.. Using fallback context limit: 1000000
Trajectory dumped to /var/essdata/s_chumakov/automl-journal/runs/autods-tabred/jobs/terminus-tabred-Msmall-20260829-175356/ecom-offers__yAJRV4H/agent/trajectory.json
Failed to retrieve model info for 'openrouter/google/gemma-4-26b-a4b-it': This model isn't mapped yet. model=openrouter/google/gemma-4-26b-a4b-it, custom_llm_provider=openrouter. Add it here - https://github.com/BerriAI/litellm/blob/main/model_prices_and_context_window.json.. Using fallback context limit: 1000000
Parser warnings: - Extra text detected before JSON object
- Extra text detected after JSON object
Trajectory dumped to /var/essdata/s_chumakov/automl-journal/runs/autods-tabred/jobs/terminus-tabred-Msmall-20260829-175356/homecredit-default__eNv265u/agent/trajectory.json
Failed to retrieve model info for 'openrouter/google/gemma-4-26b-a4b-it': This model isn't mapped yet. model=openrouter/google/gemma-4-26b-a4b-it, custom_llm_provider=openrouter. Add it here - https://github.com/BerriAI/litellm/blob/main/model_prices_and_context_window.json.. Using fallback context limit: 1000000
Parser warnings: - Extra text detected before JSON object
- Extra text detected after JSON object
Sending keys: ['ls -l /app/predictions.csv\n'] min_timeout_sec: 0.1 max_timeout_sec: 180.0
Sending keys: ['head -n 5 /app/predictions.csv\n'] min_timeout_sec: 0.1 max_timeout_sec: 180.0
Sending keys: ['wc -l /app/predictions.csv\n'] min_timeout_sec: 0.1 max_timeout_sec: 180.0
Parser warnings: - Extra text detected before JSON object
- Extra text detected after JSON object
Trajectory dumped to /var/essdata/s_chumakov/automl-journal/runs/autods-tabred/jobs/terminus-tabred-Msmall-20260829-175356/ecom-offers__yAJRV4H/agent/trajectory.json
Trajectory dumped to /var/essdata/s_chumakov/automl-journal/runs/autods-tabred/jobs/terminus-tabred-Msmall-20260829-175356/homecredit-default__eNv265u/agent/trajectory.json
Failed to retrieve model info for 'openrouter/google/gemma-4-26b-a4b-it': This model isn't mapped yet. model=openrouter/google/gemma-4-26b-a4b-it, custom_llm_provider=openrouter. Add it here - https://github.com/BerriAI/litellm/blob/main/model_prices_and_context_window.json.. Using fallback context limit: 1000000
Failed to retrieve model info for 'openrouter/google/gemma-4-26b-a4b-it': This model isn't mapped yet. model=openrouter/google/gemma-4-26b-a4b-it, custom_llm_provider=openrouter. Add it here - https://github.com/BerriAI/litellm/blob/main/model_prices_and_context_window.json.. Using fallback context limit: 1000000
Parser warnings: - Extra text detected before JSON object
- Extra text detected after JSON object
Trajectory dumped to /var/essdata/s_chumakov/automl-journal/runs/autods-tabred/jobs/terminus-tabred-Msmall-20260829-175356/homecredit-default__eNv265u/agent/trajectory.json
Failed to retrieve model info for 'openrouter/google/gemma-4-26b-a4b-it': This model isn't mapped yet. model=openrouter/google/gemma-4-26b-a4b-it, custom_llm_provider=openrouter. Add it here - https://github.com/BerriAI/litellm/blob/main/model_prices_and_context_window.json.. Using fallback context limit: 1000000
Parser warnings: - Extra text detected before JSON object
- Extra text detected after JSON object
Sending keys: ['ls -l /app/predictions.csv && head -n 5 /app/predictions.csv && wc -l /app/predictions.csv\n'] min_timeout_sec: 0.1 max_timeout_sec: 180.0
Trajectory dumped to /var/essdata/s_chumakov/automl-journal/runs/autods-tabred/jobs/terminus-tabred-Msmall-20260829-175356/ecom-offers__yAJRV4H/agent/trajectory.json
Failed to retrieve model info for 'openrouter/google/gemma-4-26b-a4b-it': This model isn't mapped yet. model=openrouter/google/gemma-4-26b-a4b-it, custom_llm_provider=openrouter. Add it here - https://github.com/BerriAI/litellm/blob/main/model_prices_and_context_window.json.. Using fallback context limit: 1000000
Parser warnings: - Extra text detected before JSON object
- Extra text detected after JSON object
Trajectory dumped to /var/essdata/s_chumakov/automl-journal/runs/autods-tabred/jobs/terminus-tabred-Msmall-20260829-175356/homecredit-default__eNv265u/agent/trajectory.json
Failed to retrieve model info for 'openrouter/google/gemma-4-26b-a4b-it': This model isn't mapped yet. model=openrouter/google/gemma-4-26b-a4b-it, custom_llm_provider=openrouter. Add it here - https://github.com/BerriAI/litellm/blob/main/model_prices_and_context_window.json.. Using fallback context limit: 1000000
Parser warnings: - Extra text detected before JSON object
- Extra text detected after JSON object
Sending keys: ['ls -la /app\n'] min_timeout_sec: 0.1 max_timeout_sec: 180.0
Trajectory dumped to /var/essdata/s_chumakov/automl-journal/runs/autods-tabred/jobs/terminus-tabred-Msmall-20260829-175356/ecom-offers__yAJRV4H/agent/trajectory.json
Failed to retrieve model info for 'openrouter/google/gemma-4-26b-a4b-it': This model isn't mapped yet. model=openrouter/google/gemma-4-26b-a4b-it, custom_llm_provider=openrouter. Add it here - https://github.com/BerriAI/litellm/blob/main/model_prices_and_context_window.json.. Using fallback context limit: 1000000
Parser warnings: - Extra text detected before JSON object
- Extra text detected after JSON object
Trajectory dumped to /var/essdata/s_chumakov/automl-journal/runs/autods-tabred/jobs/terminus-tabred-Msmall-20260829-175356/homecredit-default__eNv265u/agent/trajectory.json
Failed to retrieve model info for 'openrouter/google/gemma-4-26b-a4b-it': This model isn't mapped yet. model=openrouter/google/gemma-4-26b-a4b-it, custom_llm_provider=openrouter. Add it here - https://github.com/BerriAI/litellm/blob/main/model_prices_and_context_window.json.. Using fallback context limit: 1000000
Parser warnings: - Extra text detected before JSON object
- Extra text detected after JSON object
Sending keys: ['ls -la /app && head -n 5 /app/predictions.csv && wc -l /app/predictions.csv\n'] min_timeout_sec: 0.1 max_timeout_sec: 180.0
Trajectory dumped to /var/essdata/s_chumakov/automl-journal/runs/autods-tabred/jobs/terminus-tabred-Msmall-20260829-175356/ecom-offers__yAJRV4H/agent/trajectory.json
Failed to retrieve model info for 'openrouter/google/gemma-4-26b-a4b-it': This model isn't mapped yet. model=openrouter/google/gemma-4-26b-a4b-it, custom_llm_provider=openrouter. Add it here - https://github.com/BerriAI/litellm/blob/main/model_prices_and_context_window.json.. Using fallback context limit: 1000000
Parser warnings: - Extra text detected before JSON object
- Extra text detected after JSON object
Trajectory dumped to /var/essdata/s_chumakov/automl-journal/runs/autods-tabred/jobs/terminus-tabred-Msmall-20260829-175356/homecredit-default__eNv265u/agent/trajectory.json
Failed to retrieve model info for 'openrouter/google/gemma-4-26b-a4b-it': This model isn't mapped yet. model=openrouter/google/gemma-4-26b-a4b-it, custom_llm_provider=openrouter. Add it here - https://github.com/BerriAI/litellm/blob/main/model_prices_and_context_window.json.. Using fallback context limit: 1000000
Parser warnings: - Extra text detected before JSON object
- Extra text detected after JSON object
Trajectory dumped to /var/essdata/s_chumakov/automl-journal/runs/autods-tabred/jobs/terminus-tabred-Msmall-20260829-175356/homecredit-default__eNv265u/agent/trajectory.json
Parser warnings: - Extra text detected before JSON object
- Extra text detected after JSON object
Sending keys: ['cat /app/predictions.csv | head -n 5\n'] min_timeout_sec: 0.1 max_timeout_sec: 180.0
Failed to retrieve model info for 'openrouter/google/gemma-4-26b-a4b-it': This model isn't mapped yet. model=openrouter/google/gemma-4-26b-a4b-it, custom_llm_provider=openrouter. Add it here - https://github.com/BerriAI/litellm/blob/main/model_prices_and_context_window.json.. Using fallback context limit: 1000000
Trajectory dumped to /var/essdata/s_chumakov/automl-journal/runs/autods-tabred/jobs/terminus-tabred-Msmall-20260829-175356/ecom-offers__yAJRV4H/agent/trajectory.json
Failed to retrieve model info for 'openrouter/google/gemma-4-26b-a4b-it': This model isn't mapped yet. model=openrouter/google/gemma-4-26b-a4b-it, custom_llm_provider=openrouter. Add it here - https://github.com/BerriAI/litellm/blob/main/model_prices_and_context_window.json.. Using fallback context limit: 1000000
Parser warnings: - Extra text detected before JSON object
- Extra text detected after JSON object
Trajectory dumped to /var/essdata/s_chumakov/automl-journal/runs/autods-tabred/jobs/terminus-tabred-Msmall-20260829-175356/homecredit-default__eNv265u/agent/trajectory.json
Failed to retrieve model info for 'openrouter/google/gemma-4-26b-a4b-it': This model isn't mapped yet. model=openrouter/google/gemma-4-26b-a4b-it, custom_llm_provider=openrouter. Add it here - https://github.com/BerriAI/litellm/blob/main/model_prices_and_context_window.json.. Using fallback context limit: 1000000
Parser warnings: - Extra text detected before JSON object
- Extra text detected after JSON object
Sending keys: ['ls /\n'] min_timeout_sec: 0.1 max_timeout_sec: 180.0
Sending keys: ['find /app -name "predictions.csv"\n'] min_timeout_sec: 1.0 max_timeout_sec: 180.0
Parser warnings: - Extra text detected before JSON object
- Extra text detected after JSON object
Trajectory dumped to /var/essdata/s_chumakov/automl-journal/runs/autods-tabred/jobs/terminus-tabred-Msmall-20260829-175356/homecredit-default__eNv265u/agent/trajectory.json
Failed to retrieve model info for 'openrouter/google/gemma-4-26b-a4b-it': This model isn't mapped yet. model=openrouter/google/gemma-4-26b-a4b-it, custom_llm_provider=openrouter. Add it here - https://github.com/BerriAI/litellm/blob/main/model_prices_and_context_window.json.. Using fallback context limit: 1000000
Trajectory dumped to /var/essdata/s_chumakov/automl-journal/runs/autods-tabred/jobs/terminus-tabred-Msmall-20260829-175356/ecom-offers__yAJRV4H/agent/trajectory.json
Failed to retrieve model info for 'openrouter/google/gemma-4-26b-a4b-it': This model isn't mapped yet. model=openrouter/google/gemma-4-26b-a4b-it, custom_llm_provider=openrouter. Add it here - https://github.com/BerriAI/litellm/blob/main/model_prices_and_context_window.json.. Using fallback context limit: 1000000
Parser warnings: - Extra text detected before JSON object
- Extra text detected after JSON object
Trajectory dumped to /var/essdata/s_chumakov/automl-journal/runs/autods-tabred/jobs/terminus-tabred-Msmall-20260829-175356/homecredit-default__eNv265u/agent/trajectory.json
Failed to retrieve model info for 'openrouter/google/gemma-4-26b-a4b-it': This model isn't mapped yet. model=openrouter/google/gemma-4-26b-a4b-it, custom_llm_provider=openrouter. Add it here - https://github.com/BerriAI/litellm/blob/main/model_prices_and_context_window.json.. Using fallback context limit: 1000000
Parser warnings: - Extra text detected before JSON object
- Extra text detected after JSON object
Sending keys: ['ls -la\n'] min_timeout_sec: 0.1 max_timeout_sec: 180.0
Trajectory dumped to /var/essdata/s_chumakov/automl-journal/runs/autods-tabred/jobs/terminus-tabred-Msmall-20260829-175356/ecom-offers__yAJRV4H/agent/trajectory.json
Failed to retrieve model info for 'openrouter/google/gemma-4-26b-a4b-it': This model isn't mapped yet. model=openrouter/google/gemma-4-26b-a4b-it, custom_llm_provider=openrouter. Add it here - https://github.com/BerriAI/litellm/blob/main/model_prices_and_context_window.json.. Using fallback context limit: 1000000
Parser warnings: - Extra text detected before JSON object
- Extra text detected after JSON object
Trajectory dumped to /var/essdata/s_chumakov/automl-journal/runs/autods-tabred/jobs/terminus-tabred-Msmall-20260829-175356/homecredit-default__eNv265u/agent/trajectory.json
Failed to retrieve model info for 'openrouter/google/gemma-4-26b-a4b-it': This model isn't mapped yet. model=openrouter/google/gemma-4-26b-a4b-it, custom_llm_provider=openrouter. Add it here - https://github.com/BerriAI/litellm/blob/main/model_prices_and_context_window.json.. Using fallback context limit: 1000000
Parser warnings: - Extra text detected before JSON object
- Extra text detected after JSON object
Sending keys: ['printf "%%s\\n" /app/predictions.csv | head -n 5\n'] min_timeout_sec: 0.1 max_timeout_sec: 180.0
Parser warnings: - Extra text detected before JSON object
- Extra text detected after JSON object
Trajectory dumped to /var/essdata/s_chumakov/automl-journal/runs/autods-tabred/jobs/terminus-tabred-Msmall-20260829-175356/homecredit-default__eNv265u/agent/trajectory.json
Failed to retrieve model info for 'openrouter/google/gemma-4-26b-a4b-it': This model isn't mapped yet. model=openrouter/google/gemma-4-26b-a4b-it, custom_llm_provider=openrouter. Add it here - https://github.com/BerriAI/litellm/blob/main/model_prices_and_context_window.json.. Using fallback context limit: 1000000
Trajectory dumped to /var/essdata/s_chumakov/automl-journal/runs/autods-tabred/jobs/terminus-tabred-Msmall-20260829-175356/ecom-offers__yAJRV4H/agent/trajectory.json
Failed to retrieve model info for 'openrouter/google/gemma-4-26b-a4b-it': This model isn't mapped yet. model=openrouter/google/gemma-4-26b-a4b-it, custom_llm_provider=openrouter. Add it here - https://github.com/BerriAI/litellm/blob/main/model_prices_and_context_window.json.. Using fallback context limit: 1000000
Parser warnings: - Extra text detected before JSON object
- Extra text detected after JSON object
Trajectory dumped to /var/essdata/s_chumakov/automl-journal/runs/autods-tabred/jobs/terminus-tabred-Msmall-20260829-175356/homecredit-default__eNv265u/agent/trajectory.json
Failed to retrieve model info for 'openrouter/google/gemma-4-26b-a4b-it': This model isn't mapped yet. model=openrouter/google/gemma-4-26b-a4b-it, custom_llm_provider=openrouter. Add it here - https://github.com/BerriAI/litellm/blob/main/model_prices_and_context_window.json.. Using fallback context limit: 1000000
Parser warnings: - Extra text detected before JSON object
- Extra text detected after JSON object
Trajectory dumped to /var/essdata/s_chumakov/automl-journal/runs/autods-tabred/jobs/terminus-tabred-Msmall-20260829-175356/homecredit-default__eNv265u/agent/trajectory.json
Parser warnings: - Extra text detected before JSON object
- Extra text detected after JSON object
Sending keys: ['ls -l /app/predictions.csv\n'] min_timeout_sec: 0.1 max_timeout_sec: 180.0
Failed to retrieve model info for 'openrouter/google/gemma-4-26b-a4b-it': This model isn't mapped yet. model=openrouter/google/gemma-4-26b-a4b-it, custom_llm_provider=openrouter. Add it here - https://github.com/BerriAI/litellm/blob/main/model_prices_and_context_window.json.. Using fallback context limit: 1000000
Trajectory dumped to /var/essdata/s_chumakov/automl-journal/runs/autods-tabred/jobs/terminus-tabred-Msmall-20260829-175356/ecom-offers__yAJRV4H/agent/trajectory.json
Failed to retrieve model info for 'openrouter/google/gemma-4-26b-a4b-it': This model isn't mapped yet. model=openrouter/google/gemma-4-26b-a4b-it, custom_llm_provider=openrouter. Add it here - https://github.com/BerriAI/litellm/blob/main/model_prices_and_context_window.json.. Using fallback context limit: 1000000
Parser warnings: - Extra text detected before JSON object
- Extra text detected after JSON object
Trajectory dumped to /var/essdata/s_chumakov/automl-journal/runs/autods-tabred/jobs/terminus-tabred-Msmall-20260829-175356/homecredit-default__eNv265u/agent/trajectory.json
Failed to retrieve model info for 'openrouter/google/gemma-4-26b-a4b-it': This model isn't mapped yet. model=openrouter/google/gemma-4-26b-a4b-it, custom_llm_provider=openrouter. Add it here - https://github.com/BerriAI/litellm/blob/main/model_prices_and_context_window.json.. Using fallback context limit: 1000000
Trajectory dumped to /var/essdata/s_chumakov/automl-journal/runs/autods-tabred/jobs/terminus-tabred-Msmall-20260829-175356/maps-routing__xhsyiK2/agent/trajectory.json
Failed to retrieve model info for 'openrouter/google/gemma-4-26b-a4b-it': This model isn't mapped yet. model=openrouter/google/gemma-4-26b-a4b-it, custom_llm_provider=openrouter. Add it here - https://github.com/BerriAI/litellm/blob/main/model_prices_and_context_window.json.. Using fallback context limit: 1000000
Parser warnings: - Extra text detected before JSON object
- Extra text detected after JSON object
Sending keys: ['python3 solution_v2.py && ls -l /app/predictions.csv\n'] min_timeout_sec: 60.0 max_timeout_sec: 180.0
Parser warnings: - Extra text detected before JSON object
- Extra text detected after JSON object
Trajectory dumped to /var/essdata/s_chumakov/automl-journal/runs/autods-tabred/jobs/terminus-tabred-Msmall-20260829-175356/homecredit-default__eNv265u/agent/trajectory.json
Failed to retrieve model info for 'openrouter/google/gemma-4-26b-a4b-it': This model isn't mapped yet. model=openrouter/google/gemma-4-26b-a4b-it, custom_llm_provider=openrouter. Add it here - https://github.com/BerriAI/litellm/blob/main/model_prices_and_context_window.json.. Using fallback context limit: 1000000
Trajectory dumped to /var/essdata/s_chumakov/automl-journal/runs/autods-tabred/jobs/terminus-tabred-Msmall-20260829-175356/delivery-eta__f9B9NpN/agent/trajectory.json
Failed to retrieve model info for 'openrouter/google/gemma-4-26b-a4b-it': This model isn't mapped yet. model=openrouter/google/gemma-4-26b-a4b-it, custom_llm_provider=openrouter. Add it here - https://github.com/BerriAI/litellm/blob/main/model_prices_and_context_window.json.. Using fallback context limit: 1000000
Sending keys: [''] min_timeout_sec: 60.0 max_timeout_sec: 180.0
Parser warnings: - Extra text detected before JSON object
- Extra text detected after JSON object
Sending keys: [''] min_timeout_sec: 60.0 max_timeout_sec: 180.0
Parser warnings: - Extra text detected before JSON object
- Extra text detected after JSON object
Trajectory dumped to /var/essdata/s_chumakov/automl-journal/runs/autods-tabred/jobs/terminus-tabred-Msmall-20260829-175356/homecredit-default__eNv265u/agent/trajectory.json
Failed to retrieve model info for 'openrouter/google/gemma-4-26b-a4b-it': This model isn't mapped yet. model=openrouter/google/gemma-4-26b-a4b-it, custom_llm_provider=openrouter. Add it here - https://github.com/BerriAI/litellm/blob/main/model_prices_and_context_window.json.. Using fallback context limit: 1000000
Parser warnings: - Extra text detected before JSON object
- Extra text detected after JSON object
Trajectory dumped to /var/essdata/s_chumakov/automl-journal/runs/autods-tabred/jobs/terminus-tabred-Msmall-20260829-175356/homecredit-default__eNv265u/agent/trajectory.json
Failed to retrieve model info for 'openrouter/google/gemma-4-26b-a4b-it': This model isn't mapped yet. model=openrouter/google/gemma-4-26b-a4b-it, custom_llm_provider=openrouter. Add it here - https://github.com/BerriAI/litellm/blob/main/model_prices_and_context_window.json.. Using fallback context limit: 1000000
Parser warnings: - Extra text detected before JSON object
- Extra text detected after JSON object
Trajectory dumped to /var/essdata/s_chumakov/automl-journal/runs/autods-tabred/jobs/terminus-tabred-Msmall-20260829-175356/homecredit-default__eNv265u/agent/trajectory.json
Failed to retrieve model info for 'openrouter/google/gemma-4-26b-a4b-it': This model isn't mapped yet. model=openrouter/google/gemma-4-26b-a4b-it, custom_llm_provider=openrouter. Add it here - https://github.com/BerriAI/litellm/blob/main/model_prices_and_context_window.json.. Using fallback context limit: 1000000
Parser warnings: - Extra text detected before JSON object
- Extra text detected after JSON object
Trajectory dumped to /var/essdata/s_chumakov/automl-journal/runs/autods-tabred/jobs/terminus-tabred-Msmall-20260829-175356/homecredit-default__eNv265u/agent/trajectory.json
Failed to retrieve model info for 'openrouter/google/gemma-4-26b-a4b-it': This model isn't mapped yet. model=openrouter/google/gemma-4-26b-a4b-it, custom_llm_provider=openrouter. Add it here - https://github.com/BerriAI/litellm/blob/main/model_prices_and_context_window.json.. Using fallback context limit: 1000000
Parser warnings: - Extra text detected before JSON object
- Extra text detected after JSON object
Trajectory dumped to /var/essdata/s_chumakov/automl-journal/runs/autods-tabred/jobs/terminus-tabred-Msmall-20260829-175356/homecredit-default__eNv265u/agent/trajectory.json
Failed to retrieve model info for 'openrouter/google/gemma-4-26b-a4b-it': This model isn't mapped yet. model=openrouter/google/gemma-4-26b-a4b-it, custom_llm_provider=openrouter. Add it here - https://github.com/BerriAI/litellm/blob/main/model_prices_and_context_window.json.. Using fallback context limit: 1000000
Parser warnings: - Extra text detected before JSON object
- Extra text detected after JSON object
Trajectory dumped to /var/essdata/s_chumakov/automl-journal/runs/autods-tabred/jobs/terminus-tabred-Msmall-20260829-175356/homecredit-default__eNv265u/agent/trajectory.json
Failed to retrieve model info for 'openrouter/google/gemma-4-26b-a4b-it': This model isn't mapped yet. model=openrouter/google/gemma-4-26b-a4b-it, custom_llm_provider=openrouter. Add it here - https://github.com/BerriAI/litellm/blob/main/model_prices_and_context_window.json.. Using fallback context limit: 1000000
Parser warnings: - Extra text detected before JSON object
- Extra text detected after JSON object
Sending keys: ['ls -l /app/predictions.csv\n'] min_timeout_sec: 0.1 max_timeout_sec: 180.0
Sending keys: ['head -n 5 /app/predictions.csv\n'] min_timeout_sec: 0.1 max_timeout_sec: 180.0
Sending keys: ['wc -l /app/predictions.csv\n'] min_timeout_sec: 0.1 max_timeout_sec: 180.0
Trajectory dumped to /var/essdata/s_chumakov/automl-journal/runs/autods-tabred/jobs/terminus-tabred-Msmall-20260829-175356/homecredit-default__eNv265u/agent/trajectory.json
Failed to retrieve model info for 'openrouter/google/gemma-4-26b-a4b-it': This model isn't mapped yet. model=openrouter/google/gemma-4-26b-a4b-it, custom_llm_provider=openrouter. Add it here - https://github.com/BerriAI/litellm/blob/main/model_prices_and_context_window.json.. Using fallback context limit: 1000000
Parser warnings: - Extra text detected before JSON object
- Extra text detected after JSON object
Sending keys: ['ls -la /app\n'] min_timeout_sec: 0.1 max_timeout_sec: 180.0
Trajectory dumped to /var/essdata/s_chumakov/automl-journal/runs/autods-tabred/jobs/terminus-tabred-Msmall-20260829-175356/homecredit-default__eNv265u/agent/trajectory.json
Failed to retrieve model info for 'openrouter/google/gemma-4-26b-a4b-it': This model isn't mapped yet. model=openrouter/google/gemma-4-26b-a4b-it, custom_llm_provider=openrouter. Add it here - https://github.com/BerriAI/litellm/blob/main/model_prices_and_context_window.json.. Using fallback context limit: 1000000
Parser warnings: - Extra text detected before JSON object
- Extra text detected after JSON object
Sending keys: ['ls -l /app/predictions.csv\n'] min_timeout_sec: 0.1 max_timeout_sec: 180.0
Sending keys: ['find /app -name predictions.csv\n'] min_timeout_sec: 0.1 max_timeout_sec: 180.0
Trajectory dumped to /var/essdata/s_chumakov/automl-journal/runs/autods-tabred/jobs/terminus-tabred-Msmall-20260829-175356/homecredit-default__eNv265u/agent/trajectory.json
Failed to retrieve model info for 'openrouter/google/gemma-4-26b-a4b-it': This model isn't mapped yet. model=openrouter/google/gemma-4-26b-a4b-it, custom_llm_provider=openrouter. Add it here - https://github.com/BerriAI/litellm/blob/main/model_prices_and_context_window.json.. Using fallback context limit: 1000000
Parser warnings: - Extra text detected before JSON object
- Extra text detected after JSON object
Trajectory dumped to /var/essdata/s_chumakov/automl-journal/runs/autods-tabred/jobs/terminus-tabred-Msmall-20260829-175356/homecredit-default__eNv265u/agent/trajectory.json
Failed to retrieve model info for 'openrouter/google/gemma-4-26b-a4b-it': This model isn't mapped yet. model=openrouter/google/gemma-4-26b-a4b-it, custom_llm_provider=openrouter. Add it here - https://github.com/BerriAI/litellm/blob/main/model_prices_and_context_window.json.. Using fallback context limit: 1000000
Parser warnings: - Extra text detected before JSON object
- Extra text detected after JSON object
Trajectory dumped to /var/essdata/s_chumakov/automl-journal/runs/autods-tabred/jobs/terminus-tabred-Msmall-20260829-175356/homecredit-default__eNv265u/agent/trajectory.json
Failed to retrieve model info for 'openrouter/google/gemma-4-26b-a4b-it': This model isn't mapped yet. model=openrouter/google/gemma-4-26b-a4b-it, custom_llm_provider=openrouter. Add it here - https://github.com/BerriAI/litellm/blob/main/model_prices_and_context_window.json.. Using fallback context limit: 1000000
Parser warnings: - Extra text detected before JSON object
- Extra text detected after JSON object
Trajectory dumped to /var/essdata/s_chumakov/automl-journal/runs/autods-tabred/jobs/terminus-tabred-Msmall-20260829-175356/homecredit-default__eNv265u/agent/trajectory.json
Failed to retrieve model info for 'openrouter/google/gemma-4-26b-a4b-it': This model isn't mapped yet. model=openrouter/google/gemma-4-26b-a4b-it, custom_llm_provider=openrouter. Add it here - https://github.com/BerriAI/litellm/blob/main/model_prices_and_context_window.json.. Using fallback context limit: 1000000
Parser warnings: - Extra text detected before JSON object
- Extra text detected after JSON object
Trajectory dumped to /var/essdata/s_chumakov/automl-journal/runs/autods-tabred/jobs/terminus-tabred-Msmall-20260829-175356/homecredit-default__eNv265u/agent/trajectory.json
Failed to retrieve model info for 'openrouter/google/gemma-4-26b-a4b-it': This model isn't mapped yet. model=openrouter/google/gemma-4-26b-a4b-it, custom_llm_provider=openrouter. Add it here - https://github.com/BerriAI/litellm/blob/main/model_prices_and_context_window.json.. Using fallback context limit: 1000000
Parser warnings: - Extra text detected before JSON object
- Extra text detected after JSON object
Trajectory dumped to /var/essdata/s_chumakov/automl-journal/runs/autods-tabred/jobs/terminus-tabred-Msmall-20260829-175356/homecredit-default__eNv265u/agent/trajectory.json
Failed to retrieve model info for 'openrouter/google/gemma-4-26b-a4b-it': This model isn't mapped yet. model=openrouter/google/gemma-4-26b-a4b-it, custom_llm_provider=openrouter. Add it here - https://github.com/BerriAI/litellm/blob/main/model_prices_and_context_window.json.. Using fallback context limit: 1000000
Parser warnings: - Extra text detected before JSON object
- Extra text detected after JSON object
Trajectory dumped to /var/essdata/s_chumakov/automl-journal/runs/autods-tabred/jobs/terminus-tabred-Msmall-20260829-175356/homecredit-default__eNv265u/agent/trajectory.json
Failed to retrieve model info for 'openrouter/google/gemma-4-26b-a4b-it': This model isn't mapped yet. model=openrouter/google/gemma-4-26b-a4b-it, custom_llm_provider=openrouter. Add it here - https://github.com/BerriAI/litellm/blob/main/model_prices_and_context_window.json.. Using fallback context limit: 1000000
Parser warnings: - Extra text detected before JSON object
- Extra text detected after JSON object
Trajectory dumped to /var/essdata/s_chumakov/automl-journal/runs/autods-tabred/jobs/terminus-tabred-Msmall-20260829-175356/homecredit-default__eNv265u/agent/trajectory.json
Failed to retrieve model info for 'openrouter/google/gemma-4-26b-a4b-it': This model isn't mapped yet. model=openrouter/google/gemma-4-26b-a4b-it, custom_llm_provider=openrouter. Add it here - https://github.com/BerriAI/litellm/blob/main/model_prices_and_context_window.json.. Using fallback context limit: 1000000
Parser warnings: - Extra text detected before JSON object
- Extra text detected after JSON object
Trajectory dumped to /var/essdata/s_chumakov/automl-journal/runs/autods-tabred/jobs/terminus-tabred-Msmall-20260829-175356/homecredit-default__eNv265u/agent/trajectory.json
Failed to retrieve model info for 'openrouter/google/gemma-4-26b-a4b-it': This model isn't mapped yet. model=openrouter/google/gemma-4-26b-a4b-it, custom_llm_provider=openrouter. Add it here - https://github.com/BerriAI/litellm/blob/main/model_prices_and_context_window.json.. Using fallback context limit: 1000000
Parser warnings: - Extra text detected before JSON object
- Extra text detected after JSON object
Trajectory dumped to /var/essdata/s_chumakov/automl-journal/runs/autods-tabred/jobs/terminus-tabred-Msmall-20260829-175356/homecredit-default__eNv265u/agent/trajectory.json
Failed to retrieve model info for 'openrouter/google/gemma-4-26b-a4b-it': This model isn't mapped yet. model=openrouter/google/gemma-4-26b-a4b-it, custom_llm_provider=openrouter. Add it here - https://github.com/BerriAI/litellm/blob/main/model_prices_and_context_window.json.. Using fallback context limit: 1000000
Parser warnings: - Extra text detected before JSON object
- Extra text detected after JSON object
Trajectory dumped to /var/essdata/s_chumakov/automl-journal/runs/autods-tabred/jobs/terminus-tabred-Msmall-20260829-175356/homecredit-default__eNv265u/agent/trajectory.json
Failed to retrieve model info for 'openrouter/google/gemma-4-26b-a4b-it': This model isn't mapped yet. model=openrouter/google/gemma-4-26b-a4b-it, custom_llm_provider=openrouter. Add it here - https://github.com/BerriAI/litellm/blob/main/model_prices_and_context_window.json.. Using fallback context limit: 1000000
Trajectory dumped to /var/essdata/s_chumakov/automl-journal/runs/autods-tabred/jobs/terminus-tabred-Msmall-20260829-175356/ecom-offers__yAJRV4H/agent/trajectory.json
Failed to retrieve model info for 'openrouter/google/gemma-4-26b-a4b-it': This model isn't mapped yet. model=openrouter/google/gemma-4-26b-a4b-it, custom_llm_provider=openrouter. Add it here - https://github.com/BerriAI/litellm/blob/main/model_prices_and_context_window.json.. Using fallback context limit: 1000000
Parser warnings: - Extra text detected before JSON object
- Extra text detected after JSON object
Trajectory dumped to /var/essdata/s_chumakov/automl-journal/runs/autods-tabred/jobs/terminus-tabred-Msmall-20260829-175356/homecredit-default__eNv265u/agent/trajectory.json
Trajectory dumped to /var/essdata/s_chumakov/automl-journal/runs/autods-tabred/jobs/terminus-tabred-Msmall-20260829-175356/maps-routing__xhsyiK2/agent/trajectory.json
Failed to retrieve model info for 'openrouter/google/gemma-4-26b-a4b-it': This model isn't mapped yet. model=openrouter/google/gemma-4-26b-a4b-it, custom_llm_provider=openrouter. Add it here - https://github.com/BerriAI/litellm/blob/main/model_prices_and_context_window.json.. Using fallback context limit: 1000000
Failed to retrieve model info for 'openrouter/google/gemma-4-26b-a4b-it': This model isn't mapped yet. model=openrouter/google/gemma-4-26b-a4b-it, custom_llm_provider=openrouter. Add it here - https://github.com/BerriAI/litellm/blob/main/model_prices_and_context_window.json.. Using fallback context limit: 1000000
Sending keys: [''] min_timeout_sec: 60.0 max_timeout_sec: 180.0
Trajectory dumped to /var/essdata/s_chumakov/automl-journal/runs/autods-tabred/jobs/terminus-tabred-Msmall-20260829-175356/delivery-eta__f9B9NpN/agent/trajectory.json
Failed to retrieve model info for 'openrouter/google/gemma-4-26b-a4b-it': This model isn't mapped yet. model=openrouter/google/gemma-4-26b-a4b-it, custom_llm_provider=openrouter. Add it here - https://github.com/BerriAI/litellm/blob/main/model_prices_and_context_window.json.. Using fallback context limit: 1000000
Parser warnings: - Extra text detected before JSON object
- Extra text detected after JSON object
Parser warnings: - Extra text detected before JSON object
- Extra text detected after JSON object
Sending keys: ['ls -l /app/predictions.csv\n'] min_timeout_sec: 0.1 max_timeout_sec: 180.0
Trajectory dumped to /var/essdata/s_chumakov/automl-journal/runs/autods-tabred/jobs/terminus-tabred-Msmall-20260829-175356/homecredit-default__eNv265u/agent/trajectory.json
Failed to retrieve model info for 'openrouter/google/gemma-4-26b-a4b-it': This model isn't mapped yet. model=openrouter/google/gemma-4-26b-a4b-it, custom_llm_provider=openrouter. Add it here - https://github.com/BerriAI/litellm/blob/main/model_prices_and_context_window.json.. Using fallback context limit: 1000000
Trajectory dumped to /var/essdata/s_chumakov/automl-journal/runs/autods-tabred/jobs/terminus-tabred-Msmall-20260829-175356/ecom-offers__yAJRV4H/agent/trajectory.json
Failed to retrieve model info for 'openrouter/google/gemma-4-26b-a4b-it': This model isn't mapped yet. model=openrouter/google/gemma-4-26b-a4b-it, custom_llm_provider=openrouter. Add it here - https://github.com/BerriAI/litellm/blob/main/model_prices_and_context_window.json.. Using fallback context limit: 1000000
Parser warnings: - Extra text detected before JSON object
- Extra text detected after JSON object
Sending keys: [''] min_timeout_sec: 60.0 max_timeout_sec: 180.0
Parser warnings: - Extra text detected before JSON object
- Extra text detected after JSON object
Trajectory dumped to /var/essdata/s_chumakov/automl-journal/runs/autods-tabred/jobs/terminus-tabred-Msmall-20260829-175356/homecredit-default__eNv265u/agent/trajectory.json
Failed to retrieve model info for 'openrouter/google/gemma-4-26b-a4b-it': This model isn't mapped yet. model=openrouter/google/gemma-4-26b-a4b-it, custom_llm_provider=openrouter. Add it here - https://github.com/BerriAI/litellm/blob/main/model_prices_and_context_window.json.. Using fallback context limit: 1000000
Parser warnings: - Extra text detected before JSON object
- Extra text detected after JSON object
Sending keys: ['ls -l /app/predictions.csv\n'] min_timeout_sec: 0.1 max_timeout_sec: 180.0
Trajectory dumped to /var/essdata/s_chumakov/automl-journal/runs/autods-tabred/jobs/terminus-tabred-Msmall-20260829-175356/ecom-offers__yAJRV4H/agent/trajectory.json
Failed to retrieve model info for 'openrouter/google/gemma-4-26b-a4b-it': This model isn't mapped yet. model=openrouter/google/gemma-4-26b-a4b-it, custom_llm_provider=openrouter. Add it here - https://github.com/BerriAI/litellm/blob/main/model_prices_and_context_window.json.. Using fallback context limit: 1000000
Parser warnings: - Extra text detected before JSON object
- Extra text detected after JSON object
Trajectory dumped to /var/essdata/s_chumakov/automl-journal/runs/autods-tabred/jobs/terminus-tabred-Msmall-20260829-175356/homecredit-default__eNv265u/agent/trajectory.json
Failed to retrieve model info for 'openrouter/google/gemma-4-26b-a4b-it': This model isn't mapped yet. model=openrouter/google/gemma-4-26b-a4b-it, custom_llm_provider=openrouter. Add it here - https://github.com/BerriAI/litellm/blob/main/model_prices_and_context_window.json.. Using fallback context limit: 1000000
Parser warnings: - Extra text detected before JSON object
- Extra text detected after JSON object
Trajectory dumped to /var/essdata/s_chumakov/automl-journal/runs/autods-tabred/jobs/terminus-tabred-Msmall-20260829-175356/ecom-offers__yAJRV4H/agent/trajectory.json
Trajectory dumped to /var/essdata/s_chumakov/automl-journal/runs/autods-tabred/jobs/terminus-tabred-Msmall-20260829-175356/ecom-offers__yAJRV4H/agent/trajectory.json
Collecting main service artifacts
Parser warnings: - Extra text detected before JSON object
- Extra text detected after JSON object
Trajectory dumped to /var/essdata/s_chumakov/automl-journal/runs/autods-tabred/jobs/terminus-tabred-Msmall-20260829-175356/homecredit-default__eNv265u/agent/trajectory.json
Failed to retrieve model info for 'openrouter/google/gemma-4-26b-a4b-it': This model isn't mapped yet. model=openrouter/google/gemma-4-26b-a4b-it, custom_llm_provider=openrouter. Add it here - https://github.com/BerriAI/litellm/blob/main/model_prices_and_context_window.json.. Using fallback context limit: 1000000
Parser warnings: - Extra text detected before JSON object
- Extra text detected after JSON object
Trajectory dumped to /var/essdata/s_chumakov/automl-journal/runs/autods-tabred/jobs/terminus-tabred-Msmall-20260829-175356/homecredit-default__eNv265u/agent/trajectory.json
Failed to retrieve model info for 'openrouter/google/gemma-4-26b-a4b-it': This model isn't mapped yet. model=openrouter/google/gemma-4-26b-a4b-it, custom_llm_provider=openrouter. Add it here - https://github.com/BerriAI/litellm/blob/main/model_prices_and_context_window.json.. Using fallback context limit: 1000000
Parser warnings: - Extra text detected before JSON object
- Extra text detected after JSON object
Trajectory dumped to /var/essdata/s_chumakov/automl-journal/runs/autods-tabred/jobs/terminus-tabred-Msmall-20260829-175356/homecredit-default__eNv265u/agent/trajectory.json
Failed to retrieve model info for 'openrouter/google/gemma-4-26b-a4b-it': This model isn't mapped yet. model=openrouter/google/gemma-4-26b-a4b-it, custom_llm_provider=openrouter. Add it here - https://github.com/BerriAI/litellm/blob/main/model_prices_and_context_window.json.. Using fallback context limit: 1000000
Parser warnings: - Extra text detected before JSON object
- Extra text detected after JSON object
Trajectory dumped to /var/essdata/s_chumakov/automl-journal/runs/autods-tabred/jobs/terminus-tabred-Msmall-20260829-175356/homecredit-default__eNv265u/agent/trajectory.json
Failed to retrieve model info for 'openrouter/google/gemma-4-26b-a4b-it': This model isn't mapped yet. model=openrouter/google/gemma-4-26b-a4b-it, custom_llm_provider=openrouter. Add it here - https://github.com/BerriAI/litellm/blob/main/model_prices_and_context_window.json.. Using fallback context limit: 1000000
Parser warnings: - Extra text detected before JSON object
- Extra text detected after JSON object
Trajectory dumped to /var/essdata/s_chumakov/automl-journal/runs/autods-tabred/jobs/terminus-tabred-Msmall-20260829-175356/homecredit-default__eNv265u/agent/trajectory.json
Failed to retrieve model info for 'openrouter/google/gemma-4-26b-a4b-it': This model isn't mapped yet. model=openrouter/google/gemma-4-26b-a4b-it, custom_llm_provider=openrouter. Add it here - https://github.com/BerriAI/litellm/blob/main/model_prices_and_context_window.json.. Using fallback context limit: 1000000
Parser warnings: - Extra text detected before JSON object
- Extra text detected after JSON object
Trajectory dumped to /var/essdata/s_chumakov/automl-journal/runs/autods-tabred/jobs/terminus-tabred-Msmall-20260829-175356/homecredit-default__eNv265u/agent/trajectory.json
Failed to retrieve model info for 'openrouter/google/gemma-4-26b-a4b-it': This model isn't mapped yet. model=openrouter/google/gemma-4-26b-a4b-it, custom_llm_provider=openrouter. Add it here - https://github.com/BerriAI/litellm/blob/main/model_prices_and_context_window.json.. Using fallback context limit: 1000000
Parser warnings: - Extra text detected before JSON object
- Extra text detected after JSON object
Trajectory dumped to /var/essdata/s_chumakov/automl-journal/runs/autods-tabred/jobs/terminus-tabred-Msmall-20260829-175356/homecredit-default__eNv265u/agent/trajectory.json
Failed to retrieve model info for 'openrouter/google/gemma-4-26b-a4b-it': This model isn't mapped yet. model=openrouter/google/gemma-4-26b-a4b-it, custom_llm_provider=openrouter. Add it here - https://github.com/BerriAI/litellm/blob/main/model_prices_and_context_window.json.. Using fallback context limit: 1000000
Parser warnings: - Extra text detected before JSON object
- Extra text detected after JSON object
Trajectory dumped to /var/essdata/s_chumakov/automl-journal/runs/autods-tabred/jobs/terminus-tabred-Msmall-20260829-175356/homecredit-default__eNv265u/agent/trajectory.json
Failed to retrieve model info for 'openrouter/google/gemma-4-26b-a4b-it': This model isn't mapped yet. model=openrouter/google/gemma-4-26b-a4b-it, custom_llm_provider=openrouter. Add it here - https://github.com/BerriAI/litellm/blob/main/model_prices_and_context_window.json.. Using fallback context limit: 1000000
Parser warnings: - Extra text detected before JSON object
- Extra text detected after JSON object
Trajectory dumped to /var/essdata/s_chumakov/automl-journal/runs/autods-tabred/jobs/terminus-tabred-Msmall-20260829-175356/homecredit-default__eNv265u/agent/trajectory.json
Failed to retrieve model info for 'openrouter/google/gemma-4-26b-a4b-it': This model isn't mapped yet. model=openrouter/google/gemma-4-26b-a4b-it, custom_llm_provider=openrouter. Add it here - https://github.com/BerriAI/litellm/blob/main/model_prices_and_context_window.json.. Using fallback context limit: 1000000
Skipping image OS validation for hb__1555665de9382897e5b671202cdfec67: docker inspect returned 1
Parser warnings: - Extra text detected before JSON object
- Extra text detected after JSON object
Trajectory dumped to /var/essdata/s_chumakov/automl-journal/runs/autods-tabred/jobs/terminus-tabred-Msmall-20260829-175356/homecredit-default__eNv265u/agent/trajectory.json
Failed to retrieve model info for 'openrouter/google/gemma-4-26b-a4b-it': This model isn't mapped yet. model=openrouter/google/gemma-4-26b-a4b-it, custom_llm_provider=openrouter. Add it here - https://github.com/BerriAI/litellm/blob/main/model_prices_and_context_window.json.. Using fallback context limit: 1000000
Parser warnings: - Extra text detected before JSON object
- Extra text detected after JSON object
Trajectory dumped to /var/essdata/s_chumakov/automl-journal/runs/autods-tabred/jobs/terminus-tabred-Msmall-20260829-175356/homecredit-default__eNv265u/agent/trajectory.json
Failed to retrieve model info for 'openrouter/google/gemma-4-26b-a4b-it': This model isn't mapped yet. model=openrouter/google/gemma-4-26b-a4b-it, custom_llm_provider=openrouter. Add it here - https://github.com/BerriAI/litellm/blob/main/model_prices_and_context_window.json.. Using fallback context limit: 1000000
Parser warnings: - Extra text detected before JSON object
- Extra text detected after JSON object
Trajectory dumped to /var/essdata/s_chumakov/automl-journal/runs/autods-tabred/jobs/terminus-tabred-Msmall-20260829-175356/homecredit-default__eNv265u/agent/trajectory.json
Failed to retrieve model info for 'openrouter/google/gemma-4-26b-a4b-it': This model isn't mapped yet. model=openrouter/google/gemma-4-26b-a4b-it, custom_llm_provider=openrouter. Add it here - https://github.com/BerriAI/litellm/blob/main/model_prices_and_context_window.json.. Using fallback context limit: 1000000
Installing: tmux, asciinema
Detected system: {'os': 'debian-based', 'package_manager': 'apt-get', 'update_command': None}
Installing tools using apt-get: DEBIAN_FRONTEND=noninteractive apt-get update && DEBIAN_FRONTEND=noninteractive apt-get install -y tmux asciinema
Parser warnings: - Extra text detected before JSON object
- Extra text detected after JSON object
Trajectory dumped to /var/essdata/s_chumakov/automl-journal/runs/autods-tabred/jobs/terminus-tabred-Msmall-20260829-175356/homecredit-default__eNv265u/agent/trajectory.json
Failed to retrieve model info for 'openrouter/google/gemma-4-26b-a4b-it': This model isn't mapped yet. model=openrouter/google/gemma-4-26b-a4b-it, custom_llm_provider=openrouter. Add it here - https://github.com/BerriAI/litellm/blob/main/model_prices_and_context_window.json.. Using fallback context limit: 1000000
Parser warnings: - Extra text detected before JSON object
- Extra text detected after JSON object
Trajectory dumped to /var/essdata/s_chumakov/automl-journal/runs/autods-tabred/jobs/terminus-tabred-Msmall-20260829-175356/homecredit-default__eNv265u/agent/trajectory.json
Failed to retrieve model info for 'openrouter/google/gemma-4-26b-a4b-it': This model isn't mapped yet. model=openrouter/google/gemma-4-26b-a4b-it, custom_llm_provider=openrouter. Add it here - https://github.com/BerriAI/litellm/blob/main/model_prices_and_context_window.json.. Using fallback context limit: 1000000
Trajectory dumped to /var/essdata/s_chumakov/automl-journal/runs/autods-tabred/jobs/terminus-tabred-Msmall-20260829-175356/maps-routing__xhsyiK2/agent/trajectory.json
Failed to retrieve model info for 'openrouter/google/gemma-4-26b-a4b-it': This model isn't mapped yet. model=openrouter/google/gemma-4-26b-a4b-it, custom_llm_provider=openrouter. Add it here - https://github.com/BerriAI/litellm/blob/main/model_prices_and_context_window.json.. Using fallback context limit: 1000000
Parser warnings: - Extra text detected before JSON object
- Extra text detected after JSON object
Trajectory dumped to /var/essdata/s_chumakov/automl-journal/runs/autods-tabred/jobs/terminus-tabred-Msmall-20260829-175356/homecredit-default__eNv265u/agent/trajectory.json
Failed to retrieve model info for 'openrouter/google/gemma-4-26b-a4b-it': This model isn't mapped yet. model=openrouter/google/gemma-4-26b-a4b-it, custom_llm_provider=openrouter. Add it here - https://github.com/BerriAI/litellm/blob/main/model_prices_and_context_window.json.. Using fallback context limit: 1000000
Sending keys: [''] min_timeout_sec: 60.0 max_timeout_sec: 180.0
Trajectory dumped to /var/essdata/s_chumakov/automl-journal/runs/autods-tabred/jobs/terminus-tabred-Msmall-20260829-175356/delivery-eta__f9B9NpN/agent/trajectory.json
Failed to retrieve model info for 'openrouter/google/gemma-4-26b-a4b-it': This model isn't mapped yet. model=openrouter/google/gemma-4-26b-a4b-it, custom_llm_provider=openrouter. Add it here - https://github.com/BerriAI/litellm/blob/main/model_prices_and_context_window.json.. Using fallback context limit: 1000000
Parser warnings: - Extra text detected before JSON object
- Extra text detected after JSON object
Trajectory dumped to /var/essdata/s_chumakov/automl-journal/runs/autods-tabred/jobs/terminus-tabred-Msmall-20260829-175356/homecredit-default__eNv265u/agent/trajectory.json
Failed to retrieve model info for 'openrouter/google/gemma-4-26b-a4b-it': This model isn't mapped yet. model=openrouter/google/gemma-4-26b-a4b-it, custom_llm_provider=openrouter. Add it here - https://github.com/BerriAI/litellm/blob/main/model_prices_and_context_window.json.. Using fallback context limit: 1000000
Starting recording.
Sending keys: ['asciinema rec --stdin /logs/agent/recording.cast', 'Enter'] min_timeout_sec: 1.0 max_timeout_sec: 180.0
Sending keys: ['clear', 'Enter'] min_timeout_sec: 0.0 max_timeout_sec: 180.0
Failed to retrieve model info for 'openrouter/google/gemma-4-26b-a4b-it': This model isn't mapped yet. model=openrouter/google/gemma-4-26b-a4b-it, custom_llm_provider=openrouter. Add it here - https://github.com/BerriAI/litellm/blob/main/model_prices_and_context_window.json.. Using fallback context limit: 1000000
Parser warnings: - Extra text detected before JSON object
- Extra text detected after JSON object
Sending keys: [''] min_timeout_sec: 60.0 max_timeout_sec: 180.0
Parser warnings: - Extra text detected before JSON object
- Extra text detected after JSON object
Trajectory dumped to /var/essdata/s_chumakov/automl-journal/runs/autods-tabred/jobs/terminus-tabred-Msmall-20260829-175356/homecredit-default__eNv265u/agent/trajectory.json
Failed to retrieve model info for 'openrouter/google/gemma-4-26b-a4b-it': This model isn't mapped yet. model=openrouter/google/gemma-4-26b-a4b-it, custom_llm_provider=openrouter. Add it here - https://github.com/BerriAI/litellm/blob/main/model_prices_and_context_window.json.. Using fallback context limit: 1000000
Parser warnings: - Extra text detected before JSON object
- Extra text detected after JSON object
Sending keys: ['ls -la /app/data\n'] min_timeout_sec: 0.1 max_timeout_sec: 180.0
Parser warnings: - Extra text detected before JSON object
- Extra text detected after JSON object
Trajectory dumped to /var/essdata/s_chumakov/automl-journal/runs/autods-tabred/jobs/terminus-tabred-Msmall-20260829-175356/maps-routing__KdWHUJa/agent/trajectory.json
Trajectory dumped to /var/essdata/s_chumakov/automl-journal/runs/autods-tabred/jobs/terminus-tabred-Msmall-20260829-175356/homecredit-default__eNv265u/agent/trajectory.json
Failed to retrieve model info for 'openrouter/google/gemma-4-26b-a4b-it': This model isn't mapped yet. model=openrouter/google/gemma-4-26b-a4b-it, custom_llm_provider=openrouter. Add it here - https://github.com/BerriAI/litellm/blob/main/model_prices_and_context_window.json.. Using fallback context limit: 1000000
Failed to retrieve model info for 'openrouter/google/gemma-4-26b-a4b-it': This model isn't mapped yet. model=openrouter/google/gemma-4-26b-a4b-it, custom_llm_provider=openrouter. Add it here - https://github.com/BerriAI/litellm/blob/main/model_prices_and_context_window.json.. Using fallback context limit: 1000000
Parser warnings: - Extra text detected before JSON object
- Extra text detected after JSON object
Trajectory dumped to /var/essdata/s_chumakov/automl-journal/runs/autods-tabred/jobs/terminus-tabred-Msmall-20260829-175356/homecredit-default__eNv265u/agent/trajectory.json
Failed to retrieve model info for 'openrouter/google/gemma-4-26b-a4b-it': This model isn't mapped yet. model=openrouter/google/gemma-4-26b-a4b-it, custom_llm_provider=openrouter. Add it here - https://github.com/BerriAI/litellm/blob/main/model_prices_and_context_window.json.. Using fallback context limit: 1000000
Parser warnings: - Extra text detected before JSON object
- Extra text detected after JSON object
Sending keys: ['head -n 5 /app/data/train.csv\n'] min_timeout_sec: 0.1 max_timeout_sec: 180.0
Sending keys: ['cat /app/data/schema.json\n'] min_timeout_sec: 0.1 max_timeout_sec: 180.0
Trajectory dumped to /var/essdata/s_chumakov/automl-journal/runs/autods-tabred/jobs/terminus-tabred-Msmall-20260829-175356/maps-routing__KdWHUJa/agent/trajectory.json
Failed to retrieve model info for 'openrouter/google/gemma-4-26b-a4b-it': This model isn't mapped yet. model=openrouter/google/gemma-4-26b-a4b-it, custom_llm_provider=openrouter. Add it here - https://github.com/BerriAI/litellm/blob/main/model_prices_and_context_window.json.. Using fallback context limit: 1000000
Parser warnings: - Extra text detected before JSON object
- Extra text detected after JSON object
Trajectory dumped to /var/essdata/s_chumakov/automl-journal/runs/autods-tabred/jobs/terminus-tabred-Msmall-20260829-175356/homecredit-default__eNv265u/agent/trajectory.json
Failed to retrieve model info for 'openrouter/google/gemma-4-26b-a4b-it': This model isn't mapped yet. model=openrouter/google/gemma-4-26b-a4b-it, custom_llm_provider=openrouter. Add it here - https://github.com/BerriAI/litellm/blob/main/model_prices_and_context_window.json.. Using fallback context limit: 1000000
Parser warnings: - Extra text detected before JSON object
- Extra text detected after JSON object
Trajectory dumped to /var/essdata/s_chumakov/automl-journal/runs/autods-tabred/jobs/terminus-tabred-Msmall-20260829-175356/homecredit-default__eNv265u/agent/trajectory.json
Failed to retrieve model info for 'openrouter/google/gemma-4-26b-a4b-it': This model isn't mapped yet. model=openrouter/google/gemma-4-26b-a4b-it, custom_llm_provider=openrouter. Add it here - https://github.com/BerriAI/litellm/blob/main/model_prices_and_context_window.json.. Using fallback context limit: 1000000
Parser warnings: - Extra text detected before JSON object
- Extra text detected after JSON object
Trajectory dumped to /var/essdata/s_chumakov/automl-journal/runs/autods-tabred/jobs/terminus-tabred-Msmall-20260829-175356/homecredit-default__eNv265u/agent/trajectory.json
Failed to retrieve model info for 'openrouter/google/gemma-4-26b-a4b-it': This model isn't mapped yet. model=openrouter/google/gemma-4-26b-a4b-it, custom_llm_provider=openrouter. Add it here - https://github.com/BerriAI/litellm/blob/main/model_prices_and_context_window.json.. Using fallback context limit: 1000000
Parser warnings: - Extra text detected before JSON object
- Extra text detected after JSON object
Trajectory dumped to /var/essdata/s_chumakov/automl-journal/runs/autods-tabred/jobs/terminus-tabred-Msmall-20260829-175356/homecredit-default__eNv265u/agent/trajectory.json
Failed to retrieve model info for 'openrouter/google/gemma-4-26b-a4b-it': This model isn't mapped yet. model=openrouter/google/gemma-4-26b-a4b-it, custom_llm_provider=openrouter. Add it here - https://github.com/BerriAI/litellm/blob/main/model_prices_and_context_window.json.. Using fallback context limit: 1000000
Parser warnings: - Extra text detected before JSON object
- Extra text detected after JSON object
Trajectory dumped to /var/essdata/s_chumakov/automl-journal/runs/autods-tabred/jobs/terminus-tabred-Msmall-20260829-175356/homecredit-default__eNv265u/agent/trajectory.json
Failed to retrieve model info for 'openrouter/google/gemma-4-26b-a4b-it': This model isn't mapped yet. model=openrouter/google/gemma-4-26b-a4b-it, custom_llm_provider=openrouter. Add it here - https://github.com/BerriAI/litellm/blob/main/model_prices_and_context_window.json.. Using fallback context limit: 1000000
Parser warnings: - Extra text detected before JSON object
- Extra text detected after JSON object
Sending keys: ['cat << \'EOF\' > solution.py\nimport pandas as pd\nimport numpy as np\nimport lightgbm as lgb\nfrom sklearn.metrics import mean_squared_error\nimport os\n\ndef main():\n    train_path = \'/app/data/train.csv\'\n    val_path = \'/app/data/val.csv\'\n    test_path = \'/app/data/test.csv\'\n    output_path = \'/app/predictions.csv\'\n\n    print("Loading data...")\n    # Using low_memory=False to avoid dtype warnings; \n    # In a real scenario with 2GB+ files, we might use chunking or specify dtypes\n    train = pd.read_csv(train_path)\n    val = pd.read_csv(val_path)\n    test = pd.read_csv(test_path)\n\n    print("Preprocessing...")\n    y_train = train[\'target\']\n    X_train = train.drop(columns=[\'target\'])\n    y_val = val[\'target\']\n    X_val = val.drop(columns=[\'target\'])\n\n    # Identify categorical columns\n    cat_cols = [col for col in X_train.columns if col.startswith(\'cat_\')]\n    for col in cat_cols:\n        X_train[col] = X_train[col].astype(\'category\')\n        X_val[col] = X_val[col].astype(\'category\')\n        test[col] = test[col].astype(\'category\')\n\n    print("Training model...")\n    # LightGBM is great for tabular data and handles NaNs automatically\n    model = lgb.LGBMRegressor(\n        n_estimators=500,\n        learning_rate=0.05,\n        num_leaves=31,\n        random_state=42,\n        n_jobs=-1\n    )\n\n    model.fit(\n        X_train, y_train,\n        eval_set=[(X_val, y_val)],\n        eval_metric=\'rmse\',\n        callbacks=[lgb.early_stopping(stopping_rounds=50)]\n    )\n\n    print("Evaluating...")\n    val_preds = model.predict(X_val)\n    rmse = np.sqrt(mean_squared_error(y_val, val_preds))\n    print(f"Validation RMSE: {rmse}")\n\n    print("Predicting test set...")\n    test_preds = model.predict(test)\n\n    print("Saving predictions...")\n    # Ensure predictions are finite\n    test_preds = np.nan_to_num(test_preds, nan=np.nanmean(test_preds))\n    \n    df_preds = pd.DataFrame({\'target\': test_preds})\n    df_preds.to_csv(output_path, index=False)\n    print(f"Predictions saved to {output_path}")\n\nif __name__ == \'__main__\':\n    main()\nEOF\n'] min_timeout_sec: 0.1 max_timeout_sec: 180.0
Sending keys: ['python3 solution.py\n'] min_timeout_sec: 60.0 max_timeout_sec: 180.0
Parser warnings: - Extra text detected before JSON object
- Extra text detected after JSON object
Trajectory dumped to /var/essdata/s_chumakov/automl-journal/runs/autods-tabred/jobs/terminus-tabred-Msmall-20260829-175356/homecredit-default__eNv265u/agent/trajectory.json
Failed to retrieve model info for 'openrouter/google/gemma-4-26b-a4b-it': This model isn't mapped yet. model=openrouter/google/gemma-4-26b-a4b-it, custom_llm_provider=openrouter. Add it here - https://github.com/BerriAI/litellm/blob/main/model_prices_and_context_window.json.. Using fallback context limit: 1000000
Parser warnings: - Extra text detected before JSON object
- Extra text detected after JSON object
Trajectory dumped to /var/essdata/s_chumakov/automl-journal/runs/autods-tabred/jobs/terminus-tabred-Msmall-20260829-175356/homecredit-default__eNv265u/agent/trajectory.json
Failed to retrieve model info for 'openrouter/google/gemma-4-26b-a4b-it': This model isn't mapped yet. model=openrouter/google/gemma-4-26b-a4b-it, custom_llm_provider=openrouter. Add it here - https://github.com/BerriAI/litellm/blob/main/model_prices_and_context_window.json.. Using fallback context limit: 1000000
Parser warnings: - Extra text detected before JSON object
- Extra text detected after JSON object
Trajectory dumped to /var/essdata/s_chumakov/automl-journal/runs/autods-tabred/jobs/terminus-tabred-Msmall-20260829-175356/homecredit-default__eNv265u/agent/trajectory.json
Failed to retrieve model info for 'openrouter/google/gemma-4-26b-a4b-it': This model isn't mapped yet. model=openrouter/google/gemma-4-26b-a4b-it, custom_llm_provider=openrouter. Add it here - https://github.com/BerriAI/litellm/blob/main/model_prices_and_context_window.json.. Using fallback context limit: 1000000
Parser warnings: - Extra text detected before JSON object
- Extra text detected after JSON object
Trajectory dumped to /var/essdata/s_chumakov/automl-journal/runs/autods-tabred/jobs/terminus-tabred-Msmall-20260829-175356/homecredit-default__eNv265u/agent/trajectory.json
Failed to retrieve model info for 'openrouter/google/gemma-4-26b-a4b-it': This model isn't mapped yet. model=openrouter/google/gemma-4-26b-a4b-it, custom_llm_provider=openrouter. Add it here - https://github.com/BerriAI/litellm/blob/main/model_prices_and_context_window.json.. Using fallback context limit: 1000000
Parser warnings: - Extra text detected before JSON object
- Extra text detected after JSON object
Trajectory dumped to /var/essdata/s_chumakov/automl-journal/runs/autods-tabred/jobs/terminus-tabred-Msmall-20260829-175356/homecredit-default__eNv265u/agent/trajectory.json
Failed to retrieve model info for 'openrouter/google/gemma-4-26b-a4b-it': This model isn't mapped yet. model=openrouter/google/gemma-4-26b-a4b-it, custom_llm_provider=openrouter. Add it here - https://github.com/BerriAI/litellm/blob/main/model_prices_and_context_window.json.. Using fallback context limit: 1000000
Parser warnings: - Extra text detected before JSON object
- Extra text detected after JSON object
Trajectory dumped to /var/essdata/s_chumakov/automl-journal/runs/autods-tabred/jobs/terminus-tabred-Msmall-20260829-175356/homecredit-default__eNv265u/agent/trajectory.json
Failed to retrieve model info for 'openrouter/google/gemma-4-26b-a4b-it': This model isn't mapped yet. model=openrouter/google/gemma-4-26b-a4b-it, custom_llm_provider=openrouter. Add it here - https://github.com/BerriAI/litellm/blob/main/model_prices_and_context_window.json.. Using fallback context limit: 1000000
Parser warnings: - Extra text detected before JSON object
- Extra text detected after JSON object
Trajectory dumped to /var/essdata/s_chumakov/automl-journal/runs/autods-tabred/jobs/terminus-tabred-Msmall-20260829-175356/homecredit-default__eNv265u/agent/trajectory.json
Failed to retrieve model info for 'openrouter/google/gemma-4-26b-a4b-it': This model isn't mapped yet. model=openrouter/google/gemma-4-26b-a4b-it, custom_llm_provider=openrouter. Add it here - https://github.com/BerriAI/litellm/blob/main/model_prices_and_context_window.json.. Using fallback context limit: 1000000
Parser warnings: - Extra text detected before JSON object
- Extra text detected after JSON object
Trajectory dumped to /var/essdata/s_chumakov/automl-journal/runs/autods-tabred/jobs/terminus-tabred-Msmall-20260829-175356/homecredit-default__eNv265u/agent/trajectory.json
Failed to retrieve model info for 'openrouter/google/gemma-4-26b-a4b-it': This model isn't mapped yet. model=openrouter/google/gemma-4-26b-a4b-it, custom_llm_provider=openrouter. Add it here - https://github.com/BerriAI/litellm/blob/main/model_prices_and_context_window.json.. Using fallback context limit: 1000000
Parser warnings: - Extra text detected before JSON object
- Extra text detected after JSON object
Trajectory dumped to /var/essdata/s_chumakov/automl-journal/runs/autods-tabred/jobs/terminus-tabred-Msmall-20260829-175356/homecredit-default__eNv265u/agent/trajectory.json
Failed to retrieve model info for 'openrouter/google/gemma-4-26b-a4b-it': This model isn't mapped yet. model=openrouter/google/gemma-4-26b-a4b-it, custom_llm_provider=openrouter. Add it here - https://github.com/BerriAI/litellm/blob/main/model_prices_and_context_window.json.. Using fallback context limit: 1000000
Parser warnings: - Extra text detected before JSON object
- Extra text detected after JSON object
Sending keys: ['ls -l /app/predictions.csv\n'] min_timeout_sec: 0.1 max_timeout_sec: 180.0
Sending keys: ['head -n 5 /app/predictions.csv\n'] min_timeout_sec: 0.1 max_timeout_sec: 180.0
Sending keys: ['wc -l /app/predictions.csv\n'] min_timeout_sec: 0.1 max_timeout_sec: 180.0
Trajectory dumped to /var/essdata/s_chumakov/automl-journal/runs/autods-tabred/jobs/terminus-tabred-Msmall-20260829-175356/homecredit-default__eNv265u/agent/trajectory.json
Failed to retrieve model info for 'openrouter/google/gemma-4-26b-a4b-it': This model isn't mapped yet. model=openrouter/google/gemma-4-26b-a4b-it, custom_llm_provider=openrouter. Add it here - https://github.com/BerriAI/litellm/blob/main/model_prices_and_context_window.json.. Using fallback context limit: 1000000
Trajectory dumped to /var/essdata/s_chumakov/automl-journal/runs/autods-tabred/jobs/terminus-tabred-Msmall-20260829-175356/maps-routing__xhsyiK2/agent/trajectory.json
Failed to retrieve model info for 'openrouter/google/gemma-4-26b-a4b-it': This model isn't mapped yet. model=openrouter/google/gemma-4-26b-a4b-it, custom_llm_provider=openrouter. Add it here - https://github.com/BerriAI/litellm/blob/main/model_prices_and_context_window.json.. Using fallback context limit: 1000000
Parser warnings: - Extra text detected before JSON object
- Extra text detected after JSON object
Sending keys: ["echo 'verification_test'\n"] min_timeout_sec: 0.1 max_timeout_sec: 180.0
Trajectory dumped to /var/essdata/s_chumakov/automl-journal/runs/autods-tabred/jobs/terminus-tabred-Msmall-20260829-175356/homecredit-default__eNv265u/agent/trajectory.json
Failed to retrieve model info for 'openrouter/google/gemma-4-26b-a4b-it': This model isn't mapped yet. model=openrouter/google/gemma-4-26b-a4b-it, custom_llm_provider=openrouter. Add it here - https://github.com/BerriAI/litellm/blob/main/model_prices_and_context_window.json.. Using fallback context limit: 1000000
Sending keys: [''] min_timeout_sec: 60.0 max_timeout_sec: 180.0
Trajectory dumped to /var/essdata/s_chumakov/automl-journal/runs/autods-tabred/jobs/terminus-tabred-Msmall-20260829-175356/delivery-eta__f9B9NpN/agent/trajectory.json
Parser warnings: - Extra text detected before JSON object
- Extra text detected after JSON object
Sending keys: ['ls /app\n'] min_timeout_sec: 0.1 max_timeout_sec: 180.0
Failed to retrieve model info for 'openrouter/google/gemma-4-26b-a4b-it': This model isn't mapped yet. model=openrouter/google/gemma-4-26b-a4b-it, custom_llm_provider=openrouter. Add it here - https://github.com/BerriAI/litellm/blob/main/model_prices_and_context_window.json.. Using fallback context limit: 1000000
Trajectory dumped to /var/essdata/s_chumakov/automl-journal/runs/autods-tabred/jobs/terminus-tabred-Msmall-20260829-175356/homecredit-default__eNv265u/agent/trajectory.json
Failed to retrieve model info for 'openrouter/google/gemma-4-26b-a4b-it': This model isn't mapped yet. model=openrouter/google/gemma-4-26b-a4b-it, custom_llm_provider=openrouter. Add it here - https://github.com/BerriAI/litellm/blob/main/model_prices_and_context_window.json.. Using fallback context limit: 1000000
Parser warnings: - Extra text detected before JSON object
- Extra text detected after JSON object
Sending keys: [''] min_timeout_sec: 60.0 max_timeout_sec: 180.0
Parser warnings: - Extra text detected before JSON object
- Extra text detected after JSON object
Trajectory dumped to /var/essdata/s_chumakov/automl-journal/runs/autods-tabred/jobs/terminus-tabred-Msmall-20260829-175356/homecredit-default__eNv265u/agent/trajectory.json
Failed to retrieve model info for 'openrouter/google/gemma-4-26b-a4b-it': This model isn't mapped yet. model=openrouter/google/gemma-4-26b-a4b-it, custom_llm_provider=openrouter. Add it here - https://github.com/BerriAI/litellm/blob/main/model_prices_and_context_window.json.. Using fallback context limit: 1000000
Parser warnings: - Extra text detected before JSON object
- Extra text detected after JSON object
Trajectory dumped to /var/essdata/s_chumakov/automl-journal/runs/autods-tabred/jobs/terminus-tabred-Msmall-20260829-175356/homecredit-default__eNv265u/agent/trajectory.json
Failed to retrieve model info for 'openrouter/google/gemma-4-26b-a4b-it': This model isn't mapped yet. model=openrouter/google/gemma-4-26b-a4b-it, custom_llm_provider=openrouter. Add it here - https://github.com/BerriAI/litellm/blob/main/model_prices_and_context_window.json.. Using fallback context limit: 1000000
Parser warnings: - Extra text detected before JSON object
- Extra text detected after JSON object
Trajectory dumped to /var/essdata/s_chumakov/automl-journal/runs/autods-tabred/jobs/terminus-tabred-Msmall-20260829-175356/homecredit-default__eNv265u/agent/trajectory.json
Failed to retrieve model info for 'openrouter/google/gemma-4-26b-a4b-it': This model isn't mapped yet. model=openrouter/google/gemma-4-26b-a4b-it, custom_llm_provider=openrouter. Add it here - https://github.com/BerriAI/litellm/blob/main/model_prices_and_context_window.json.. Using fallback context limit: 1000000
Parser warnings: - Extra text detected before JSON object
- Extra text detected after JSON object
Trajectory dumped to /var/essdata/s_chumakov/automl-journal/runs/autods-tabred/jobs/terminus-tabred-Msmall-20260829-175356/homecredit-default__eNv265u/agent/trajectory.json
Failed to retrieve model info for 'openrouter/google/gemma-4-26b-a4b-it': This model isn't mapped yet. model=openrouter/google/gemma-4-26b-a4b-it, custom_llm_provider=openrouter. Add it here - https://github.com/BerriAI/litellm/blob/main/model_prices_and_context_window.json.. Using fallback context limit: 1000000
Parser warnings: - Extra text detected before JSON object
- Extra text detected after JSON object
Trajectory dumped to /var/essdata/s_chumakov/automl-journal/runs/autods-tabred/jobs/terminus-tabred-Msmall-20260829-175356/homecredit-default__eNv265u/agent/trajectory.json
Failed to retrieve model info for 'openrouter/google/gemma-4-26b-a4b-it': This model isn't mapped yet. model=openrouter/google/gemma-4-26b-a4b-it, custom_llm_provider=openrouter. Add it here - https://github.com/BerriAI/litellm/blob/main/model_prices_and_context_window.json.. Using fallback context limit: 1000000
Parser warnings: - Extra text detected before JSON object
- Extra text detected after JSON object
Trajectory dumped to /var/essdata/s_chumakov/automl-journal/runs/autods-tabred/jobs/terminus-tabred-Msmall-20260829-175356/homecredit-default__eNv265u/agent/trajectory.json
Failed to retrieve model info for 'openrouter/google/gemma-4-26b-a4b-it': This model isn't mapped yet. model=openrouter/google/gemma-4-26b-a4b-it, custom_llm_provider=openrouter. Add it here - https://github.com/BerriAI/litellm/blob/main/model_prices_and_context_window.json.. Using fallback context limit: 1000000
Parser warnings: - Extra text detected before JSON object
- Extra text detected after JSON object
Trajectory dumped to /var/essdata/s_chumakov/automl-journal/runs/autods-tabred/jobs/terminus-tabred-Msmall-20260829-175356/homecredit-default__eNv265u/agent/trajectory.json
Failed to retrieve model info for 'openrouter/google/gemma-4-26b-a4b-it': This model isn't mapped yet. model=openrouter/google/gemma-4-26b-a4b-it, custom_llm_provider=openrouter. Add it here - https://github.com/BerriAI/litellm/blob/main/model_prices_and_context_window.json.. Using fallback context limit: 1000000
Parser warnings: - Extra text detected before JSON object
- Extra text detected after JSON object
Trajectory dumped to /var/essdata/s_chumakov/automl-journal/runs/autods-tabred/jobs/terminus-tabred-Msmall-20260829-175356/homecredit-default__eNv265u/agent/trajectory.json
Trajectory dumped to /var/essdata/s_chumakov/automl-journal/runs/autods-tabred/jobs/terminus-tabred-Msmall-20260829-175356/maps-routing__KdWHUJa/agent/trajectory.json
Failed to retrieve model info for 'openrouter/google/gemma-4-26b-a4b-it': This model isn't mapped yet. model=openrouter/google/gemma-4-26b-a4b-it, custom_llm_provider=openrouter. Add it here - https://github.com/BerriAI/litellm/blob/main/model_prices_and_context_window.json.. Using fallback context limit: 1000000
Failed to retrieve model info for 'openrouter/google/gemma-4-26b-a4b-it': This model isn't mapped yet. model=openrouter/google/gemma-4-26b-a4b-it, custom_llm_provider=openrouter. Add it here - https://github.com/BerriAI/litellm/blob/main/model_prices_and_context_window.json.. Using fallback context limit: 1000000
Parser warnings: - Extra text detected before JSON object
- Extra text detected after JSON object
Trajectory dumped to /var/essdata/s_chumakov/automl-journal/runs/autods-tabred/jobs/terminus-tabred-Msmall-20260829-175356/homecredit-default__eNv265u/agent/trajectory.json
Failed to retrieve model info for 'openrouter/google/gemma-4-26b-a4b-it': This model isn't mapped yet. model=openrouter/google/gemma-4-26b-a4b-it, custom_llm_provider=openrouter. Add it here - https://github.com/BerriAI/litellm/blob/main/model_prices_and_context_window.json.. Using fallback context limit: 1000000
Parser warnings: - Extra text detected before JSON object
- Extra text detected after JSON object
Sending keys: [''] min_timeout_sec: 60.0 max_timeout_sec: 180.0
Parser warnings: - Extra text detected before JSON object
- Extra text detected after JSON object
Trajectory dumped to /var/essdata/s_chumakov/automl-journal/runs/autods-tabred/jobs/terminus-tabred-Msmall-20260829-175356/homecredit-default__eNv265u/agent/trajectory.json
Failed to retrieve model info for 'openrouter/google/gemma-4-26b-a4b-it': This model isn't mapped yet. model=openrouter/google/gemma-4-26b-a4b-it, custom_llm_provider=openrouter. Add it here - https://github.com/BerriAI/litellm/blob/main/model_prices_and_context_window.json.. Using fallback context limit: 1000000
Parser warnings: - Extra text detected before JSON object
- Extra text detected after JSON object
Trajectory dumped to /var/essdata/s_chumakov/automl-journal/runs/autods-tabred/jobs/terminus-tabred-Msmall-20260829-175356/homecredit-default__eNv265u/agent/trajectory.json
Failed to retrieve model info for 'openrouter/google/gemma-4-26b-a4b-it': This model isn't mapped yet. model=openrouter/google/gemma-4-26b-a4b-it, custom_llm_provider=openrouter. Add it here - https://github.com/BerriAI/litellm/blob/main/model_prices_and_context_window.json.. Using fallback context limit: 1000000
Parser warnings: - Extra text detected before JSON object
- Extra text detected after JSON object
Trajectory dumped to /var/essdata/s_chumakov/automl-journal/runs/autods-tabred/jobs/terminus-tabred-Msmall-20260829-175356/homecredit-default__eNv265u/agent/trajectory.json
Failed to retrieve model info for 'openrouter/google/gemma-4-26b-a4b-it': This model isn't mapped yet. model=openrouter/google/gemma-4-26b-a4b-it, custom_llm_provider=openrouter. Add it here - https://github.com/BerriAI/litellm/blob/main/model_prices_and_context_window.json.. Using fallback context limit: 1000000
Parser warnings: - Extra text detected before JSON object
- Extra text detected after JSON object
Trajectory dumped to /var/essdata/s_chumakov/automl-journal/runs/autods-tabred/jobs/terminus-tabred-Msmall-20260829-175356/homecredit-default__eNv265u/agent/trajectory.json
Failed to retrieve model info for 'openrouter/google/gemma-4-26b-a4b-it': This model isn't mapped yet. model=openrouter/google/gemma-4-26b-a4b-it, custom_llm_provider=openrouter. Add it here - https://github.com/BerriAI/litellm/blob/main/model_prices_and_context_window.json.. Using fallback context limit: 1000000
Parser warnings: - Extra text detected before JSON object
- Extra text detected after JSON object
Trajectory dumped to /var/essdata/s_chumakov/automl-journal/runs/autods-tabred/jobs/terminus-tabred-Msmall-20260829-175356/homecredit-default__eNv265u/agent/trajectory.json
Failed to retrieve model info for 'openrouter/google/gemma-4-26b-a4b-it': This model isn't mapped yet. model=openrouter/google/gemma-4-26b-a4b-it, custom_llm_provider=openrouter. Add it here - https://github.com/BerriAI/litellm/blob/main/model_prices_and_context_window.json.. Using fallback context limit: 1000000
Parser warnings: - Extra text detected before JSON object
- Extra text detected after JSON object
Trajectory dumped to /var/essdata/s_chumakov/automl-journal/runs/autods-tabred/jobs/terminus-tabred-Msmall-20260829-175356/homecredit-default__eNv265u/agent/trajectory.json
Failed to retrieve model info for 'openrouter/google/gemma-4-26b-a4b-it': This model isn't mapped yet. model=openrouter/google/gemma-4-26b-a4b-it, custom_llm_provider=openrouter. Add it here - https://github.com/BerriAI/litellm/blob/main/model_prices_and_context_window.json.. Using fallback context limit: 1000000
Parser warnings: - Extra text detected before JSON object
- Extra text detected after JSON object
Trajectory dumped to /var/essdata/s_chumakov/automl-journal/runs/autods-tabred/jobs/terminus-tabred-Msmall-20260829-175356/homecredit-default__eNv265u/agent/trajectory.json
Failed to retrieve model info for 'openrouter/google/gemma-4-26b-a4b-it': This model isn't mapped yet. model=openrouter/google/gemma-4-26b-a4b-it, custom_llm_provider=openrouter. Add it here - https://github.com/BerriAI/litellm/blob/main/model_prices_and_context_window.json.. Using fallback context limit: 1000000
Parser warnings: - Extra text detected before JSON object
- Extra text detected after JSON object
Trajectory dumped to /var/essdata/s_chumakov/automl-journal/runs/autods-tabred/jobs/terminus-tabred-Msmall-20260829-175356/homecredit-default__eNv265u/agent/trajectory.json
Failed to retrieve model info for 'openrouter/google/gemma-4-26b-a4b-it': This model isn't mapped yet. model=openrouter/google/gemma-4-26b-a4b-it, custom_llm_provider=openrouter. Add it here - https://github.com/BerriAI/litellm/blob/main/model_prices_and_context_window.json.. Using fallback context limit: 1000000
Parser warnings: - Extra text detected before JSON object
- Extra text detected after JSON object
Trajectory dumped to /var/essdata/s_chumakov/automl-journal/runs/autods-tabred/jobs/terminus-tabred-Msmall-20260829-175356/homecredit-default__eNv265u/agent/trajectory.json
Failed to retrieve model info for 'openrouter/google/gemma-4-26b-a4b-it': This model isn't mapped yet. model=openrouter/google/gemma-4-26b-a4b-it, custom_llm_provider=openrouter. Add it here - https://github.com/BerriAI/litellm/blob/main/model_prices_and_context_window.json.. Using fallback context limit: 1000000
Parser warnings: - Extra text detected before JSON object
- Extra text detected after JSON object
Trajectory dumped to /var/essdata/s_chumakov/automl-journal/runs/autods-tabred/jobs/terminus-tabred-Msmall-20260829-175356/homecredit-default__eNv265u/agent/trajectory.json
Failed to retrieve model info for 'openrouter/google/gemma-4-26b-a4b-it': This model isn't mapped yet. model=openrouter/google/gemma-4-26b-a4b-it, custom_llm_provider=openrouter. Add it here - https://github.com/BerriAI/litellm/blob/main/model_prices_and_context_window.json.. Using fallback context limit: 1000000
Trajectory dumped to /var/essdata/s_chumakov/automl-journal/runs/autods-tabred/jobs/terminus-tabred-Msmall-20260829-175356/maps-routing__xhsyiK2/agent/trajectory.json
Failed to retrieve model info for 'openrouter/google/gemma-4-26b-a4b-it': This model isn't mapped yet. model=openrouter/google/gemma-4-26b-a4b-it, custom_llm_provider=openrouter. Add it here - https://github.com/BerriAI/litellm/blob/main/model_prices_and_context_window.json.. Using fallback context limit: 1000000
Parser warnings: - Extra text detected before JSON object
- Extra text detected after JSON object
Trajectory dumped to /var/essdata/s_chumakov/automl-journal/runs/autods-tabred/jobs/terminus-tabred-Msmall-20260829-175356/homecredit-default__eNv265u/agent/trajectory.json
Failed to retrieve model info for 'openrouter/google/gemma-4-26b-a4b-it': This model isn't mapped yet. model=openrouter/google/gemma-4-26b-a4b-it, custom_llm_provider=openrouter. Add it here - https://github.com/BerriAI/litellm/blob/main/model_prices_and_context_window.json.. Using fallback context limit: 1000000
Sending keys: [''] min_timeout_sec: 60.0 max_timeout_sec: 180.0
Parser warnings: - Extra text detected before JSON object
- Extra text detected after JSON object
Trajectory dumped to /var/essdata/s_chumakov/automl-journal/runs/autods-tabred/jobs/terminus-tabred-Msmall-20260829-175356/homecredit-default__eNv265u/agent/trajectory.json
Trajectory dumped to /var/essdata/s_chumakov/automl-journal/runs/autods-tabred/jobs/terminus-tabred-Msmall-20260829-175356/delivery-eta__f9B9NpN/agent/trajectory.json
Failed to retrieve model info for 'openrouter/google/gemma-4-26b-a4b-it': This model isn't mapped yet. model=openrouter/google/gemma-4-26b-a4b-it, custom_llm_provider=openrouter. Add it here - https://github.com/BerriAI/litellm/blob/main/model_prices_and_context_window.json.. Using fallback context limit: 1000000
Failed to retrieve model info for 'openrouter/google/gemma-4-26b-a4b-it': This model isn't mapped yet. model=openrouter/google/gemma-4-26b-a4b-it, custom_llm_provider=openrouter. Add it here - https://github.com/BerriAI/litellm/blob/main/model_prices_and_context_window.json.. Using fallback context limit: 1000000
Parser warnings: - Extra text detected before JSON object
- Extra text detected after JSON object
Trajectory dumped to /var/essdata/s_chumakov/automl-journal/runs/autods-tabred/jobs/terminus-tabred-Msmall-20260829-175356/homecredit-default__eNv265u/agent/trajectory.json
Parser warnings: - Extra text detected before JSON object
- Extra text detected after JSON object
Sending keys: [''] min_timeout_sec: 60.0 max_timeout_sec: 180.0
Failed to retrieve model info for 'openrouter/google/gemma-4-26b-a4b-it': This model isn't mapped yet. model=openrouter/google/gemma-4-26b-a4b-it, custom_llm_provider=openrouter. Add it here - https://github.com/BerriAI/litellm/blob/main/model_prices_and_context_window.json.. Using fallback context limit: 1000000
Parser warnings: - Extra text detected before JSON object
- Extra text detected after JSON object
Trajectory dumped to /var/essdata/s_chumakov/automl-journal/runs/autods-tabred/jobs/terminus-tabred-Msmall-20260829-175356/homecredit-default__eNv265u/agent/trajectory.json
Failed to retrieve model info for 'openrouter/google/gemma-4-26b-a4b-it': This model isn't mapped yet. model=openrouter/google/gemma-4-26b-a4b-it, custom_llm_provider=openrouter. Add it here - https://github.com/BerriAI/litellm/blob/main/model_prices_and_context_window.json.. Using fallback context limit: 1000000
Parser warnings: - Extra text detected before JSON object
- Extra text detected after JSON object
Trajectory dumped to /var/essdata/s_chumakov/automl-journal/runs/autods-tabred/jobs/terminus-tabred-Msmall-20260829-175356/homecredit-default__eNv265u/agent/trajectory.json
Failed to retrieve model info for 'openrouter/google/gemma-4-26b-a4b-it': This model isn't mapped yet. model=openrouter/google/gemma-4-26b-a4b-it, custom_llm_provider=openrouter. Add it here - https://github.com/BerriAI/litellm/blob/main/model_prices_and_context_window.json.. Using fallback context limit: 1000000
Parser warnings: - Extra text detected before JSON object
- Extra text detected after JSON object
Trajectory dumped to /var/essdata/s_chumakov/automl-journal/runs/autods-tabred/jobs/terminus-tabred-Msmall-20260829-175356/homecredit-default__eNv265u/agent/trajectory.json
Failed to retrieve model info for 'openrouter/google/gemma-4-26b-a4b-it': This model isn't mapped yet. model=openrouter/google/gemma-4-26b-a4b-it, custom_llm_provider=openrouter. Add it here - https://github.com/BerriAI/litellm/blob/main/model_prices_and_context_window.json.. Using fallback context limit: 1000000
Parser warnings: - Extra text detected before JSON object
- Extra text detected after JSON object
Trajectory dumped to /var/essdata/s_chumakov/automl-journal/runs/autods-tabred/jobs/terminus-tabred-Msmall-20260829-175356/homecredit-default__eNv265u/agent/trajectory.json
Failed to retrieve model info for 'openrouter/google/gemma-4-26b-a4b-it': This model isn't mapped yet. model=openrouter/google/gemma-4-26b-a4b-it, custom_llm_provider=openrouter. Add it here - https://github.com/BerriAI/litellm/blob/main/model_prices_and_context_window.json.. Using fallback context limit: 1000000
Parser warnings: - Extra text detected before JSON object
- Extra text detected after JSON object
Trajectory dumped to /var/essdata/s_chumakov/automl-journal/runs/autods-tabred/jobs/terminus-tabred-Msmall-20260829-175356/homecredit-default__eNv265u/agent/trajectory.json
Failed to retrieve model info for 'openrouter/google/gemma-4-26b-a4b-it': This model isn't mapped yet. model=openrouter/google/gemma-4-26b-a4b-it, custom_llm_provider=openrouter. Add it here - https://github.com/BerriAI/litellm/blob/main/model_prices_and_context_window.json.. Using fallback context limit: 1000000
Parser warnings: - Extra text detected before JSON object
- Extra text detected after JSON object
Trajectory dumped to /var/essdata/s_chumakov/automl-journal/runs/autods-tabred/jobs/terminus-tabred-Msmall-20260829-175356/homecredit-default__eNv265u/agent/trajectory.json
Failed to retrieve model info for 'openrouter/google/gemma-4-26b-a4b-it': This model isn't mapped yet. model=openrouter/google/gemma-4-26b-a4b-it, custom_llm_provider=openrouter. Add it here - https://github.com/BerriAI/litellm/blob/main/model_prices_and_context_window.json.. Using fallback context limit: 1000000
Trajectory dumped to /var/essdata/s_chumakov/automl-journal/runs/autods-tabred/jobs/terminus-tabred-Msmall-20260829-175356/maps-routing__KdWHUJa/agent/trajectory.json
Failed to retrieve model info for 'openrouter/google/gemma-4-26b-a4b-it': This model isn't mapped yet. model=openrouter/google/gemma-4-26b-a4b-it, custom_llm_provider=openrouter. Add it here - https://github.com/BerriAI/litellm/blob/main/model_prices_and_context_window.json.. Using fallback context limit: 1000000
Parser warnings: - Extra text detected before JSON object
- Extra text detected after JSON object
Trajectory dumped to /var/essdata/s_chumakov/automl-journal/runs/autods-tabred/jobs/terminus-tabred-Msmall-20260829-175356/homecredit-default__eNv265u/agent/trajectory.json
Failed to retrieve model info for 'openrouter/google/gemma-4-26b-a4b-it': This model isn't mapped yet. model=openrouter/google/gemma-4-26b-a4b-it, custom_llm_provider=openrouter. Add it here - https://github.com/BerriAI/litellm/blob/main/model_prices_and_context_window.json.. Using fallback context limit: 1000000
Parser warnings: - Extra text detected before JSON object
- Extra text detected after JSON object
Sending keys: [''] min_timeout_sec: 60.0 max_timeout_sec: 180.0
Parser warnings: - Extra text detected before JSON object
- Extra text detected after JSON object
Trajectory dumped to /var/essdata/s_chumakov/automl-journal/runs/autods-tabred/jobs/terminus-tabred-Msmall-20260829-175356/homecredit-default__eNv265u/agent/trajectory.json
Failed to retrieve model info for 'openrouter/google/gemma-4-26b-a4b-it': This model isn't mapped yet. model=openrouter/google/gemma-4-26b-a4b-it, custom_llm_provider=openrouter. Add it here - https://github.com/BerriAI/litellm/blob/main/model_prices_and_context_window.json.. Using fallback context limit: 1000000
Parser warnings: - Extra text detected before JSON object
- Extra text detected after JSON object
Trajectory dumped to /var/essdata/s_chumakov/automl-journal/runs/autods-tabred/jobs/terminus-tabred-Msmall-20260829-175356/homecredit-default__eNv265u/agent/trajectory.json
Failed to retrieve model info for 'openrouter/google/gemma-4-26b-a4b-it': This model isn't mapped yet. model=openrouter/google/gemma-4-26b-a4b-it, custom_llm_provider=openrouter. Add it here - https://github.com/BerriAI/litellm/blob/main/model_prices_and_context_window.json.. Using fallback context limit: 1000000
Parser warnings: - Extra text detected before JSON object
- Extra text detected after JSON object
Trajectory dumped to /var/essdata/s_chumakov/automl-journal/runs/autods-tabred/jobs/terminus-tabred-Msmall-20260829-175356/homecredit-default__eNv265u/agent/trajectory.json
Failed to retrieve model info for 'openrouter/google/gemma-4-26b-a4b-it': This model isn't mapped yet. model=openrouter/google/gemma-4-26b-a4b-it, custom_llm_provider=openrouter. Add it here - https://github.com/BerriAI/litellm/blob/main/model_prices_and_context_window.json.. Using fallback context limit: 1000000
Parser warnings: - Extra text detected before JSON object
- Extra text detected after JSON object
Trajectory dumped to /var/essdata/s_chumakov/automl-journal/runs/autods-tabred/jobs/terminus-tabred-Msmall-20260829-175356/homecredit-default__eNv265u/agent/trajectory.json
Failed to retrieve model info for 'openrouter/google/gemma-4-26b-a4b-it': This model isn't mapped yet. model=openrouter/google/gemma-4-26b-a4b-it, custom_llm_provider=openrouter. Add it here - https://github.com/BerriAI/litellm/blob/main/model_prices_and_context_window.json.. Using fallback context limit: 1000000
Parser warnings: - Extra text detected before JSON object
- Extra text detected after JSON object
Trajectory dumped to /var/essdata/s_chumakov/automl-journal/runs/autods-tabred/jobs/terminus-tabred-Msmall-20260829-175356/homecredit-default__eNv265u/agent/trajectory.json
Failed to retrieve model info for 'openrouter/google/gemma-4-26b-a4b-it': This model isn't mapped yet. model=openrouter/google/gemma-4-26b-a4b-it, custom_llm_provider=openrouter. Add it here - https://github.com/BerriAI/litellm/blob/main/model_prices_and_context_window.json.. Using fallback context limit: 1000000
Parser warnings: - Extra text detected before JSON object
- Extra text detected after JSON object
Trajectory dumped to /var/essdata/s_chumakov/automl-journal/runs/autods-tabred/jobs/terminus-tabred-Msmall-20260829-175356/homecredit-default__eNv265u/agent/trajectory.json
Failed to retrieve model info for 'openrouter/google/gemma-4-26b-a4b-it': This model isn't mapped yet. model=openrouter/google/gemma-4-26b-a4b-it, custom_llm_provider=openrouter. Add it here - https://github.com/BerriAI/litellm/blob/main/model_prices_and_context_window.json.. Using fallback context limit: 1000000
Parser warnings: - Extra text detected before JSON object
- Extra text detected after JSON object
Trajectory dumped to /var/essdata/s_chumakov/automl-journal/runs/autods-tabred/jobs/terminus-tabred-Msmall-20260829-175356/homecredit-default__eNv265u/agent/trajectory.json
Failed to retrieve model info for 'openrouter/google/gemma-4-26b-a4b-it': This model isn't mapped yet. model=openrouter/google/gemma-4-26b-a4b-it, custom_llm_provider=openrouter. Add it here - https://github.com/BerriAI/litellm/blob/main/model_prices_and_context_window.json.. Using fallback context limit: 1000000
Parser warnings: - Extra text detected before JSON object
- Extra text detected after JSON object
Trajectory dumped to /var/essdata/s_chumakov/automl-journal/runs/autods-tabred/jobs/terminus-tabred-Msmall-20260829-175356/homecredit-default__eNv265u/agent/trajectory.json
Failed to retrieve model info for 'openrouter/google/gemma-4-26b-a4b-it': This model isn't mapped yet. model=openrouter/google/gemma-4-26b-a4b-it, custom_llm_provider=openrouter. Add it here - https://github.com/BerriAI/litellm/blob/main/model_prices_and_context_window.json.. Using fallback context limit: 1000000
Parser warnings: - Extra text detected before JSON object
- Extra text detected after JSON object
Trajectory dumped to /var/essdata/s_chumakov/automl-journal/runs/autods-tabred/jobs/terminus-tabred-Msmall-20260829-175356/homecredit-default__eNv265u/agent/trajectory.json
Failed to retrieve model info for 'openrouter/google/gemma-4-26b-a4b-it': This model isn't mapped yet. model=openrouter/google/gemma-4-26b-a4b-it, custom_llm_provider=openrouter. Add it here - https://github.com/BerriAI/litellm/blob/main/model_prices_and_context_window.json.. Using fallback context limit: 1000000
Parser warnings: - Extra text detected before JSON object
- Extra text detected after JSON object
Trajectory dumped to /var/essdata/s_chumakov/automl-journal/runs/autods-tabred/jobs/terminus-tabred-Msmall-20260829-175356/homecredit-default__eNv265u/agent/trajectory.json
Failed to retrieve model info for 'openrouter/google/gemma-4-26b-a4b-it': This model isn't mapped yet. model=openrouter/google/gemma-4-26b-a4b-it, custom_llm_provider=openrouter. Add it here - https://github.com/BerriAI/litellm/blob/main/model_prices_and_context_window.json.. Using fallback context limit: 1000000
Trajectory dumped to /var/essdata/s_chumakov/automl-journal/runs/autods-tabred/jobs/terminus-tabred-Msmall-20260829-175356/maps-routing__xhsyiK2/agent/trajectory.json
Failed to retrieve model info for 'openrouter/google/gemma-4-26b-a4b-it': This model isn't mapped yet. model=openrouter/google/gemma-4-26b-a4b-it, custom_llm_provider=openrouter. Add it here - https://github.com/BerriAI/litellm/blob/main/model_prices_and_context_window.json.. Using fallback context limit: 1000000
Parser warnings: - Extra text detected before JSON object
- Extra text detected after JSON object
Trajectory dumped to /var/essdata/s_chumakov/automl-journal/runs/autods-tabred/jobs/terminus-tabred-Msmall-20260829-175356/homecredit-default__eNv265u/agent/trajectory.json
Failed to retrieve model info for 'openrouter/google/gemma-4-26b-a4b-it': This model isn't mapped yet. model=openrouter/google/gemma-4-26b-a4b-it, custom_llm_provider=openrouter. Add it here - https://github.com/BerriAI/litellm/blob/main/model_prices_and_context_window.json.. Using fallback context limit: 1000000
Sending keys: [''] min_timeout_sec: 60.0 max_timeout_sec: 180.0
Parser warnings: - Extra text detected before JSON object
- Extra text detected after JSON object
Trajectory dumped to /var/essdata/s_chumakov/automl-journal/runs/autods-tabred/jobs/terminus-tabred-Msmall-20260829-175356/homecredit-default__eNv265u/agent/trajectory.json
Failed to retrieve model info for 'openrouter/google/gemma-4-26b-a4b-it': This model isn't mapped yet. model=openrouter/google/gemma-4-26b-a4b-it, custom_llm_provider=openrouter. Add it here - https://github.com/BerriAI/litellm/blob/main/model_prices_and_context_window.json.. Using fallback context limit: 1000000
Trajectory dumped to /var/essdata/s_chumakov/automl-journal/runs/autods-tabred/jobs/terminus-tabred-Msmall-20260829-175356/delivery-eta__f9B9NpN/agent/trajectory.json
Failed to retrieve model info for 'openrouter/google/gemma-4-26b-a4b-it': This model isn't mapped yet. model=openrouter/google/gemma-4-26b-a4b-it, custom_llm_provider=openrouter. Add it here - https://github.com/BerriAI/litellm/blob/main/model_prices_and_context_window.json.. Using fallback context limit: 1000000
Parser warnings: - Extra text detected before JSON object
- Extra text detected after JSON object
Trajectory dumped to /var/essdata/s_chumakov/automl-journal/runs/autods-tabred/jobs/terminus-tabred-Msmall-20260829-175356/homecredit-default__eNv265u/agent/trajectory.json
Failed to retrieve model info for 'openrouter/google/gemma-4-26b-a4b-it': This model isn't mapped yet. model=openrouter/google/gemma-4-26b-a4b-it, custom_llm_provider=openrouter. Add it here - https://github.com/BerriAI/litellm/blob/main/model_prices_and_context_window.json.. Using fallback context limit: 1000000
Parser warnings: - Extra text detected before JSON object
- Extra text detected after JSON object
Sending keys: [''] min_timeout_sec: 60.0 max_timeout_sec: 180.0
Parser warnings: - Extra text detected before JSON object
- Extra text detected after JSON object
Trajectory dumped to /var/essdata/s_chumakov/automl-journal/runs/autods-tabred/jobs/terminus-tabred-Msmall-20260829-175356/homecredit-default__eNv265u/agent/trajectory.json
Failed to retrieve model info for 'openrouter/google/gemma-4-26b-a4b-it': This model isn't mapped yet. model=openrouter/google/gemma-4-26b-a4b-it, custom_llm_provider=openrouter. Add it here - https://github.com/BerriAI/litellm/blob/main/model_prices_and_context_window.json.. Using fallback context limit: 1000000
Parser warnings: - Extra text detected before JSON object
- Extra text detected after JSON object
Trajectory dumped to /var/essdata/s_chumakov/automl-journal/runs/autods-tabred/jobs/terminus-tabred-Msmall-20260829-175356/homecredit-default__eNv265u/agent/trajectory.json
Failed to retrieve model info for 'openrouter/google/gemma-4-26b-a4b-it': This model isn't mapped yet. model=openrouter/google/gemma-4-26b-a4b-it, custom_llm_provider=openrouter. Add it here - https://github.com/BerriAI/litellm/blob/main/model_prices_and_context_window.json.. Using fallback context limit: 1000000
Parser warnings: - Extra text detected before JSON object
- Extra text detected after JSON object
Trajectory dumped to /var/essdata/s_chumakov/automl-journal/runs/autods-tabred/jobs/terminus-tabred-Msmall-20260829-175356/homecredit-default__eNv265u/agent/trajectory.json
Failed to retrieve model info for 'openrouter/google/gemma-4-26b-a4b-it': This model isn't mapped yet. model=openrouter/google/gemma-4-26b-a4b-it, custom_llm_provider=openrouter. Add it here - https://github.com/BerriAI/litellm/blob/main/model_prices_and_context_window.json.. Using fallback context limit: 1000000
Parser warnings: - Extra text detected before JSON object
- Extra text detected after JSON object
Trajectory dumped to /var/essdata/s_chumakov/automl-journal/runs/autods-tabred/jobs/terminus-tabred-Msmall-20260829-175356/homecredit-default__eNv265u/agent/trajectory.json
Failed to retrieve model info for 'openrouter/google/gemma-4-26b-a4b-it': This model isn't mapped yet. model=openrouter/google/gemma-4-26b-a4b-it, custom_llm_provider=openrouter. Add it here - https://github.com/BerriAI/litellm/blob/main/model_prices_and_context_window.json.. Using fallback context limit: 1000000
Parser warnings: - Extra text detected before JSON object
- Extra text detected after JSON object
Trajectory dumped to /var/essdata/s_chumakov/automl-journal/runs/autods-tabred/jobs/terminus-tabred-Msmall-20260829-175356/homecredit-default__eNv265u/agent/trajectory.json
Failed to retrieve model info for 'openrouter/google/gemma-4-26b-a4b-it': This model isn't mapped yet. model=openrouter/google/gemma-4-26b-a4b-it, custom_llm_provider=openrouter. Add it here - https://github.com/BerriAI/litellm/blob/main/model_prices_and_context_window.json.. Using fallback context limit: 1000000
Parser warnings: - Extra text detected before JSON object
- Extra text detected after JSON object
Trajectory dumped to /var/essdata/s_chumakov/automl-journal/runs/autods-tabred/jobs/terminus-tabred-Msmall-20260829-175356/homecredit-default__eNv265u/agent/trajectory.json
Failed to retrieve model info for 'openrouter/google/gemma-4-26b-a4b-it': This model isn't mapped yet. model=openrouter/google/gemma-4-26b-a4b-it, custom_llm_provider=openrouter. Add it here - https://github.com/BerriAI/litellm/blob/main/model_prices_and_context_window.json.. Using fallback context limit: 1000000
Trajectory dumped to /var/essdata/s_chumakov/automl-journal/runs/autods-tabred/jobs/terminus-tabred-Msmall-20260829-175356/maps-routing__KdWHUJa/agent/trajectory.json
Failed to retrieve model info for 'openrouter/google/gemma-4-26b-a4b-it': This model isn't mapped yet. model=openrouter/google/gemma-4-26b-a4b-it, custom_llm_provider=openrouter. Add it here - https://github.com/BerriAI/litellm/blob/main/model_prices_and_context_window.json.. Using fallback context limit: 1000000
Parser warnings: - Extra text detected before JSON object
- Extra text detected after JSON object
Trajectory dumped to /var/essdata/s_chumakov/automl-journal/runs/autods-tabred/jobs/terminus-tabred-Msmall-20260829-175356/homecredit-default__eNv265u/agent/trajectory.json
Failed to retrieve model info for 'openrouter/google/gemma-4-26b-a4b-it': This model isn't mapped yet. model=openrouter/google/gemma-4-26b-a4b-it, custom_llm_provider=openrouter. Add it here - https://github.com/BerriAI/litellm/blob/main/model_prices_and_context_window.json.. Using fallback context limit: 1000000
Parser warnings: - Extra text detected before JSON object
- Extra text detected after JSON object
Sending keys: [''] min_timeout_sec: 60.0 max_timeout_sec: 180.0
Parser warnings: - Extra text detected before JSON object
- Extra text detected after JSON object
Trajectory dumped to /var/essdata/s_chumakov/automl-journal/runs/autods-tabred/jobs/terminus-tabred-Msmall-20260829-175356/homecredit-default__eNv265u/agent/trajectory.json
Failed to retrieve model info for 'openrouter/google/gemma-4-26b-a4b-it': This model isn't mapped yet. model=openrouter/google/gemma-4-26b-a4b-it, custom_llm_provider=openrouter. Add it here - https://github.com/BerriAI/litellm/blob/main/model_prices_and_context_window.json.. Using fallback context limit: 1000000
Parser warnings: - Extra text detected before JSON object
- Extra text detected after JSON object
Sending keys: ['ls -l /app/predictions.csv\n'] min_timeout_sec: 0.1 max_timeout_sec: 180.0
Sending keys: ['head -n 5 /app/predictions.csv\n'] min_timeout_sec: 0.1 max_timeout_sec: 180.0
Sending keys: ['wc -l /app/predictions.csv\n'] min_timeout_sec: 0.1 max_timeout_sec: 180.0
Trajectory dumped to /var/essdata/s_chumakov/automl-journal/runs/autods-tabred/jobs/terminus-tabred-Msmall-20260829-175356/homecredit-default__eNv265u/agent/trajectory.json
Failed to retrieve model info for 'openrouter/google/gemma-4-26b-a4b-it': This model isn't mapped yet. model=openrouter/google/gemma-4-26b-a4b-it, custom_llm_provider=openrouter. Add it here - https://github.com/BerriAI/litellm/blob/main/model_prices_and_context_window.json.. Using fallback context limit: 1000000
Parser warnings: - Extra text detected before JSON object
- Extra text detected after JSON object
Sending keys: ['ls -la /app\n'] min_timeout_sec: 0.1 max_timeout_sec: 180.0
Trajectory dumped to /var/essdata/s_chumakov/automl-journal/runs/autods-tabred/jobs/terminus-tabred-Msmall-20260829-175356/homecredit-default__eNv265u/agent/trajectory.json
Failed to retrieve model info for 'openrouter/google/gemma-4-26b-a4b-it': This model isn't mapped yet. model=openrouter/google/gemma-4-26b-a4b-it, custom_llm_provider=openrouter. Add it here - https://github.com/BerriAI/litellm/blob/main/model_prices_and_context_window.json.. Using fallback context limit: 1000000
Parser warnings: - Extra text detected before JSON object
- Extra text detected after JSON object
Sending keys: ['pwd\n'] min_timeout_sec: 0.1 max_timeout_sec: 180.0
Sending keys: ['uname -a\n'] min_timeout_sec: 0.1 max_timeout_sec: 180.0
Trajectory dumped to /var/essdata/s_chumakov/automl-journal/runs/autods-tabred/jobs/terminus-tabred-Msmall-20260829-175356/homecredit-default__eNv265u/agent/trajectory.json
Failed to retrieve model info for 'openrouter/google/gemma-4-26b-a4b-it': This model isn't mapped yet. model=openrouter/google/gemma-4-26b-a4b-it, custom_llm_provider=openrouter. Add it here - https://github.com/BerriAI/litellm/blob/main/model_prices_and_context_window.json.. Using fallback context limit: 1000000
Parser warnings: - Extra text detected before JSON object
- Extra text detected after JSON object
Trajectory dumped to /var/essdata/s_chumakov/automl-journal/runs/autods-tabred/jobs/terminus-tabred-Msmall-20260829-175356/homecredit-default__eNv265u/agent/trajectory.json
Failed to retrieve model info for 'openrouter/google/gemma-4-26b-a4b-it': This model isn't mapped yet. model=openrouter/google/gemma-4-26b-a4b-it, custom_llm_provider=openrouter. Add it here - https://github.com/BerriAI/litellm/blob/main/model_prices_and_context_window.json.. Using fallback context limit: 1000000
Parser warnings: - Extra text detected before JSON object
- Extra text detected after JSON object
Trajectory dumped to /var/essdata/s_chumakov/automl-journal/runs/autods-tabred/jobs/terminus-tabred-Msmall-20260829-175356/homecredit-default__eNv265u/agent/trajectory.json
Failed to retrieve model info for 'openrouter/google/gemma-4-26b-a4b-it': This model isn't mapped yet. model=openrouter/google/gemma-4-26b-a4b-it, custom_llm_provider=openrouter. Add it here - https://github.com/BerriAI/litellm/blob/main/model_prices_and_context_window.json.. Using fallback context limit: 1000000
Parser warnings: - Extra text detected before JSON object
- Extra text detected after JSON object
Trajectory dumped to /var/essdata/s_chumakov/automl-journal/runs/autods-tabred/jobs/terminus-tabred-Msmall-20260829-175356/homecredit-default__eNv265u/agent/trajectory.json
Failed to retrieve model info for 'openrouter/google/gemma-4-26b-a4b-it': This model isn't mapped yet. model=openrouter/google/gemma-4-26b-a4b-it, custom_llm_provider=openrouter. Add it here - https://github.com/BerriAI/litellm/blob/main/model_prices_and_context_window.json.. Using fallback context limit: 1000000
Parser warnings: - Extra text detected before JSON object
- Extra text detected after JSON object
Trajectory dumped to /var/essdata/s_chumakov/automl-journal/runs/autods-tabred/jobs/terminus-tabred-Msmall-20260829-175356/homecredit-default__eNv265u/agent/trajectory.json
Failed to retrieve model info for 'openrouter/google/gemma-4-26b-a4b-it': This model isn't mapped yet. model=openrouter/google/gemma-4-26b-a4b-it, custom_llm_provider=openrouter. Add it here - https://github.com/BerriAI/litellm/blob/main/model_prices_and_context_window.json.. Using fallback context limit: 1000000
Parser warnings: - Extra text detected before JSON object
- Extra text detected after JSON object
Trajectory dumped to /var/essdata/s_chumakov/automl-journal/runs/autods-tabred/jobs/terminus-tabred-Msmall-20260829-175356/homecredit-default__eNv265u/agent/trajectory.json
Failed to retrieve model info for 'openrouter/google/gemma-4-26b-a4b-it': This model isn't mapped yet. model=openrouter/google/gemma-4-26b-a4b-it, custom_llm_provider=openrouter. Add it here - https://github.com/BerriAI/litellm/blob/main/model_prices_and_context_window.json.. Using fallback context limit: 1000000
Trajectory dumped to /var/essdata/s_chumakov/automl-journal/runs/autods-tabred/jobs/terminus-tabred-Msmall-20260829-175356/maps-routing__xhsyiK2/agent/trajectory.json
Failed to retrieve model info for 'openrouter/google/gemma-4-26b-a4b-it': This model isn't mapped yet. model=openrouter/google/gemma-4-26b-a4b-it, custom_llm_provider=openrouter. Add it here - https://github.com/BerriAI/litellm/blob/main/model_prices_and_context_window.json.. Using fallback context limit: 1000000
Parser warnings: - Extra text detected before JSON object
- Extra text detected after JSON object
Trajectory dumped to /var/essdata/s_chumakov/automl-journal/runs/autods-tabred/jobs/terminus-tabred-Msmall-20260829-175356/homecredit-default__eNv265u/agent/trajectory.json
Failed to retrieve model info for 'openrouter/google/gemma-4-26b-a4b-it': This model isn't mapped yet. model=openrouter/google/gemma-4-26b-a4b-it, custom_llm_provider=openrouter. Add it here - https://github.com/BerriAI/litellm/blob/main/model_prices_and_context_window.json.. Using fallback context limit: 1000000
Sending keys: [''] min_timeout_sec: 60.0 max_timeout_sec: 180.0
Parser warnings: - Extra text detected before JSON object
- Extra text detected after JSON object
Trajectory dumped to /var/essdata/s_chumakov/automl-journal/runs/autods-tabred/jobs/terminus-tabred-Msmall-20260829-175356/homecredit-default__eNv265u/agent/trajectory.json
Failed to retrieve model info for 'openrouter/google/gemma-4-26b-a4b-it': This model isn't mapped yet. model=openrouter/google/gemma-4-26b-a4b-it, custom_llm_provider=openrouter. Add it here - https://github.com/BerriAI/litellm/blob/main/model_prices_and_context_window.json.. Using fallback context limit: 1000000
Trajectory dumped to /var/essdata/s_chumakov/automl-journal/runs/autods-tabred/jobs/terminus-tabred-Msmall-20260829-175356/delivery-eta__f9B9NpN/agent/trajectory.json
Failed to retrieve model info for 'openrouter/google/gemma-4-26b-a4b-it': This model isn't mapped yet. model=openrouter/google/gemma-4-26b-a4b-it, custom_llm_provider=openrouter. Add it here - https://github.com/BerriAI/litellm/blob/main/model_prices_and_context_window.json.. Using fallback context limit: 1000000
Parser warnings: - Extra text detected before JSON object
- Extra text detected after JSON object
Sending keys: [''] min_timeout_sec: 60.0 max_timeout_sec: 180.0
Parser warnings: - Extra text detected before JSON object
- Extra text detected after JSON object
Trajectory dumped to /var/essdata/s_chumakov/automl-journal/runs/autods-tabred/jobs/terminus-tabred-Msmall-20260829-175356/homecredit-default__eNv265u/agent/trajectory.json
Failed to retrieve model info for 'openrouter/google/gemma-4-26b-a4b-it': This model isn't mapped yet. model=openrouter/google/gemma-4-26b-a4b-it, custom_llm_provider=openrouter. Add it here - https://github.com/BerriAI/litellm/blob/main/model_prices_and_context_window.json.. Using fallback context limit: 1000000
Parser warnings: - Extra text detected before JSON object
- Extra text detected after JSON object
Trajectory dumped to /var/essdata/s_chumakov/automl-journal/runs/autods-tabred/jobs/terminus-tabred-Msmall-20260829-175356/homecredit-default__eNv265u/agent/trajectory.json
Failed to retrieve model info for 'openrouter/google/gemma-4-26b-a4b-it': This model isn't mapped yet. model=openrouter/google/gemma-4-26b-a4b-it, custom_llm_provider=openrouter. Add it here - https://github.com/BerriAI/litellm/blob/main/model_prices_and_context_window.json.. Using fallback context limit: 1000000
Parser warnings: - Extra text detected before JSON object
- Extra text detected after JSON object
Trajectory dumped to /var/essdata/s_chumakov/automl-journal/runs/autods-tabred/jobs/terminus-tabred-Msmall-20260829-175356/homecredit-default__eNv265u/agent/trajectory.json
Failed to retrieve model info for 'openrouter/google/gemma-4-26b-a4b-it': This model isn't mapped yet. model=openrouter/google/gemma-4-26b-a4b-it, custom_llm_provider=openrouter. Add it here - https://github.com/BerriAI/litellm/blob/main/model_prices_and_context_window.json.. Using fallback context limit: 1000000
Parser warnings: - Extra text detected before JSON object
- Extra text detected after JSON object
Trajectory dumped to /var/essdata/s_chumakov/automl-journal/runs/autods-tabred/jobs/terminus-tabred-Msmall-20260829-175356/homecredit-default__eNv265u/agent/trajectory.json
Failed to retrieve model info for 'openrouter/google/gemma-4-26b-a4b-it': This model isn't mapped yet. model=openrouter/google/gemma-4-26b-a4b-it, custom_llm_provider=openrouter. Add it here - https://github.com/BerriAI/litellm/blob/main/model_prices_and_context_window.json.. Using fallback context limit: 1000000
Parser warnings: - Extra text detected before JSON object
- Extra text detected after JSON object
Trajectory dumped to /var/essdata/s_chumakov/automl-journal/runs/autods-tabred/jobs/terminus-tabred-Msmall-20260829-175356/homecredit-default__eNv265u/agent/trajectory.json
Failed to retrieve model info for 'openrouter/google/gemma-4-26b-a4b-it': This model isn't mapped yet. model=openrouter/google/gemma-4-26b-a4b-it, custom_llm_provider=openrouter. Add it here - https://github.com/BerriAI/litellm/blob/main/model_prices_and_context_window.json.. Using fallback context limit: 1000000
Parser warnings: - Extra text detected before JSON object
- Extra text detected after JSON object
Trajectory dumped to /var/essdata/s_chumakov/automl-journal/runs/autods-tabred/jobs/terminus-tabred-Msmall-20260829-175356/homecredit-default__eNv265u/agent/trajectory.json
Failed to retrieve model info for 'openrouter/google/gemma-4-26b-a4b-it': This model isn't mapped yet. model=openrouter/google/gemma-4-26b-a4b-it, custom_llm_provider=openrouter. Add it here - https://github.com/BerriAI/litellm/blob/main/model_prices_and_context_window.json.. Using fallback context limit: 1000000
Parser warnings: - Extra text detected before JSON object
- Extra text detected after JSON object
Trajectory dumped to /var/essdata/s_chumakov/automl-journal/runs/autods-tabred/jobs/terminus-tabred-Msmall-20260829-175356/homecredit-default__eNv265u/agent/trajectory.json
Failed to retrieve model info for 'openrouter/google/gemma-4-26b-a4b-it': This model isn't mapped yet. model=openrouter/google/gemma-4-26b-a4b-it, custom_llm_provider=openrouter. Add it here - https://github.com/BerriAI/litellm/blob/main/model_prices_and_context_window.json.. Using fallback context limit: 1000000
Trajectory dumped to /var/essdata/s_chumakov/automl-journal/runs/autods-tabred/jobs/terminus-tabred-Msmall-20260829-175356/maps-routing__KdWHUJa/agent/trajectory.json
Failed to retrieve model info for 'openrouter/google/gemma-4-26b-a4b-it': This model isn't mapped yet. model=openrouter/google/gemma-4-26b-a4b-it, custom_llm_provider=openrouter. Add it here - https://github.com/BerriAI/litellm/blob/main/model_prices_and_context_window.json.. Using fallback context limit: 1000000
Parser warnings: - Extra text detected before JSON object
- Extra text detected after JSON object
Parser warnings: - Extra text detected before JSON object
- Extra text detected after JSON object
Sending keys: [''] min_timeout_sec: 60.0 max_timeout_sec: 180.0
Trajectory dumped to /var/essdata/s_chumakov/automl-journal/runs/autods-tabred/jobs/terminus-tabred-Msmall-20260829-175356/homecredit-default__eNv265u/agent/trajectory.json
Failed to retrieve model info for 'openrouter/google/gemma-4-26b-a4b-it': This model isn't mapped yet. model=openrouter/google/gemma-4-26b-a4b-it, custom_llm_provider=openrouter. Add it here - https://github.com/BerriAI/litellm/blob/main/model_prices_and_context_window.json.. Using fallback context limit: 1000000
Parser warnings: - Extra text detected before JSON object
- Extra text detected after JSON object
Trajectory dumped to /var/essdata/s_chumakov/automl-journal/runs/autods-tabred/jobs/terminus-tabred-Msmall-20260829-175356/homecredit-default__eNv265u/agent/trajectory.json
Failed to retrieve model info for 'openrouter/google/gemma-4-26b-a4b-it': This model isn't mapped yet. model=openrouter/google/gemma-4-26b-a4b-it, custom_llm_provider=openrouter. Add it here - https://github.com/BerriAI/litellm/blob/main/model_prices_and_context_window.json.. Using fallback context limit: 1000000
Parser warnings: - Extra text detected before JSON object
- Extra text detected after JSON object
Trajectory dumped to /var/essdata/s_chumakov/automl-journal/runs/autods-tabred/jobs/terminus-tabred-Msmall-20260829-175356/homecredit-default__eNv265u/agent/trajectory.json
Failed to retrieve model info for 'openrouter/google/gemma-4-26b-a4b-it': This model isn't mapped yet. model=openrouter/google/gemma-4-26b-a4b-it, custom_llm_provider=openrouter. Add it here - https://github.com/BerriAI/litellm/blob/main/model_prices_and_context_window.json.. Using fallback context limit: 1000000
Parser warnings: - Extra text detected before JSON object
- Extra text detected after JSON object
Trajectory dumped to /var/essdata/s_chumakov/automl-journal/runs/autods-tabred/jobs/terminus-tabred-Msmall-20260829-175356/homecredit-default__eNv265u/agent/trajectory.json
Failed to retrieve model info for 'openrouter/google/gemma-4-26b-a4b-it': This model isn't mapped yet. model=openrouter/google/gemma-4-26b-a4b-it, custom_llm_provider=openrouter. Add it here - https://github.com/BerriAI/litellm/blob/main/model_prices_and_context_window.json.. Using fallback context limit: 1000000
Parser warnings: - Extra text detected before JSON object
- Extra text detected after JSON object
Trajectory dumped to /var/essdata/s_chumakov/automl-journal/runs/autods-tabred/jobs/terminus-tabred-Msmall-20260829-175356/homecredit-default__eNv265u/agent/trajectory.json
Failed to retrieve model info for 'openrouter/google/gemma-4-26b-a4b-it': This model isn't mapped yet. model=openrouter/google/gemma-4-26b-a4b-it, custom_llm_provider=openrouter. Add it here - https://github.com/BerriAI/litellm/blob/main/model_prices_and_context_window.json.. Using fallback context limit: 1000000
Parser warnings: - Extra text detected before JSON object
- Extra text detected after JSON object
Trajectory dumped to /var/essdata/s_chumakov/automl-journal/runs/autods-tabred/jobs/terminus-tabred-Msmall-20260829-175356/homecredit-default__eNv265u/agent/trajectory.json
Failed to retrieve model info for 'openrouter/google/gemma-4-26b-a4b-it': This model isn't mapped yet. model=openrouter/google/gemma-4-26b-a4b-it, custom_llm_provider=openrouter. Add it here - https://github.com/BerriAI/litellm/blob/main/model_prices_and_context_window.json.. Using fallback context limit: 1000000
Parser warnings: - Extra text detected before JSON object
- Extra text detected after JSON object
Trajectory dumped to /var/essdata/s_chumakov/automl-journal/runs/autods-tabred/jobs/terminus-tabred-Msmall-20260829-175356/homecredit-default__eNv265u/agent/trajectory.json
Failed to retrieve model info for 'openrouter/google/gemma-4-26b-a4b-it': This model isn't mapped yet. model=openrouter/google/gemma-4-26b-a4b-it, custom_llm_provider=openrouter. Add it here - https://github.com/BerriAI/litellm/blob/main/model_prices_and_context_window.json.. Using fallback context limit: 1000000
Parser warnings: - Extra text detected before JSON object
- Extra text detected after JSON object
Trajectory dumped to /var/essdata/s_chumakov/automl-journal/runs/autods-tabred/jobs/terminus-tabred-Msmall-20260829-175356/homecredit-default__eNv265u/agent/trajectory.json
Failed to retrieve model info for 'openrouter/google/gemma-4-26b-a4b-it': This model isn't mapped yet. model=openrouter/google/gemma-4-26b-a4b-it, custom_llm_provider=openrouter. Add it here - https://github.com/BerriAI/litellm/blob/main/model_prices_and_context_window.json.. Using fallback context limit: 1000000
Parser warnings: - Extra text detected before JSON object
- Extra text detected after JSON object
Trajectory dumped to /var/essdata/s_chumakov/automl-journal/runs/autods-tabred/jobs/terminus-tabred-Msmall-20260829-175356/homecredit-default__eNv265u/agent/trajectory.json
Failed to retrieve model info for 'openrouter/google/gemma-4-26b-a4b-it': This model isn't mapped yet. model=openrouter/google/gemma-4-26b-a4b-it, custom_llm_provider=openrouter. Add it here - https://github.com/BerriAI/litellm/blob/main/model_prices_and_context_window.json.. Using fallback context limit: 1000000
Parser warnings: - Extra text detected before JSON object
- Extra text detected after JSON object
Trajectory dumped to /var/essdata/s_chumakov/automl-journal/runs/autods-tabred/jobs/terminus-tabred-Msmall-20260829-175356/homecredit-default__eNv265u/agent/trajectory.json
Failed to retrieve model info for 'openrouter/google/gemma-4-26b-a4b-it': This model isn't mapped yet. model=openrouter/google/gemma-4-26b-a4b-it, custom_llm_provider=openrouter. Add it here - https://github.com/BerriAI/litellm/blob/main/model_prices_and_context_window.json.. Using fallback context limit: 1000000
Parser warnings: - Extra text detected before JSON object
- Extra text detected after JSON object
Trajectory dumped to /var/essdata/s_chumakov/automl-journal/runs/autods-tabred/jobs/terminus-tabred-Msmall-20260829-175356/homecredit-default__eNv265u/agent/trajectory.json
Failed to retrieve model info for 'openrouter/google/gemma-4-26b-a4b-it': This model isn't mapped yet. model=openrouter/google/gemma-4-26b-a4b-it, custom_llm_provider=openrouter. Add it here - https://github.com/BerriAI/litellm/blob/main/model_prices_and_context_window.json.. Using fallback context limit: 1000000
Trajectory dumped to /var/essdata/s_chumakov/automl-journal/runs/autods-tabred/jobs/terminus-tabred-Msmall-20260829-175356/maps-routing__xhsyiK2/agent/trajectory.json
Failed to retrieve model info for 'openrouter/google/gemma-4-26b-a4b-it': This model isn't mapped yet. model=openrouter/google/gemma-4-26b-a4b-it, custom_llm_provider=openrouter. Add it here - https://github.com/BerriAI/litellm/blob/main/model_prices_and_context_window.json.. Using fallback context limit: 1000000
Sending keys: [''] min_timeout_sec: 60.0 max_timeout_sec: 180.0
Parser warnings: - Extra text detected before JSON object
- Extra text detected after JSON object
Trajectory dumped to /var/essdata/s_chumakov/automl-journal/runs/autods-tabred/jobs/terminus-tabred-Msmall-20260829-175356/homecredit-default__eNv265u/agent/trajectory.json
Failed to retrieve model info for 'openrouter/google/gemma-4-26b-a4b-it': This model isn't mapped yet. model=openrouter/google/gemma-4-26b-a4b-it, custom_llm_provider=openrouter. Add it here - https://github.com/BerriAI/litellm/blob/main/model_prices_and_context_window.json.. Using fallback context limit: 1000000
Trajectory dumped to /var/essdata/s_chumakov/automl-journal/runs/autods-tabred/jobs/terminus-tabred-Msmall-20260829-175356/delivery-eta__f9B9NpN/agent/trajectory.json
Parser warnings: - Extra text detected before JSON object
- Extra text detected after JSON object
Failed to retrieve model info for 'openrouter/google/gemma-4-26b-a4b-it': This model isn't mapped yet. model=openrouter/google/gemma-4-26b-a4b-it, custom_llm_provider=openrouter. Add it here - https://github.com/BerriAI/litellm/blob/main/model_prices_and_context_window.json.. Using fallback context limit: 1000000
Trajectory dumped to /var/essdata/s_chumakov/automl-journal/runs/autods-tabred/jobs/terminus-tabred-Msmall-20260829-175356/homecredit-default__eNv265u/agent/trajectory.json
Failed to retrieve model info for 'openrouter/google/gemma-4-26b-a4b-it': This model isn't mapped yet. model=openrouter/google/gemma-4-26b-a4b-it, custom_llm_provider=openrouter. Add it here - https://github.com/BerriAI/litellm/blob/main/model_prices_and_context_window.json.. Using fallback context limit: 1000000
Parser warnings: - Extra text detected before JSON object
- Extra text detected after JSON object
Sending keys: [''] min_timeout_sec: 60.0 max_timeout_sec: 180.0
Parser warnings: - Extra text detected before JSON object
- Extra text detected after JSON object
Trajectory dumped to /var/essdata/s_chumakov/automl-journal/runs/autods-tabred/jobs/terminus-tabred-Msmall-20260829-175356/homecredit-default__eNv265u/agent/trajectory.json
Failed to retrieve model info for 'openrouter/google/gemma-4-26b-a4b-it': This model isn't mapped yet. model=openrouter/google/gemma-4-26b-a4b-it, custom_llm_provider=openrouter. Add it here - https://github.com/BerriAI/litellm/blob/main/model_prices_and_context_window.json.. Using fallback context limit: 1000000
Parser warnings: - Extra text detected before JSON object
- Extra text detected after JSON object
Trajectory dumped to /var/essdata/s_chumakov/automl-journal/runs/autods-tabred/jobs/terminus-tabred-Msmall-20260829-175356/homecredit-default__eNv265u/agent/trajectory.json
Failed to retrieve model info for 'openrouter/google/gemma-4-26b-a4b-it': This model isn't mapped yet. model=openrouter/google/gemma-4-26b-a4b-it, custom_llm_provider=openrouter. Add it here - https://github.com/BerriAI/litellm/blob/main/model_prices_and_context_window.json.. Using fallback context limit: 1000000
Parser warnings: - Extra text detected before JSON object
- Extra text detected after JSON object
Trajectory dumped to /var/essdata/s_chumakov/automl-journal/runs/autods-tabred/jobs/terminus-tabred-Msmall-20260829-175356/homecredit-default__eNv265u/agent/trajectory.json
Failed to retrieve model info for 'openrouter/google/gemma-4-26b-a4b-it': This model isn't mapped yet. model=openrouter/google/gemma-4-26b-a4b-it, custom_llm_provider=openrouter. Add it here - https://github.com/BerriAI/litellm/blob/main/model_prices_and_context_window.json.. Using fallback context limit: 1000000
Parser warnings: - Extra text detected before JSON object
- Extra text detected after JSON object
Trajectory dumped to /var/essdata/s_chumakov/automl-journal/runs/autods-tabred/jobs/terminus-tabred-Msmall-20260829-175356/homecredit-default__eNv265u/agent/trajectory.json
Failed to retrieve model info for 'openrouter/google/gemma-4-26b-a4b-it': This model isn't mapped yet. model=openrouter/google/gemma-4-26b-a4b-it, custom_llm_provider=openrouter. Add it here - https://github.com/BerriAI/litellm/blob/main/model_prices_and_context_window.json.. Using fallback context limit: 1000000
Parser warnings: - Extra text detected before JSON object
- Extra text detected after JSON object
Trajectory dumped to /var/essdata/s_chumakov/automl-journal/runs/autods-tabred/jobs/terminus-tabred-Msmall-20260829-175356/homecredit-default__eNv265u/agent/trajectory.json
Failed to retrieve model info for 'openrouter/google/gemma-4-26b-a4b-it': This model isn't mapped yet. model=openrouter/google/gemma-4-26b-a4b-it, custom_llm_provider=openrouter. Add it here - https://github.com/BerriAI/litellm/blob/main/model_prices_and_context_window.json.. Using fallback context limit: 1000000
Trajectory dumped to /var/essdata/s_chumakov/automl-journal/runs/autods-tabred/jobs/terminus-tabred-Msmall-20260829-175356/maps-routing__KdWHUJa/agent/trajectory.json
Failed to retrieve model info for 'openrouter/google/gemma-4-26b-a4b-it': This model isn't mapped yet. model=openrouter/google/gemma-4-26b-a4b-it, custom_llm_provider=openrouter. Add it here - https://github.com/BerriAI/litellm/blob/main/model_prices_and_context_window.json.. Using fallback context limit: 1000000
Parser warnings: - Extra text detected before JSON object
- Extra text detected after JSON object
Trajectory dumped to /var/essdata/s_chumakov/automl-journal/runs/autods-tabred/jobs/terminus-tabred-Msmall-20260829-175356/homecredit-default__eNv265u/agent/trajectory.json
Failed to retrieve model info for 'openrouter/google/gemma-4-26b-a4b-it': This model isn't mapped yet. model=openrouter/google/gemma-4-26b-a4b-it, custom_llm_provider=openrouter. Add it here - https://github.com/BerriAI/litellm/blob/main/model_prices_and_context_window.json.. Using fallback context limit: 1000000
Parser warnings: - Extra text detected before JSON object
- Extra text detected after JSON object
Sending keys: [''] min_timeout_sec: 60.0 max_timeout_sec: 180.0
Parser warnings: - Extra text detected before JSON object
- Extra text detected after JSON object
Trajectory dumped to /var/essdata/s_chumakov/automl-journal/runs/autods-tabred/jobs/terminus-tabred-Msmall-20260829-175356/homecredit-default__eNv265u/agent/trajectory.json
Failed to retrieve model info for 'openrouter/google/gemma-4-26b-a4b-it': This model isn't mapped yet. model=openrouter/google/gemma-4-26b-a4b-it, custom_llm_provider=openrouter. Add it here - https://github.com/BerriAI/litellm/blob/main/model_prices_and_context_window.json.. Using fallback context limit: 1000000
Parser warnings: - Extra text detected before JSON object
- Extra text detected after JSON object
Trajectory dumped to /var/essdata/s_chumakov/automl-journal/runs/autods-tabred/jobs/terminus-tabred-Msmall-20260829-175356/homecredit-default__eNv265u/agent/trajectory.json
Failed to retrieve model info for 'openrouter/google/gemma-4-26b-a4b-it': This model isn't mapped yet. model=openrouter/google/gemma-4-26b-a4b-it, custom_llm_provider=openrouter. Add it here - https://github.com/BerriAI/litellm/blob/main/model_prices_and_context_window.json.. Using fallback context limit: 1000000
Parser warnings: - Extra text detected before JSON object
- Extra text detected after JSON object
Trajectory dumped to /var/essdata/s_chumakov/automl-journal/runs/autods-tabred/jobs/terminus-tabred-Msmall-20260829-175356/homecredit-default__eNv265u/agent/trajectory.json
Failed to retrieve model info for 'openrouter/google/gemma-4-26b-a4b-it': This model isn't mapped yet. model=openrouter/google/gemma-4-26b-a4b-it, custom_llm_provider=openrouter. Add it here - https://github.com/BerriAI/litellm/blob/main/model_prices_and_context_window.json.. Using fallback context limit: 1000000
Parser warnings: - Extra text detected before JSON object
- Extra text detected after JSON object
Trajectory dumped to /var/essdata/s_chumakov/automl-journal/runs/autods-tabred/jobs/terminus-tabred-Msmall-20260829-175356/homecredit-default__eNv265u/agent/trajectory.json
Failed to retrieve model info for 'openrouter/google/gemma-4-26b-a4b-it': This model isn't mapped yet. model=openrouter/google/gemma-4-26b-a4b-it, custom_llm_provider=openrouter. Add it here - https://github.com/BerriAI/litellm/blob/main/model_prices_and_context_window.json.. Using fallback context limit: 1000000
Parser warnings: - Extra text detected before JSON object
- Extra text detected after JSON object
Trajectory dumped to /var/essdata/s_chumakov/automl-journal/runs/autods-tabred/jobs/terminus-tabred-Msmall-20260829-175356/homecredit-default__eNv265u/agent/trajectory.json
Failed to retrieve model info for 'openrouter/google/gemma-4-26b-a4b-it': This model isn't mapped yet. model=openrouter/google/gemma-4-26b-a4b-it, custom_llm_provider=openrouter. Add it here - https://github.com/BerriAI/litellm/blob/main/model_prices_and_context_window.json.. Using fallback context limit: 1000000
Parser warnings: - Extra text detected before JSON object
- Extra text detected after JSON object
Trajectory dumped to /var/essdata/s_chumakov/automl-journal/runs/autods-tabred/jobs/terminus-tabred-Msmall-20260829-175356/homecredit-default__eNv265u/agent/trajectory.json
Failed to retrieve model info for 'openrouter/google/gemma-4-26b-a4b-it': This model isn't mapped yet. model=openrouter/google/gemma-4-26b-a4b-it, custom_llm_provider=openrouter. Add it here - https://github.com/BerriAI/litellm/blob/main/model_prices_and_context_window.json.. Using fallback context limit: 1000000
Parser warnings: - Extra text detected before JSON object
- Extra text detected after JSON object
Trajectory dumped to /var/essdata/s_chumakov/automl-journal/runs/autods-tabred/jobs/terminus-tabred-Msmall-20260829-175356/homecredit-default__eNv265u/agent/trajectory.json
Failed to retrieve model info for 'openrouter/google/gemma-4-26b-a4b-it': This model isn't mapped yet. model=openrouter/google/gemma-4-26b-a4b-it, custom_llm_provider=openrouter. Add it here - https://github.com/BerriAI/litellm/blob/main/model_prices_and_context_window.json.. Using fallback context limit: 1000000
Parser warnings: - Extra text detected before JSON object
- Extra text detected after JSON object
Trajectory dumped to /var/essdata/s_chumakov/automl-journal/runs/autods-tabred/jobs/terminus-tabred-Msmall-20260829-175356/homecredit-default__eNv265u/agent/trajectory.json
Failed to retrieve model info for 'openrouter/google/gemma-4-26b-a4b-it': This model isn't mapped yet. model=openrouter/google/gemma-4-26b-a4b-it, custom_llm_provider=openrouter. Add it here - https://github.com/BerriAI/litellm/blob/main/model_prices_and_context_window.json.. Using fallback context limit: 1000000
Parser warnings: - Extra text detected before JSON object
- Extra text detected after JSON object
Trajectory dumped to /var/essdata/s_chumakov/automl-journal/runs/autods-tabred/jobs/terminus-tabred-Msmall-20260829-175356/homecredit-default__eNv265u/agent/trajectory.json
Failed to retrieve model info for 'openrouter/google/gemma-4-26b-a4b-it': This model isn't mapped yet. model=openrouter/google/gemma-4-26b-a4b-it, custom_llm_provider=openrouter. Add it here - https://github.com/BerriAI/litellm/blob/main/model_prices_and_context_window.json.. Using fallback context limit: 1000000
Trajectory dumped to /var/essdata/s_chumakov/automl-journal/runs/autods-tabred/jobs/terminus-tabred-Msmall-20260829-175356/maps-routing__xhsyiK2/agent/trajectory.json
Failed to retrieve model info for 'openrouter/google/gemma-4-26b-a4b-it': This model isn't mapped yet. model=openrouter/google/gemma-4-26b-a4b-it, custom_llm_provider=openrouter. Add it here - https://github.com/BerriAI/litellm/blob/main/model_prices_and_context_window.json.. Using fallback context limit: 1000000
Sending keys: [''] min_timeout_sec: 60.0 max_timeout_sec: 180.0
Parser warnings: - Extra text detected before JSON object
- Extra text detected after JSON object
Trajectory dumped to /var/essdata/s_chumakov/automl-journal/runs/autods-tabred/jobs/terminus-tabred-Msmall-20260829-175356/homecredit-default__eNv265u/agent/trajectory.json
Failed to retrieve model info for 'openrouter/google/gemma-4-26b-a4b-it': This model isn't mapped yet. model=openrouter/google/gemma-4-26b-a4b-it, custom_llm_provider=openrouter. Add it here - https://github.com/BerriAI/litellm/blob/main/model_prices_and_context_window.json.. Using fallback context limit: 1000000
Trajectory dumped to /var/essdata/s_chumakov/automl-journal/runs/autods-tabred/jobs/terminus-tabred-Msmall-20260829-175356/delivery-eta__f9B9NpN/agent/trajectory.json
Parser warnings: - Extra text detected before JSON object
- Extra text detected after JSON object
Failed to retrieve model info for 'openrouter/google/gemma-4-26b-a4b-it': This model isn't mapped yet. model=openrouter/google/gemma-4-26b-a4b-it, custom_llm_provider=openrouter. Add it here - https://github.com/BerriAI/litellm/blob/main/model_prices_and_context_window.json.. Using fallback context limit: 1000000
Trajectory dumped to /var/essdata/s_chumakov/automl-journal/runs/autods-tabred/jobs/terminus-tabred-Msmall-20260829-175356/homecredit-default__eNv265u/agent/trajectory.json
Failed to retrieve model info for 'openrouter/google/gemma-4-26b-a4b-it': This model isn't mapped yet. model=openrouter/google/gemma-4-26b-a4b-it, custom_llm_provider=openrouter. Add it here - https://github.com/BerriAI/litellm/blob/main/model_prices_and_context_window.json.. Using fallback context limit: 1000000
Parser warnings: - Extra text detected before JSON object
- Extra text detected after JSON object
Sending keys: [''] min_timeout_sec: 60.0 max_timeout_sec: 180.0
Parser warnings: - Extra text detected before JSON object
- Extra text detected after JSON object
Trajectory dumped to /var/essdata/s_chumakov/automl-journal/runs/autods-tabred/jobs/terminus-tabred-Msmall-20260829-175356/homecredit-default__eNv265u/agent/trajectory.json
Failed to retrieve model info for 'openrouter/google/gemma-4-26b-a4b-it': This model isn't mapped yet. model=openrouter/google/gemma-4-26b-a4b-it, custom_llm_provider=openrouter. Add it here - https://github.com/BerriAI/litellm/blob/main/model_prices_and_context_window.json.. Using fallback context limit: 1000000
Parser warnings: - Extra text detected before JSON object
- Extra text detected after JSON object
Trajectory dumped to /var/essdata/s_chumakov/automl-journal/runs/autods-tabred/jobs/terminus-tabred-Msmall-20260829-175356/homecredit-default__eNv265u/agent/trajectory.json
Failed to retrieve model info for 'openrouter/google/gemma-4-26b-a4b-it': This model isn't mapped yet. model=openrouter/google/gemma-4-26b-a4b-it, custom_llm_provider=openrouter. Add it here - https://github.com/BerriAI/litellm/blob/main/model_prices_and_context_window.json.. Using fallback context limit: 1000000
Parser warnings: - Extra text detected before JSON object
- Extra text detected after JSON object
Trajectory dumped to /var/essdata/s_chumakov/automl-journal/runs/autods-tabred/jobs/terminus-tabred-Msmall-20260829-175356/homecredit-default__eNv265u/agent/trajectory.json
Failed to retrieve model info for 'openrouter/google/gemma-4-26b-a4b-it': This model isn't mapped yet. model=openrouter/google/gemma-4-26b-a4b-it, custom_llm_provider=openrouter. Add it here - https://github.com/BerriAI/litellm/blob/main/model_prices_and_context_window.json.. Using fallback context limit: 1000000
Parser warnings: - Extra text detected before JSON object
- Extra text detected after JSON object
Trajectory dumped to /var/essdata/s_chumakov/automl-journal/runs/autods-tabred/jobs/terminus-tabred-Msmall-20260829-175356/homecredit-default__eNv265u/agent/trajectory.json
Failed to retrieve model info for 'openrouter/google/gemma-4-26b-a4b-it': This model isn't mapped yet. model=openrouter/google/gemma-4-26b-a4b-it, custom_llm_provider=openrouter. Add it here - https://github.com/BerriAI/litellm/blob/main/model_prices_and_context_window.json.. Using fallback context limit: 1000000
Parser warnings: - Extra text detected before JSON object
- Extra text detected after JSON object
Sending keys: ['ls -l /app/predictions.csv\n'] min_timeout_sec: 0.1 max_timeout_sec: 180.0
Sending keys: ['head -n 5 /app/predictions.csv\n'] min_timeout_sec: 0.1 max_timeout_sec: 180.0
Sending keys: ['wc -l /app/predictions.csv\n'] min_timeout_sec: 0.1 max_timeout_sec: 180.0
Trajectory dumped to /var/essdata/s_chumakov/automl-journal/runs/autods-tabred/jobs/terminus-tabred-Msmall-20260829-175356/maps-routing__KdWHUJa/agent/trajectory.json
Trajectory dumped to /var/essdata/s_chumakov/automl-journal/runs/autods-tabred/jobs/terminus-tabred-Msmall-20260829-175356/homecredit-default__eNv265u/agent/trajectory.json
Failed to retrieve model info for 'openrouter/google/gemma-4-26b-a4b-it': This model isn't mapped yet. model=openrouter/google/gemma-4-26b-a4b-it, custom_llm_provider=openrouter. Add it here - https://github.com/BerriAI/litellm/blob/main/model_prices_and_context_window.json.. Using fallback context limit: 1000000
Failed to retrieve model info for 'openrouter/google/gemma-4-26b-a4b-it': This model isn't mapped yet. model=openrouter/google/gemma-4-26b-a4b-it, custom_llm_provider=openrouter. Add it here - https://github.com/BerriAI/litellm/blob/main/model_prices_and_context_window.json.. Using fallback context limit: 1000000
Parser warnings: - Extra text detected before JSON object
- Extra text detected after JSON object
Sending keys: [''] min_timeout_sec: 60.0 max_timeout_sec: 180.0
Parser warnings: - Extra text detected before JSON object
- Extra text detected after JSON object
Sending keys: ['ls -la /app\n'] min_timeout_sec: 0.1 max_timeout_sec: 180.0
Trajectory dumped to /var/essdata/s_chumakov/automl-journal/runs/autods-tabred/jobs/terminus-tabred-Msmall-20260829-175356/homecredit-default__eNv265u/agent/trajectory.json
Failed to retrieve model info for 'openrouter/google/gemma-4-26b-a4b-it': This model isn't mapped yet. model=openrouter/google/gemma-4-26b-a4b-it, custom_llm_provider=openrouter. Add it here - https://github.com/BerriAI/litellm/blob/main/model_prices_and_context_window.json.. Using fallback context limit: 1000000
Parser warnings: - Extra text detected before JSON object
- Extra text detected after JSON object
Sending keys: ['find /app -name predictions.csv\n'] min_timeout_sec: 0.1 max_timeout_sec: 180.0
Trajectory dumped to /var/essdata/s_chumakov/automl-journal/runs/autods-tabred/jobs/terminus-tabred-Msmall-20260829-175356/homecredit-default__eNv265u/agent/trajectory.json
Failed to retrieve model info for 'openrouter/google/gemma-4-26b-a4b-it': This model isn't mapped yet. model=openrouter/google/gemma-4-26b-a4b-it, custom_llm_provider=openrouter. Add it here - https://github.com/BerriAI/litellm/blob/main/model_prices_and_context_window.json.. Using fallback context limit: 1000000
Parser warnings: - Extra text detected before JSON object
- Extra text detected after JSON object
Trajectory dumped to /var/essdata/s_chumakov/automl-journal/runs/autods-tabred/jobs/terminus-tabred-Msmall-20260829-175356/homecredit-default__eNv265u/agent/trajectory.json
Failed to retrieve model info for 'openrouter/google/gemma-4-26b-a4b-it': This model isn't mapped yet. model=openrouter/google/gemma-4-26b-a4b-it, custom_llm_provider=openrouter. Add it here - https://github.com/BerriAI/litellm/blob/main/model_prices_and_context_window.json.. Using fallback context limit: 1000000
Parser warnings: - Extra text detected before JSON object
- Extra text detected after JSON object
Trajectory dumped to /var/essdata/s_chumakov/automl-journal/runs/autods-tabred/jobs/terminus-tabred-Msmall-20260829-175356/homecredit-default__eNv265u/agent/trajectory.json
Failed to retrieve model info for 'openrouter/google/gemma-4-26b-a4b-it': This model isn't mapped yet. model=openrouter/google/gemma-4-26b-a4b-it, custom_llm_provider=openrouter. Add it here - https://github.com/BerriAI/litellm/blob/main/model_prices_and_context_window.json.. Using fallback context limit: 1000000
Parser warnings: - Extra text detected before JSON object
- Extra text detected after JSON object
Trajectory dumped to /var/essdata/s_chumakov/automl-journal/runs/autods-tabred/jobs/terminus-tabred-Msmall-20260829-175356/homecredit-default__eNv265u/agent/trajectory.json
Failed to retrieve model info for 'openrouter/google/gemma-4-26b-a4b-it': This model isn't mapped yet. model=openrouter/google/gemma-4-26b-a4b-it, custom_llm_provider=openrouter. Add it here - https://github.com/BerriAI/litellm/blob/main/model_prices_and_context_window.json.. Using fallback context limit: 1000000
Parser warnings: - Extra text detected before JSON object
- Extra text detected after JSON object
Trajectory dumped to /var/essdata/s_chumakov/automl-journal/runs/autods-tabred/jobs/terminus-tabred-Msmall-20260829-175356/homecredit-default__eNv265u/agent/trajectory.json
Failed to retrieve model info for 'openrouter/google/gemma-4-26b-a4b-it': This model isn't mapped yet. model=openrouter/google/gemma-4-26b-a4b-it, custom_llm_provider=openrouter. Add it here - https://github.com/BerriAI/litellm/blob/main/model_prices_and_context_window.json.. Using fallback context limit: 1000000
Parser warnings: - Extra text detected before JSON object
- Extra text detected after JSON object
Trajectory dumped to /var/essdata/s_chumakov/automl-journal/runs/autods-tabred/jobs/terminus-tabred-Msmall-20260829-175356/homecredit-default__eNv265u/agent/trajectory.json
Failed to retrieve model info for 'openrouter/google/gemma-4-26b-a4b-it': This model isn't mapped yet. model=openrouter/google/gemma-4-26b-a4b-it, custom_llm_provider=openrouter. Add it here - https://github.com/BerriAI/litellm/blob/main/model_prices_and_context_window.json.. Using fallback context limit: 1000000
Parser warnings: - Extra text detected before JSON object
- Extra text detected after JSON object
Trajectory dumped to /var/essdata/s_chumakov/automl-journal/runs/autods-tabred/jobs/terminus-tabred-Msmall-20260829-175356/homecredit-default__eNv265u/agent/trajectory.json
Failed to retrieve model info for 'openrouter/google/gemma-4-26b-a4b-it': This model isn't mapped yet. model=openrouter/google/gemma-4-26b-a4b-it, custom_llm_provider=openrouter. Add it here - https://github.com/BerriAI/litellm/blob/main/model_prices_and_context_window.json.. Using fallback context limit: 1000000
Parser warnings: - Extra text detected before JSON object
- Extra text detected after JSON object
Trajectory dumped to /var/essdata/s_chumakov/automl-journal/runs/autods-tabred/jobs/terminus-tabred-Msmall-20260829-175356/homecredit-default__eNv265u/agent/trajectory.json
Failed to retrieve model info for 'openrouter/google/gemma-4-26b-a4b-it': This model isn't mapped yet. model=openrouter/google/gemma-4-26b-a4b-it, custom_llm_provider=openrouter. Add it here - https://github.com/BerriAI/litellm/blob/main/model_prices_and_context_window.json.. Using fallback context limit: 1000000
Trajectory dumped to /var/essdata/s_chumakov/automl-journal/runs/autods-tabred/jobs/terminus-tabred-Msmall-20260829-175356/maps-routing__xhsyiK2/agent/trajectory.json
Failed to retrieve model info for 'openrouter/google/gemma-4-26b-a4b-it': This model isn't mapped yet. model=openrouter/google/gemma-4-26b-a4b-it, custom_llm_provider=openrouter. Add it here - https://github.com/BerriAI/litellm/blob/main/model_prices_and_context_window.json.. Using fallback context limit: 1000000
Sending keys: [''] min_timeout_sec: 60.0 max_timeout_sec: 180.0
Parser warnings: - Extra text detected before JSON object
- Extra text detected after JSON object
Trajectory dumped to /var/essdata/s_chumakov/automl-journal/runs/autods-tabred/jobs/terminus-tabred-Msmall-20260829-175356/homecredit-default__eNv265u/agent/trajectory.json
Failed to retrieve model info for 'openrouter/google/gemma-4-26b-a4b-it': This model isn't mapped yet. model=openrouter/google/gemma-4-26b-a4b-it, custom_llm_provider=openrouter. Add it here - https://github.com/BerriAI/litellm/blob/main/model_prices_and_context_window.json.. Using fallback context limit: 1000000
Trajectory dumped to /var/essdata/s_chumakov/automl-journal/runs/autods-tabred/jobs/terminus-tabred-Msmall-20260829-175356/delivery-eta__f9B9NpN/agent/trajectory.json
Failed to retrieve model info for 'openrouter/google/gemma-4-26b-a4b-it': This model isn't mapped yet. model=openrouter/google/gemma-4-26b-a4b-it, custom_llm_provider=openrouter. Add it here - https://github.com/BerriAI/litellm/blob/main/model_prices_and_context_window.json.. Using fallback context limit: 1000000
Parser warnings: - Extra text detected before JSON object
- Extra text detected after JSON object
Trajectory dumped to /var/essdata/s_chumakov/automl-journal/runs/autods-tabred/jobs/terminus-tabred-Msmall-20260829-175356/homecredit-default__eNv265u/agent/trajectory.json
Failed to retrieve model info for 'openrouter/google/gemma-4-26b-a4b-it': This model isn't mapped yet. model=openrouter/google/gemma-4-26b-a4b-it, custom_llm_provider=openrouter. Add it here - https://github.com/BerriAI/litellm/blob/main/model_prices_and_context_window.json.. Using fallback context limit: 1000000
Parser warnings: - Extra text detected before JSON object
- Extra text detected after JSON object
Sending keys: [''] min_timeout_sec: 60.0 max_timeout_sec: 180.0
Parser warnings: - Extra text detected before JSON object
- Extra text detected after JSON object
Trajectory dumped to /var/essdata/s_chumakov/automl-journal/runs/autods-tabred/jobs/terminus-tabred-Msmall-20260829-175356/homecredit-default__eNv265u/agent/trajectory.json
Failed to retrieve model info for 'openrouter/google/gemma-4-26b-a4b-it': This model isn't mapped yet. model=openrouter/google/gemma-4-26b-a4b-it, custom_llm_provider=openrouter. Add it here - https://github.com/BerriAI/litellm/blob/main/model_prices_and_context_window.json.. Using fallback context limit: 1000000
Parser warnings: - Extra text detected before JSON object
- Extra text detected after JSON object
Trajectory dumped to /var/essdata/s_chumakov/automl-journal/runs/autods-tabred/jobs/terminus-tabred-Msmall-20260829-175356/homecredit-default__eNv265u/agent/trajectory.json
Failed to retrieve model info for 'openrouter/google/gemma-4-26b-a4b-it': This model isn't mapped yet. model=openrouter/google/gemma-4-26b-a4b-it, custom_llm_provider=openrouter. Add it here - https://github.com/BerriAI/litellm/blob/main/model_prices_and_context_window.json.. Using fallback context limit: 1000000
Parser warnings: - Extra text detected before JSON object
- Extra text detected after JSON object
Trajectory dumped to /var/essdata/s_chumakov/automl-journal/runs/autods-tabred/jobs/terminus-tabred-Msmall-20260829-175356/homecredit-default__eNv265u/agent/trajectory.json
Failed to retrieve model info for 'openrouter/google/gemma-4-26b-a4b-it': This model isn't mapped yet. model=openrouter/google/gemma-4-26b-a4b-it, custom_llm_provider=openrouter. Add it here - https://github.com/BerriAI/litellm/blob/main/model_prices_and_context_window.json.. Using fallback context limit: 1000000
Parser warnings: - Extra text detected before JSON object
- Extra text detected after JSON object
Trajectory dumped to /var/essdata/s_chumakov/automl-journal/runs/autods-tabred/jobs/terminus-tabred-Msmall-20260829-175356/homecredit-default__eNv265u/agent/trajectory.json
Failed to retrieve model info for 'openrouter/google/gemma-4-26b-a4b-it': This model isn't mapped yet. model=openrouter/google/gemma-4-26b-a4b-it, custom_llm_provider=openrouter. Add it here - https://github.com/BerriAI/litellm/blob/main/model_prices_and_context_window.json.. Using fallback context limit: 1000000
Parser warnings: - Extra text detected before JSON object
- Extra text detected after JSON object
Trajectory dumped to /var/essdata/s_chumakov/automl-journal/runs/autods-tabred/jobs/terminus-tabred-Msmall-20260829-175356/homecredit-default__eNv265u/agent/trajectory.json
Failed to retrieve model info for 'openrouter/google/gemma-4-26b-a4b-it': This model isn't mapped yet. model=openrouter/google/gemma-4-26b-a4b-it, custom_llm_provider=openrouter. Add it here - https://github.com/BerriAI/litellm/blob/main/model_prices_and_context_window.json.. Using fallback context limit: 1000000
Trajectory dumped to /var/essdata/s_chumakov/automl-journal/runs/autods-tabred/jobs/terminus-tabred-Msmall-20260829-175356/maps-routing__KdWHUJa/agent/trajectory.json
Failed to retrieve model info for 'openrouter/google/gemma-4-26b-a4b-it': This model isn't mapped yet. model=openrouter/google/gemma-4-26b-a4b-it, custom_llm_provider=openrouter. Add it here - https://github.com/BerriAI/litellm/blob/main/model_prices_and_context_window.json.. Using fallback context limit: 1000000
Parser warnings: - Extra text detected before JSON object
- Extra text detected after JSON object
Trajectory dumped to /var/essdata/s_chumakov/automl-journal/runs/autods-tabred/jobs/terminus-tabred-Msmall-20260829-175356/homecredit-default__eNv265u/agent/trajectory.json
Failed to retrieve model info for 'openrouter/google/gemma-4-26b-a4b-it': This model isn't mapped yet. model=openrouter/google/gemma-4-26b-a4b-it, custom_llm_provider=openrouter. Add it here - https://github.com/BerriAI/litellm/blob/main/model_prices_and_context_window.json.. Using fallback context limit: 1000000
Parser warnings: - Extra text detected before JSON object
- Extra text detected after JSON object
Trajectory dumped to /var/essdata/s_chumakov/automl-journal/runs/autods-tabred/jobs/terminus-tabred-Msmall-20260829-175356/homecredit-default__eNv265u/agent/trajectory.json
Failed to retrieve model info for 'openrouter/google/gemma-4-26b-a4b-it': This model isn't mapped yet. model=openrouter/google/gemma-4-26b-a4b-it, custom_llm_provider=openrouter. Add it here - https://github.com/BerriAI/litellm/blob/main/model_prices_and_context_window.json.. Using fallback context limit: 1000000
Parser warnings: - Extra text detected before JSON object
- Extra text detected after JSON object
Sending keys: ['head -n 5 /app/predictions.csv\n'] min_timeout_sec: 0.1 max_timeout_sec: 180.0
Sending keys: ['wc -l /app/predictions.csv\n'] min_timeout_sec: 0.1 max_timeout_sec: 180.0
Trajectory dumped to /var/essdata/s_chumakov/automl-journal/runs/autods-tabred/jobs/terminus-tabred-Msmall-20260829-175356/maps-routing__KdWHUJa/agent/trajectory.json
Failed to retrieve model info for 'openrouter/google/gemma-4-26b-a4b-it': This model isn't mapped yet. model=openrouter/google/gemma-4-26b-a4b-it, custom_llm_provider=openrouter. Add it here - https://github.com/BerriAI/litellm/blob/main/model_prices_and_context_window.json.. Using fallback context limit: 1000000
Parser warnings: - Extra text detected before JSON object
- Extra text detected after JSON object
Trajectory dumped to /var/essdata/s_chumakov/automl-journal/runs/autods-tabred/jobs/terminus-tabred-Msmall-20260829-175356/homecredit-default__eNv265u/agent/trajectory.json
Parser warnings: - Extra text detected before JSON object
- Extra text detected after JSON object
Failed to retrieve model info for 'openrouter/google/gemma-4-26b-a4b-it': This model isn't mapped yet. model=openrouter/google/gemma-4-26b-a4b-it, custom_llm_provider=openrouter. Add it here - https://github.com/BerriAI/litellm/blob/main/model_prices_and_context_window.json.. Using fallback context limit: 1000000
Failed to retrieve model info for 'openrouter/google/gemma-4-26b-a4b-it': This model isn't mapped yet. model=openrouter/google/gemma-4-26b-a4b-it, custom_llm_provider=openrouter. Add it here - https://github.com/BerriAI/litellm/blob/main/model_prices_and_context_window.json.. Using fallback context limit: 1000000
Parser warnings: - Extra text detected before JSON object
- Extra text detected after JSON object
Trajectory dumped to /var/essdata/s_chumakov/automl-journal/runs/autods-tabred/jobs/terminus-tabred-Msmall-20260829-175356/homecredit-default__eNv265u/agent/trajectory.json
Failed to retrieve model info for 'openrouter/google/gemma-4-26b-a4b-it': This model isn't mapped yet. model=openrouter/google/gemma-4-26b-a4b-it, custom_llm_provider=openrouter. Add it here - https://github.com/BerriAI/litellm/blob/main/model_prices_and_context_window.json.. Using fallback context limit: 1000000
Parser warnings: - Extra text detected before JSON object
- Extra text detected after JSON object
Trajectory dumped to /var/essdata/s_chumakov/automl-journal/runs/autods-tabred/jobs/terminus-tabred-Msmall-20260829-175356/homecredit-default__eNv265u/agent/trajectory.json
Failed to retrieve model info for 'openrouter/google/gemma-4-26b-a4b-it': This model isn't mapped yet. model=openrouter/google/gemma-4-26b-a4b-it, custom_llm_provider=openrouter. Add it here - https://github.com/BerriAI/litellm/blob/main/model_prices_and_context_window.json.. Using fallback context limit: 1000000
Parser warnings: - Extra text detected before JSON object
- Extra text detected after JSON object
Trajectory dumped to /var/essdata/s_chumakov/automl-journal/runs/autods-tabred/jobs/terminus-tabred-Msmall-20260829-175356/homecredit-default__eNv265u/agent/trajectory.json
Failed to retrieve model info for 'openrouter/google/gemma-4-26b-a4b-it': This model isn't mapped yet. model=openrouter/google/gemma-4-26b-a4b-it, custom_llm_provider=openrouter. Add it here - https://github.com/BerriAI/litellm/blob/main/model_prices_and_context_window.json.. Using fallback context limit: 1000000
Parser warnings: - Extra text detected before JSON object
- Extra text detected after JSON object
Trajectory dumped to /var/essdata/s_chumakov/automl-journal/runs/autods-tabred/jobs/terminus-tabred-Msmall-20260829-175356/homecredit-default__eNv265u/agent/trajectory.json
Failed to retrieve model info for 'openrouter/google/gemma-4-26b-a4b-it': This model isn't mapped yet. model=openrouter/google/gemma-4-26b-a4b-it, custom_llm_provider=openrouter. Add it here - https://github.com/BerriAI/litellm/blob/main/model_prices_and_context_window.json.. Using fallback context limit: 1000000
Parser warnings: - Extra text detected before JSON object
- Extra text detected after JSON object
Trajectory dumped to /var/essdata/s_chumakov/automl-journal/runs/autods-tabred/jobs/terminus-tabred-Msmall-20260829-175356/homecredit-default__eNv265u/agent/trajectory.json
Failed to retrieve model info for 'openrouter/google/gemma-4-26b-a4b-it': This model isn't mapped yet. model=openrouter/google/gemma-4-26b-a4b-it, custom_llm_provider=openrouter. Add it here - https://github.com/BerriAI/litellm/blob/main/model_prices_and_context_window.json.. Using fallback context limit: 1000000
Parser warnings: - Extra text detected before JSON object
- Extra text detected after JSON object
Trajectory dumped to /var/essdata/s_chumakov/automl-journal/runs/autods-tabred/jobs/terminus-tabred-Msmall-20260829-175356/homecredit-default__eNv265u/agent/trajectory.json
Parser warnings: - Extra text detected before JSON object
- Extra text detected after JSON object
Failed to retrieve model info for 'openrouter/google/gemma-4-26b-a4b-it': This model isn't mapped yet. model=openrouter/google/gemma-4-26b-a4b-it, custom_llm_provider=openrouter. Add it here - https://github.com/BerriAI/litellm/blob/main/model_prices_and_context_window.json.. Using fallback context limit: 1000000
Trajectory dumped to /var/essdata/s_chumakov/automl-journal/runs/autods-tabred/jobs/terminus-tabred-Msmall-20260829-175356/maps-routing__KdWHUJa/agent/trajectory.json
Failed to retrieve model info for 'openrouter/google/gemma-4-26b-a4b-it': This model isn't mapped yet. model=openrouter/google/gemma-4-26b-a4b-it, custom_llm_provider=openrouter. Add it here - https://github.com/BerriAI/litellm/blob/main/model_prices_and_context_window.json.. Using fallback context limit: 1000000
Trajectory dumped to /var/essdata/s_chumakov/automl-journal/runs/autods-tabred/jobs/terminus-tabred-Msmall-20260829-175356/maps-routing__xhsyiK2/agent/trajectory.json
Failed to retrieve model info for 'openrouter/google/gemma-4-26b-a4b-it': This model isn't mapped yet. model=openrouter/google/gemma-4-26b-a4b-it, custom_llm_provider=openrouter. Add it here - https://github.com/BerriAI/litellm/blob/main/model_prices_and_context_window.json.. Using fallback context limit: 1000000
Parser warnings: - Extra text detected before JSON object
- Extra text detected after JSON object
Sending keys: ['ls -l /app/predictions.csv\n'] min_timeout_sec: 0.1 max_timeout_sec: 180.0
Sending keys: ['head -n 5 /app/predictions.csv\n'] min_timeout_sec: 0.1 max_timeout_sec: 180.0
Sending keys: ['wc -l /app/predictions.csv\n'] min_timeout_sec: 0.1 max_timeout_sec: 180.0
Trajectory dumped to /var/essdata/s_chumakov/automl-journal/runs/autods-tabred/jobs/terminus-tabred-Msmall-20260829-175356/homecredit-default__eNv265u/agent/trajectory.json
Failed to retrieve model info for 'openrouter/google/gemma-4-26b-a4b-it': This model isn't mapped yet. model=openrouter/google/gemma-4-26b-a4b-it, custom_llm_provider=openrouter. Add it here - https://github.com/BerriAI/litellm/blob/main/model_prices_and_context_window.json.. Using fallback context limit: 1000000
Trajectory dumped to /var/essdata/s_chumakov/automl-journal/runs/autods-tabred/jobs/terminus-tabred-Msmall-20260829-175356/delivery-eta__f9B9NpN/agent/trajectory.json
Failed to retrieve model info for 'openrouter/google/gemma-4-26b-a4b-it': This model isn't mapped yet. model=openrouter/google/gemma-4-26b-a4b-it, custom_llm_provider=openrouter. Add it here - https://github.com/BerriAI/litellm/blob/main/model_prices_and_context_window.json.. Using fallback context limit: 1000000
Parser warnings: - Extra text detected before JSON object
- Extra text detected after JSON object
Trajectory dumped to /var/essdata/s_chumakov/automl-journal/runs/autods-tabred/jobs/terminus-tabred-Msmall-20260829-175356/homecredit-default__eNv265u/agent/trajectory.json
Failed to retrieve model info for 'openrouter/google/gemma-4-26b-a4b-it': This model isn't mapped yet. model=openrouter/google/gemma-4-26b-a4b-it, custom_llm_provider=openrouter. Add it here - https://github.com/BerriAI/litellm/blob/main/model_prices_and_context_window.json.. Using fallback context limit: 1000000
Parser warnings: - Extra text detected before JSON object
- Extra text detected after JSON object
Trajectory dumped to /var/essdata/s_chumakov/automl-journal/runs/autods-tabred/jobs/terminus-tabred-Msmall-20260829-175356/homecredit-default__eNv265u/agent/trajectory.json
Trajectory dumped to /var/essdata/s_chumakov/automl-journal/runs/autods-tabred/jobs/terminus-tabred-Msmall-20260829-175356/homecredit-default__eNv265u/agent/trajectory.json
Collecting main service artifacts
Sending keys: [''] min_timeout_sec: 60.0 max_timeout_sec: 180.0
Parser warnings: - Extra text detected before JSON object
- Extra text detected after JSON object
Trajectory dumped to /var/essdata/s_chumakov/automl-journal/runs/autods-tabred/jobs/terminus-tabred-Msmall-20260829-175356/maps-routing__KdWHUJa/agent/trajectory.json
Trajectory dumped to /var/essdata/s_chumakov/automl-journal/runs/autods-tabred/jobs/terminus-tabred-Msmall-20260829-175356/maps-routing__KdWHUJa/agent/trajectory.json
Collecting main service artifacts
Skipping image OS validation for hb__c1e077a1b126740b5b97886b4c84a2bb: docker inspect returned 1
Parser warnings: - Extra text detected before JSON object
- Extra text detected after JSON object
Sending keys: [''] min_timeout_sec: 60.0 max_timeout_sec: 180.0
Installing: tmux, asciinema
Detected system: {'os': 'debian-based', 'package_manager': 'apt-get', 'update_command': None}
Installing tools using apt-get: DEBIAN_FRONTEND=noninteractive apt-get update && DEBIAN_FRONTEND=noninteractive apt-get install -y tmux asciinema
Starting recording.
Sending keys: ['asciinema rec --stdin /logs/agent/recording.cast', 'Enter'] min_timeout_sec: 1.0 max_timeout_sec: 180.0
Sending keys: ['clear', 'Enter'] min_timeout_sec: 0.0 max_timeout_sec: 180.0
Failed to retrieve model info for 'openrouter/google/gemma-4-26b-a4b-it': This model isn't mapped yet. model=openrouter/google/gemma-4-26b-a4b-it, custom_llm_provider=openrouter. Add it here - https://github.com/BerriAI/litellm/blob/main/model_prices_and_context_window.json.. Using fallback context limit: 1000000
Skipping image OS validation for hb__a17abc1fec03fe69f280527c03c41533: docker inspect returned 1
Parser warnings: - Extra text detected before JSON object
- Extra text detected after JSON object
Sending keys: ['ls -la /app/data\n'] min_timeout_sec: 0.1 max_timeout_sec: 180.0
Sending keys: ['cat /app/data/schema.json\n'] min_timeout_sec: 0.1 max_timeout_sec: 180.0
Sending keys: ['head -n 5 /app/data/train.csv\n'] min_timeout_sec: 0.1 max_timeout_sec: 180.0
Trajectory dumped to /var/essdata/s_chumakov/automl-journal/runs/autods-tabred/jobs/terminus-tabred-Msmall-20260829-175356/sberbank-housing__t5qwowN/agent/trajectory.json
Failed to retrieve model info for 'openrouter/google/gemma-4-26b-a4b-it': This model isn't mapped yet. model=openrouter/google/gemma-4-26b-a4b-it, custom_llm_provider=openrouter. Add it here - https://github.com/BerriAI/litellm/blob/main/model_prices_and_context_window.json.. Using fallback context limit: 1000000
Installing: tmux, asciinema
Detected system: {'os': 'debian-based', 'package_manager': 'apt-get', 'update_command': None}
Installing tools using apt-get: DEBIAN_FRONTEND=noninteractive apt-get update && DEBIAN_FRONTEND=noninteractive apt-get install -y tmux asciinema
Starting recording.
Sending keys: ['asciinema rec --stdin /logs/agent/recording.cast', 'Enter'] min_timeout_sec: 1.0 max_timeout_sec: 180.0
Sending keys: ['clear', 'Enter'] min_timeout_sec: 0.0 max_timeout_sec: 180.0
Failed to retrieve model info for 'openrouter/google/gemma-4-26b-a4b-it': This model isn't mapped yet. model=openrouter/google/gemma-4-26b-a4b-it, custom_llm_provider=openrouter. Add it here - https://github.com/BerriAI/litellm/blob/main/model_prices_and_context_window.json.. Using fallback context limit: 1000000
Parser warnings: - Extra text detected before JSON object
- Extra text detected after JSON object
Sending keys: ['ls -la /app/data\n'] min_timeout_sec: 0.1 max_timeout_sec: 180.0
Trajectory dumped to /var/essdata/s_chumakov/automl-journal/runs/autods-tabred/jobs/terminus-tabred-Msmall-20260829-175356/homesite-insurance__b9bk2jE/agent/trajectory.json
Failed to retrieve model info for 'openrouter/google/gemma-4-26b-a4b-it': This model isn't mapped yet. model=openrouter/google/gemma-4-26b-a4b-it, custom_llm_provider=openrouter. Add it here - https://github.com/BerriAI/litellm/blob/main/model_prices_and_context_window.json.. Using fallback context limit: 1000000
Parser warnings: - Extra text detected before JSON object
- Extra text detected after JSON object
Sending keys: ['cat /app/data/schema.json\n'] min_timeout_sec: 0.1 max_timeout_sec: 180.0
Sending keys: ['head -n 5 /app/data/train.csv\n'] min_timeout_sec: 0.1 max_timeout_sec: 180.0
Trajectory dumped to /var/essdata/s_chumakov/automl-journal/runs/autods-tabred/jobs/terminus-tabred-Msmall-20260829-175356/homesite-insurance__b9bk2jE/agent/trajectory.json
Failed to retrieve model info for 'openrouter/google/gemma-4-26b-a4b-it': This model isn't mapped yet. model=openrouter/google/gemma-4-26b-a4b-it, custom_llm_provider=openrouter. Add it here - https://github.com/BerriAI/litellm/blob/main/model_prices_and_context_window.json.. Using fallback context limit: 1000000
Parser warnings: - Extra text detected before JSON object
- Extra text detected after JSON object
Sending keys: ['cat << \'EOF\' > solution.py\nimport pandas as pd\nimport lightgbm as lgb\nimport numpy as np\nfrom sklearn.metrics import mean_squared_error\nimport json\n\ndef solve():\n    # Load schema to identify column types if needed, or just use prefixes\n    with open(\'/app/data/schema.json\', \'r\') as f:\n        schema = json.load(f)\n    \n    target_col = schema[\'target_column\']\n    \n    print("Loading data...")\n    train = pd.read_csv(\'/app/data/train.csv\')\n    val = pd.read_csv(\'/app/data/val.csv\')\n    test = pd.read_csv(\'/app/data/test.csv\')\n\n    # Identify feature types\n    # num_ -> float, bin_ -> category/int, cat_ -> category\n    # According to description: num_ is numerical, bin_ is binary, cat_ is categorical\n    \n    features = [c for c in train.columns if c != target_col]\n    \n    cat_features = []\n    for col in features:\n        if col.startswith(\'cat_\') or col.startswith(\'bin_\'):\n            train[col] = train[col].astype(\'category\')\n            val[col] = val[col].astype(\'category\')\n            test[col] = test[col].astype(\'category\')\n            cat_features.append(col)\n        elif col.startswith(\'num_\'):\n            train[col] = train[col].astype(float)\n            val[col] = val[col].astype(float)\n            test[col] = test[col].astype(float)\n\n    X_train = train[features]\n    y_train = train[target_col]\n    X_val = val[features]\n    y_val = val[target_col]\n    X_test = test[features]\n\n    print("Training model...")\n    model = lgb.LGBMRegressor(\n        n_estimators=1000,\n        learning_rate=0.05,\n        num_leaves=31,\n        random_state=42,\n        importance_type=\'split\',\n        n_jobs=-1\n    )\n\n    model.fit(\n        X_train, y_train,\n        eval_set=[(X_val, y_val)],\n        eval_metric=\'rmse\',\n        callbacks=[lgb.early_stopping(stopping_rounds=50)]\n    )\n\n    val_preds = model.predict(X_val)\n    rmse = np.sqrt(mean_squared_error(y_val, val_preds))\n    print(f"Validation RMSE: {rmse}")\n\n    print("Generating predictions...")\n    test_preds = model.predict(X_test)\n    \n    # Ensure finite predictions\n    test_preds = np.nan_to_num(test_preds, nan=0.0, posinf=0.0, neginf=0.0)\n\n    output = pd.DataFrame({\'target\': test_preds})\n    output.to_csv(\'/app/predictions.csv\', index=False)\n    print("Predictions saved to /app/predictions.csv")\n\nif __name__ == \'__main__\':\n    solve()\nEOF\n'] min_timeout_sec: 0.1 max_timeout_sec: 180.0
Sending keys: ['python3 solution.py\n'] min_timeout_sec: 60.0 max_timeout_sec: 180.0
Trajectory dumped to /var/essdata/s_chumakov/automl-journal/runs/autods-tabred/jobs/terminus-tabred-Msmall-20260829-175356/maps-routing__xhsyiK2/agent/trajectory.json
Failed to retrieve model info for 'openrouter/google/gemma-4-26b-a4b-it': This model isn't mapped yet. model=openrouter/google/gemma-4-26b-a4b-it, custom_llm_provider=openrouter. Add it here - https://github.com/BerriAI/litellm/blob/main/model_prices_and_context_window.json.. Using fallback context limit: 1000000
Parser warnings: - Extra text detected before JSON object
- Extra text detected after JSON object
Sending keys: ["cat << 'EOF' > solution.py\nimport pandas as pd\nimport lightgbm as lgb\nfrom sklearn.metrics import roc_auc_score\nimport numpy as np\n\n# Load data\ntrain = pd.read_csv('/app/data/train.csv')\nval = pd.read_csv('/app/data/val.csv')\ntest = pd.read_csv('/app/data/test.csv')\n\n# Identify feature columns\n# The schema says target is 'target'. Everything else is a feature.\ntarget_col = 'target'\nfeatures = [c for c in train.columns if c != target_col]\n\n# Separate X and y\nX_train = train[features]\n# Note: train might have NaNs, LightGBM handles them.\ny_train = train[target_col]\n\nX_val = val[features]\ny_val = val[target_col]\n\nX_test = test[features]\n\n# Identify categorical features for LightGBM\n# Based on schema, they start with 'cat_'\ncat_features = [c for c in features if c.startswith('cat_')]\nfor col in cat_features:\n    X_train[col] = X_train[col].astype('category')\n    X_val[col] = X_val[col].astype('category')\n    X_test[col] = X_test[col].astype('category')\n\n# LightGBM parameters\nparams = {\n    'objective': 'binary',\n    'metric': 'auc',\n    'verbosity': -1,\n    'boosting_type': 'gbdt',\n    'random_state': 42,\n    'learning_rate': 0.05,\n    'num_leaves': 31,\n    'feature_fraction': 0.8,\n    'bagging_fraction': 0.8,\n    'bagging_freq': 5,\n}\n\n# Create datasets\ndtrain = lgb.Dataset(X_train, label=y_train, categorical_feature=cat_features)\ndval = lgb.Dataset(X_val, label=y_val, reference=dtrain, categorical_feature=cat_features)\n\n# Train model\nmodel = lgb.train(\n    params,\n    dtrain,\n    valid_sets=[dtrain, dval],\n    valid_names=['train', 'valid'],\n    num_boost_round=1000,\n    callbacks=lgb.early_stopping(stopping_rounds=50)\n)\n\n# Validation score\nval_preds = model.predict(X_val)\nauc_score = roc_auc_score(y_val, val_preds)\nprint(f'Validation ROC-AUC: {auc_score}')\n\n# Predict on test set\ntest_preds = model.predict(X_test)\n\n# Prepare output\noutput = pd.DataFrame({'target': test_preds})\noutput.to_csv('/app/predictions.csv', index=False)\nprint('Predictions saved to /app/predictions.csv')\nEOF\n"] min_timeout_sec: 0.1 max_timeout_sec: 180.0
Sending keys: ['python3 solution.py\n'] min_timeout_sec: 60.0 max_timeout_sec: 180.0
Sending keys: [''] min_timeout_sec: 60.0 max_timeout_sec: 180.0
Trajectory dumped to /var/essdata/s_chumakov/automl-journal/runs/autods-tabred/jobs/terminus-tabred-Msmall-20260829-175356/delivery-eta__f9B9NpN/agent/trajectory.json
Failed to retrieve model info for 'openrouter/google/gemma-4-26b-a4b-it': This model isn't mapped yet. model=openrouter/google/gemma-4-26b-a4b-it, custom_llm_provider=openrouter. Add it here - https://github.com/BerriAI/litellm/blob/main/model_prices_and_context_window.json.. Using fallback context limit: 1000000
Parser warnings: - Extra text detected before JSON object
- Extra text detected after JSON object
Sending keys: [''] min_timeout_sec: 60.0 max_timeout_sec: 180.0
Trajectory dumped to /var/essdata/s_chumakov/automl-journal/runs/autods-tabred/jobs/terminus-tabred-Msmall-20260829-175356/sberbank-housing__t5qwowN/agent/trajectory.json
Failed to retrieve model info for 'openrouter/google/gemma-4-26b-a4b-it': This model isn't mapped yet. model=openrouter/google/gemma-4-26b-a4b-it, custom_llm_provider=openrouter. Add it here - https://github.com/BerriAI/litellm/blob/main/model_prices_and_context_window.json.. Using fallback context limit: 1000000
Parser warnings: - Extra text detected before JSON object
- Extra text detected after JSON object
Sending keys: ['head -n 5 /app/predictions.csv\n'] min_timeout_sec: 0.1 max_timeout_sec: 180.0
Sending keys: ['wc -l /app/predictions.csv\n'] min_timeout_sec: 0.1 max_timeout_sec: 180.0
Trajectory dumped to /var/essdata/s_chumakov/automl-journal/runs/autods-tabred/jobs/terminus-tabred-Msmall-20260829-175356/sberbank-housing__t5qwowN/agent/trajectory.json
Failed to retrieve model info for 'openrouter/google/gemma-4-26b-a4b-it': This model isn't mapped yet. model=openrouter/google/gemma-4-26b-a4b-it, custom_llm_provider=openrouter. Add it here - https://github.com/BerriAI/litellm/blob/main/model_prices_and_context_window.json.. Using fallback context limit: 1000000
Trajectory dumped to /var/essdata/s_chumakov/automl-journal/runs/autods-tabred/jobs/terminus-tabred-Msmall-20260829-175356/homesite-insurance__b9bk2jE/agent/trajectory.json
Failed to retrieve model info for 'openrouter/google/gemma-4-26b-a4b-it': This model isn't mapped yet. model=openrouter/google/gemma-4-26b-a4b-it, custom_llm_provider=openrouter. Add it here - https://github.com/BerriAI/litellm/blob/main/model_prices_and_context_window.json.. Using fallback context limit: 1000000
Parser warnings: - Extra text detected before JSON object
- Extra text detected after JSON object
Trajectory dumped to /var/essdata/s_chumakov/automl-journal/runs/autods-tabred/jobs/terminus-tabred-Msmall-20260829-175356/sberbank-housing__t5qwowN/agent/trajectory.json
Failed to retrieve model info for 'openrouter/google/gemma-4-26b-a4b-it': This model isn't mapped yet. model=openrouter/google/gemma-4-26b-a4b-it, custom_llm_provider=openrouter. Add it here - https://github.com/BerriAI/litellm/blob/main/model_prices_and_context_window.json.. Using fallback context limit: 1000000
Trajectory dumped to /var/essdata/s_chumakov/automl-journal/runs/autods-tabred/jobs/terminus-tabred-Msmall-20260829-175356/maps-routing__xhsyiK2/agent/trajectory.json
Failed to retrieve model info for 'openrouter/google/gemma-4-26b-a4b-it': This model isn't mapped yet. model=openrouter/google/gemma-4-26b-a4b-it, custom_llm_provider=openrouter. Add it here - https://github.com/BerriAI/litellm/blob/main/model_prices_and_context_window.json.. Using fallback context limit: 1000000
Parser warnings: - Extra text detected before JSON object
- Extra text detected after JSON object
Trajectory dumped to /var/essdata/s_chumakov/automl-journal/runs/autods-tabred/jobs/terminus-tabred-Msmall-20260829-175356/sberbank-housing__t5qwowN/agent/trajectory.json
Trajectory dumped to /var/essdata/s_chumakov/automl-journal/runs/autods-tabred/jobs/terminus-tabred-Msmall-20260829-175356/sberbank-housing__t5qwowN/agent/trajectory.json
Collecting main service artifacts
Failed to retrieve model info for 'openrouter/google/gemma-4-26b-a4b-it': This model isn't mapped yet. model=openrouter/google/gemma-4-26b-a4b-it, custom_llm_provider=openrouter. Add it here - https://github.com/BerriAI/litellm/blob/main/model_prices_and_context_window.json.. Using fallback context limit: 1000000
Trajectory dumped to /var/essdata/s_chumakov/automl-journal/runs/autods-tabred/jobs/terminus-tabred-Msmall-20260829-175356/delivery-eta__f9B9NpN/agent/trajectory.json
Failed to retrieve model info for 'openrouter/google/gemma-4-26b-a4b-it': This model isn't mapped yet. model=openrouter/google/gemma-4-26b-a4b-it, custom_llm_provider=openrouter. Add it here - https://github.com/BerriAI/litellm/blob/main/model_prices_and_context_window.json.. Using fallback context limit: 1000000
Trajectory dumped to /var/essdata/s_chumakov/automl-journal/runs/autods-tabred/jobs/terminus-tabred-Msmall-20260829-175356/maps-routing__xhsyiK2/agent/trajectory.json
Failed to retrieve model info for 'openrouter/google/gemma-4-26b-a4b-it': This model isn't mapped yet. model=openrouter/google/gemma-4-26b-a4b-it, custom_llm_provider=openrouter. Add it here - https://github.com/BerriAI/litellm/blob/main/model_prices_and_context_window.json.. Using fallback context limit: 1000000
Parser warnings: - Extra text detected before JSON object
- Extra text detected after JSON object
Sending keys: ['head -n 5 /app/predictions.csv\n'] min_timeout_sec: 0.1 max_timeout_sec: 180.0
Sending keys: ['wc -l /app/predictions.csv\n'] min_timeout_sec: 0.1 max_timeout_sec: 180.0
Trajectory dumped to /var/essdata/s_chumakov/automl-journal/runs/autods-tabred/jobs/terminus-tabred-Msmall-20260829-175356/delivery-eta__f9B9NpN/agent/trajectory.json
Failed to retrieve model info for 'openrouter/google/gemma-4-26b-a4b-it': This model isn't mapped yet. model=openrouter/google/gemma-4-26b-a4b-it, custom_llm_provider=openrouter. Add it here - https://github.com/BerriAI/litellm/blob/main/model_prices_and_context_window.json.. Using fallback context limit: 1000000
Trajectory dumped to /var/essdata/s_chumakov/automl-journal/runs/autods-tabred/jobs/terminus-tabred-Msmall-20260829-175356/maps-routing__xhsyiK2/agent/trajectory.json
Trajectory dumped to /var/essdata/s_chumakov/automl-journal/runs/autods-tabred/jobs/terminus-tabred-Msmall-20260829-175356/maps-routing__xhsyiK2/agent/trajectory.json
Collecting main service artifacts
Parser warnings: - Extra text detected before JSON object
- Extra text detected after JSON object
Sending keys: ["cat << 'EOF' > solution.py\nimport pandas as pd\nimport lightgbm as lgb\nfrom sklearn.metrics import roc_auc_score\nimport numpy as np\n\n# Load data\ntrain = pd.read_csv('/app/data/train.csv')\nval = pd.read_csv('/app/data/val.csv')\ntest = pd.read_csv('/app/data/test.csv')\n\n# Identify feature columns\ntarget_col = 'target'\nfeatures = [c for c in train.columns if c != target_col]\n\n# Separate X and y\nX_train = train[features].copy()\ny_train = train[target_col]\n\nX_val = val[features].copy()\ny_val = val[target_col]\n\nX_test = test[features].copy()\n\n# Identify categorical features for LightGBM\ncat_features = [c for c in features if c.startswith('cat_')]\nfor col in cat_features:\n    X_train[col] = X_train[col].astype('category')\n    X_val[col] = X_val[col].astype('category')\n    X_test[col] = X_test[col].astype('category')\n\n# LightGBM parameters\nparams = {\n    'objective': 'binary',\n    'metric': 'auc',\n    'verbosity': -1,\n    'boosting_type': 'gbdt',\n    'random_state': 42,\n    'learning_rate': 0.05,\n    'num_leaves': 31,\n    'feature_fraction': 0.8,\n    'bagging_fraction': 0.8,\n    'bagging_freq': 5,\n}\n\n# Create datasets\ndtrain = lgb.Dataset(X_train, label=y_train, categorical_feature=cat_features)\ndval = lgb.Dataset(X_val, label=y_val, reference=dtrain, categorical_feature=cat_features)\n\n# Train model - simplified to avoid callback errors\nmodel = lgb.train(\n    params,\n    dtrain,\n    valid_sets=[dtrain, dval],\n    valid_names=['train', 'valid'],\n    num_boost_round=500\n)\n\n# Validation score\nval_preds = model.predict(X_val)\nauc_score = roc_auc_score(y_val, val_preds)\nprint(f'Validation ROC-AUC: {auc_score}')\n\n# Predict on test set\ntest_preds = model.predict(X_test)\n\n# Prepare output\noutput = pd.DataFrame({'target': test_preds})\noutput.to_csv('/app/predictions.csv', index=False)\nprint('Predictions saved to /app/predictions.csv')\nEOF\n"] min_timeout_sec: 0.1 max_timeout_sec: 180.0
Sending keys: ['python3 solution.py\n'] min_timeout_sec: 60.0 max_timeout_sec: 180.0
Parser warnings: - Extra text detected before JSON object
- Extra text detected after JSON object
Sending keys: ['ls -l /app/predictions.csv\n'] min_timeout_sec: 0.1 max_timeout_sec: 180.0
Trajectory dumped to /var/essdata/s_chumakov/automl-journal/runs/autods-tabred/jobs/terminus-tabred-Msmall-20260829-175356/delivery-eta__f9B9NpN/agent/trajectory.json
Failed to retrieve model info for 'openrouter/google/gemma-4-26b-a4b-it': This model isn't mapped yet. model=openrouter/google/gemma-4-26b-a4b-it, custom_llm_provider=openrouter. Add it here - https://github.com/BerriAI/litellm/blob/main/model_prices_and_context_window.json.. Using fallback context limit: 1000000
Parser warnings: - Extra text detected before JSON object
- Extra text detected after JSON object
Failed to retrieve model info for 'openrouter/google/gemma-4-26b-a4b-it': This model isn't mapped yet. model=openrouter/google/gemma-4-26b-a4b-it, custom_llm_provider=openrouter. Add it here - https://github.com/BerriAI/litellm/blob/main/model_prices_and_context_window.json.. Using fallback context limit: 1000000
Parser warnings: - Extra text detected before JSON object
- Extra text detected after JSON object
Trajectory dumped to /var/essdata/s_chumakov/automl-journal/runs/autods-tabred/jobs/terminus-tabred-Msmall-20260829-175356/delivery-eta__f9B9NpN/agent/trajectory.json
Failed to retrieve model info for 'openrouter/google/gemma-4-26b-a4b-it': This model isn't mapped yet. model=openrouter/google/gemma-4-26b-a4b-it, custom_llm_provider=openrouter. Add it here - https://github.com/BerriAI/litellm/blob/main/model_prices_and_context_window.json.. Using fallback context limit: 1000000
Parser warnings: - Extra text detected before JSON object
- Extra text detected after JSON object
Trajectory dumped to /var/essdata/s_chumakov/automl-journal/runs/autods-tabred/jobs/terminus-tabred-Msmall-20260829-175356/delivery-eta__f9B9NpN/agent/trajectory.json
Trajectory dumped to /var/essdata/s_chumakov/automl-journal/runs/autods-tabred/jobs/terminus-tabred-Msmall-20260829-175356/delivery-eta__f9B9NpN/agent/trajectory.json
Collecting main service artifacts
Skipping image OS validation for hb__cdeb1b31d9d574133ed516844dac0264: docker inspect returned 1
Installing: tmux, asciinema
Detected system: {'os': 'debian-based', 'package_manager': 'apt-get', 'update_command': None}
Installing tools using apt-get: DEBIAN_FRONTEND=noninteractive apt-get update && DEBIAN_FRONTEND=noninteractive apt-get install -y tmux asciinema
Skipping image OS validation for hb__510af71948abf0411e34a4fffcdcc268: docker inspect returned 1
Installing: tmux, asciinema
Detected system: {'os': 'debian-based', 'package_manager': 'apt-get', 'update_command': None}
Installing tools using apt-get: DEBIAN_FRONTEND=noninteractive apt-get update && DEBIAN_FRONTEND=noninteractive apt-get install -y tmux asciinema
Skipping image OS validation for hb__bedbcf202e03f615e42812f0f64f327f: docker inspect returned 1
Starting recording.
Sending keys: ['asciinema rec --stdin /logs/agent/recording.cast', 'Enter'] min_timeout_sec: 1.0 max_timeout_sec: 180.0
Sending keys: ['clear', 'Enter'] min_timeout_sec: 0.0 max_timeout_sec: 180.0
Failed to retrieve model info for 'openrouter/google/gemma-4-26b-a4b-it': This model isn't mapped yet. model=openrouter/google/gemma-4-26b-a4b-it, custom_llm_provider=openrouter. Add it here - https://github.com/BerriAI/litellm/blob/main/model_prices_and_context_window.json.. Using fallback context limit: 1000000
Installing: tmux, asciinema
Parser warnings: - Extra text detected before JSON object
- Extra text detected after JSON object
Sending keys: ['ls -la /app/data\n'] min_timeout_sec: 0.1 max_timeout_sec: 180.0
Detected system: {'os': 'debian-based', 'package_manager': 'apt-get', 'update_command': None}
Installing tools using apt-get: DEBIAN_FRONTEND=noninteractive apt-get update && DEBIAN_FRONTEND=noninteractive apt-get install -y tmux asciinema
Trajectory dumped to /var/essdata/s_chumakov/automl-journal/runs/autods-tabred/jobs/terminus-tabred-Msmall-20260829-175356/homecredit-default__AY6RvUF/agent/trajectory.json
Failed to retrieve model info for 'openrouter/google/gemma-4-26b-a4b-it': This model isn't mapped yet. model=openrouter/google/gemma-4-26b-a4b-it, custom_llm_provider=openrouter. Add it here - https://github.com/BerriAI/litellm/blob/main/model_prices_and_context_window.json.. Using fallback context limit: 1000000
Parser warnings: - Extra text detected before JSON object
- Extra text detected after JSON object
Sending keys: ['cat /app/data/schema.json\n'] min_timeout_sec: 0.1 max_timeout_sec: 180.0
Sending keys: ['head -n 5 /app/data/train.csv\n'] min_timeout_sec: 0.1 max_timeout_sec: 180.0
Trajectory dumped to /var/essdata/s_chumakov/automl-journal/runs/autods-tabred/jobs/terminus-tabred-Msmall-20260829-175356/homecredit-default__AY6RvUF/agent/trajectory.json
Failed to retrieve model info for 'openrouter/google/gemma-4-26b-a4b-it': This model isn't mapped yet. model=openrouter/google/gemma-4-26b-a4b-it, custom_llm_provider=openrouter. Add it here - https://github.com/BerriAI/litellm/blob/main/model_prices_and_context_window.json.. Using fallback context limit: 1000000
Parser warnings: - Extra text detected before JSON object
- Extra text detected after JSON object
Sending keys: ["pip list | grep -E 'lightgbm|xgboost|scikit-learn|pandas|numpy'\n"] min_timeout_sec: 1.0 max_timeout_sec: 180.0
Starting recording.
Sending keys: ['asciinema rec --stdin /logs/agent/recording.cast', 'Enter'] min_timeout_sec: 1.0 max_timeout_sec: 180.0
Sending keys: ['clear', 'Enter'] min_timeout_sec: 0.0 max_timeout_sec: 180.0
Trajectory dumped to /var/essdata/s_chumakov/automl-journal/runs/autods-tabred/jobs/terminus-tabred-Msmall-20260829-175356/homecredit-default__AY6RvUF/agent/trajectory.json
Failed to retrieve model info for 'openrouter/google/gemma-4-26b-a4b-it': This model isn't mapped yet. model=openrouter/google/gemma-4-26b-a4b-it, custom_llm_provider=openrouter. Add it here - https://github.com/BerriAI/litellm/blob/main/model_prices_and_context_window.json.. Using fallback context limit: 1000000
Failed to retrieve model info for 'openrouter/google/gemma-4-26b-a4b-it': This model isn't mapped yet. model=openrouter/google/gemma-4-26b-a4b-it, custom_llm_provider=openrouter. Add it here - https://github.com/BerriAI/litellm/blob/main/model_prices_and_context_window.json.. Using fallback context limit: 1000000
Starting recording.
Sending keys: ['asciinema rec --stdin /logs/agent/recording.cast', 'Enter'] min_timeout_sec: 1.0 max_timeout_sec: 180.0
Sending keys: ['clear', 'Enter'] min_timeout_sec: 0.0 max_timeout_sec: 180.0
Parser warnings: - Extra text detected before JSON object
- Extra text detected after JSON object
Sending keys: ['ls -la /app/data\n'] min_timeout_sec: 0.1 max_timeout_sec: 180.0
Trajectory dumped to /var/essdata/s_chumakov/automl-journal/runs/autods-tabred/jobs/terminus-tabred-Msmall-20260829-175356/cooking-time__tXseUdV/agent/trajectory.json
Failed to retrieve model info for 'openrouter/google/gemma-4-26b-a4b-it': This model isn't mapped yet. model=openrouter/google/gemma-4-26b-a4b-it, custom_llm_provider=openrouter. Add it here - https://github.com/BerriAI/litellm/blob/main/model_prices_and_context_window.json.. Using fallback context limit: 1000000
Failed to retrieve model info for 'openrouter/google/gemma-4-26b-a4b-it': This model isn't mapped yet. model=openrouter/google/gemma-4-26b-a4b-it, custom_llm_provider=openrouter. Add it here - https://github.com/BerriAI/litellm/blob/main/model_prices_and_context_window.json.. Using fallback context limit: 1000000
Parser warnings: - Extra text detected before JSON object
- Extra text detected after JSON object
Sending keys: ['ls -la /app/data\n'] min_timeout_sec: 0.1 max_timeout_sec: 180.0
Sending keys: ['cat /app/data/schema.json\n'] min_timeout_sec: 0.1 max_timeout_sec: 180.0
Sending keys: ['head -n 5 /app/data/train.csv\n'] min_timeout_sec: 0.1 max_timeout_sec: 180.0
Trajectory dumped to /var/essdata/s_chumakov/automl-journal/runs/autods-tabred/jobs/terminus-tabred-Msmall-20260829-175356/weather__49aLoVL/agent/trajectory.json
Failed to retrieve model info for 'openrouter/google/gemma-4-26b-a4b-it': This model isn't mapped yet. model=openrouter/google/gemma-4-26b-a4b-it, custom_llm_provider=openrouter. Add it here - https://github.com/BerriAI/litellm/blob/main/model_prices_and_context_window.json.. Using fallback context limit: 1000000
Trajectory dumped to /var/essdata/s_chumakov/automl-journal/runs/autods-tabred/jobs/terminus-tabred-Msmall-20260829-175356/homesite-insurance__b9bk2jE/agent/trajectory.json
Failed to retrieve model info for 'openrouter/google/gemma-4-26b-a4b-it': This model isn't mapped yet. model=openrouter/google/gemma-4-26b-a4b-it, custom_llm_provider=openrouter. Add it here - https://github.com/BerriAI/litellm/blob/main/model_prices_and_context_window.json.. Using fallback context limit: 1000000
Parser warnings: - Extra text detected before JSON object
- Extra text detected after JSON object
Sending keys: ['cat << \'EOF\' > solution.py\nimport pandas as pd\nimport numpy as np\nimport lightgbm as lgb\nfrom sklearn.metrics import roc_auc_score\nimport sys\n\nprint("Loading data...")\ntrain = pd.read_csv(\'/app/data/train.csv\')\nval = pd.read_csv(\'/app/data/val.csv\')\ntest = pd.read_csv(\'/app/data/test.csv\')\n\nprint("Preprocessing...")\ntarget_col = \'target\'\ny = train[target_col]\nX = train.drop(columns=[target_col])\n\ny_val = val[target_col]\nX_val = val.drop(columns=[target_col])\nX_test = test.copy()\n\n# Identify feature types\ncat_cols = [c for c in X.columns if c.startswith(\'cat_\')]\nnum_cols = [c for c in X.columns if c.startswith(\'num_\') or c.startswith(\'bin_\')]\n\n# Convert categorical columns to category type\nfor col in cat_cols:\n    X[col] = X[col].astype(\'category\')\n    X_val[col] = X_val[col].astype(\'category\')\n    X_test[col] = X_test[col].astype(\'category\')\n\nprint("Training model...")\n# Using LightGBM Classifier\nparams = {\n    \'objective\': \'binary\',\n    \'metric\': \'auc\',\n    \'boosting_type\': \'gbdt\',\n    \'verbosity\': -1,\n    \'random_state\': 42,\n    \'learning_rate\': 0.05,\n    \'num_leaves\': 31\n}\n\ntrain_data = lgb.Dataset(X, label=y, categorical_feature=cat_cols)\nval_data = lgb.Dataset(X_val, label=y_val, reference=train_data, categorical_feature=cat_cols)\n\nmodel = lgb.train(\n    params,\n    train_data,\n    valid_sets=[val_data],\n    valid_names=[\'valid\'],\n    num_boost_round=1000,\n    callbacks=[\n        lgb.early_stopping(stopping_rounds=50),\n        lgb.log_evaluation(period=50)\n    ]\n)\n\nprint("Evaluating...")\npreds_val = model.predict(X_val)\nauc_score = roc_auc_score(y_val, preds_val)\nprint(f"Validation ROC-AUC: {auc_score}")\n\nprint("Predicting test set...")\ntest_preds = model.predict(X_test)\n\nprint("Saving predictions...")\noutput = pd.DataFrame({\'target\': test_preds})\noutput.to_csv(\'/app/predictions.csv\', index=False)\nprint("Done!")\nEOF\n'] min_timeout_sec: 0.1 max_timeout_sec: 180.0
Sending keys: ['python3 solution.py\n'] min_timeout_sec: 60.0 max_timeout_sec: 180.0
Parser warnings: - Extra text detected before JSON object
- Extra text detected after JSON object
Sending keys: [''] min_timeout_sec: 60.0 max_timeout_sec: 180.0
Parser warnings: - Extra text detected before JSON object
- Extra text detected after JSON object
Sending keys: ['cat << \'EOF\' > solution.py\nimport pandas as pd\nimport lightgbm as lgb\nimport numpy as np\n\ntry:\n    print("Loading data...")\n    train = pd.read_csv(\'/app/data/train.csv\')\n    val = pd.read_csv(\'/app/data/val.csv\')\n    test = pd.read_csv(\'/app/data/test.csv\')\n\n    X_train = train.drop(columns=[\'target\'])\n    y_train = train[\'target\']\n    X_val = val.drop(columns=[\'target\'])\n    y_val = val[\'target\']\n\n    print(f"Train shape: {X_train.shape}")\n    print(f"Val shape: {X_val.shape}")\n    print(f"Test shape: {test.shape}")\n\n    print("Training model...")\n    # LightGBM handles NaNs automatically\n    model = lgb.LGBMRegressor(n_estimators=500, learning_rate=0.05, random_state=42, importance_type=\'gain\', verbose=-1)\n    model.fit(\n        X_train, y_train,\n        eval_set=[(X_val, y_val)],\n        eval_metric=\'rmse\'\n    )\n\n    print("Predicting...")\n    preds = model.predict(test)\n\n    print("Saving predictions...")\n    output = pd.DataFrame({\'target\': preds})\n    output.to_csv(\'/app/predictions.csv\', index=False)\n    print("Done!")\n\nexcept Exception as e:\n    print(f"Error occurred: {e}")\n    import traceback\n    traceback.print_exc()\nEOF\n'] min_timeout_sec: 0.1 max_timeout_sec: 180.0
Sending keys: ['python3 solution.py\n'] min_timeout_sec: 60.0 max_timeout_sec: 180.0
Parser warnings: - Extra text detected before JSON object
- Extra text detected after JSON object
Sending keys: ['cat << \'EOF\' > model.py\nimport pandas as pd\nimport numpy as np\nimport lightgbm as lgb\nfrom sklearn.metrics import mean_squared_error\nimport os\n\n# Load data\nprint("Loading data...")\ntrain_df = pd.read_csv(\'/app/data/train.csv\')\nval_df = pd.read_csv(\'/app/data/val.csv\')\ntest_df = pd.read_csv(\'/app/data/test.csv\')\n\n# Separate target\ntarget_col = \'target\'\ntrain_y = train_df[target_col]\ntrain_x = train_df.drop(columns=[target_col])\n\nval_y = val_df[target_col]\nval_x = val_df.drop(columns=[target_col])\n\ntest_x = test_df\n\n# Identify feature types\n# num_ (numerical), bin_ (binary), cat_ (categorical)\n# Since the task says missing numerical values are \'nan\', \n# we should convert object columns to appropriate types.\n\nprint("Preprocessing features...")\nfor col in train_x.columns:\n    if col.startswith(\'cat_\'):\n        train_x[col] = train_x[col].astype(\'category\')\n        val_x[col] = val_x[col].astype(\'category\')\n        test_x[col] = test_x[col].astype(\'category\')\n    elif col.startswith(\'bin_\'):\n        # Binary can be treated as numeric or categorical\n        pass\n    elif col.startswith(\'num_\'):\n        # Ensure numeric\n        train_x[col] = pd.to_numeric(train_x[col], errors=\'coerce\')\n        val_x[col] = pd.to_numeric(val_x[col], errors=\'coerce\')\n        test_x[col] = pd.to_numeric(test_x[col], errors=\'coerce\')\n\n# LightGBM handles NaNs natively\nprint("Training LightGBM...")\nparams = {\n    \'objective\': \'regression\',\n    \'metric\': \'rmse\',\n    \'verbosity\': -1,\n    \'boosting_type\': \'gbdt\',\n    \'random_state\': 42,\n    \'learning_rate\': 0.05,\n    \'num_leaves\': 31,\n}\n\ndtrain = lgb.Dataset(train_x, label=train_y, categorical_feature=[c for c in train_x.columns if c.startswith(\'cat_\')])\ndval = lgb.Dataset(val_x, label=val_y, reference=dtrain, categorical_feature=[c for c in val_x.columns if c.startswith(\'cat_\')])\n\nmodel = lgb.train(\n    params,\n    dtrain,\n    valid_sets=[dtrain, dval],\n    valid_names=[\'train\', \'valid\'],\n    num_boost_round=1000,\n    callbacks=[lgb.early_stopping(stopping_rounds=50)]\n)\n\nprint("Evaluating...")\npreds_val = model.predict(val_x)\nrmse = np.sqrt(mean_squared_error(val_y, preds_val))\nprint(f"Validation RMSE: {rmse}")\n\nprint("Predicting test set...")\ntest_preds = model.predict(test_x)\n\nprint("Saving predictions...")\noutput_df = pd.DataFrame({\'target\': test_preds})\noutput_df.to_csv(\'/app/predictions.csv\', index=False)\nprint("Done!")\nEOF\n'] min_timeout_sec: 0.1 max_timeout_sec: 180.0
Sending keys: ['python3 model.py\n'] min_timeout_sec: 60.0 max_timeout_sec: 180.0
Trajectory dumped to /var/essdata/s_chumakov/automl-journal/runs/autods-tabred/jobs/terminus-tabred-Msmall-20260829-175356/homecredit-default__AY6RvUF/agent/trajectory.json
Failed to retrieve model info for 'openrouter/google/gemma-4-26b-a4b-it': This model isn't mapped yet. model=openrouter/google/gemma-4-26b-a4b-it, custom_llm_provider=openrouter. Add it here - https://github.com/BerriAI/litellm/blob/main/model_prices_and_context_window.json.. Using fallback context limit: 1000000
Trajectory dumped to /var/essdata/s_chumakov/automl-journal/runs/autods-tabred/jobs/terminus-tabred-Msmall-20260829-175356/homesite-insurance__b9bk2jE/agent/trajectory.json
Failed to retrieve model info for 'openrouter/google/gemma-4-26b-a4b-it': This model isn't mapped yet. model=openrouter/google/gemma-4-26b-a4b-it, custom_llm_provider=openrouter. Add it here - https://github.com/BerriAI/litellm/blob/main/model_prices_and_context_window.json.. Using fallback context limit: 1000000
Parser warnings: - Extra text detected before JSON object
- Extra text detected after JSON object
Sending keys: [''] min_timeout_sec: 60.0 max_timeout_sec: 180.0
Parser warnings: - Extra text detected before JSON object
- Extra text detected after JSON object
Sending keys: ['ls -l /app/predictions.csv\n'] min_timeout_sec: 0.1 max_timeout_sec: 180.0
Trajectory dumped to /var/essdata/s_chumakov/automl-journal/runs/autods-tabred/jobs/terminus-tabred-Msmall-20260829-175356/homecredit-default__AY6RvUF/agent/trajectory.json
Failed to retrieve model info for 'openrouter/google/gemma-4-26b-a4b-it': This model isn't mapped yet. model=openrouter/google/gemma-4-26b-a4b-it, custom_llm_provider=openrouter. Add it here - https://github.com/BerriAI/litellm/blob/main/model_prices_and_context_window.json.. Using fallback context limit: 1000000
Trajectory dumped to /var/essdata/s_chumakov/automl-journal/runs/autods-tabred/jobs/terminus-tabred-Msmall-20260829-175356/weather__49aLoVL/agent/trajectory.json
Failed to retrieve model info for 'openrouter/google/gemma-4-26b-a4b-it': This model isn't mapped yet. model=openrouter/google/gemma-4-26b-a4b-it, custom_llm_provider=openrouter. Add it here - https://github.com/BerriAI/litellm/blob/main/model_prices_and_context_window.json.. Using fallback context limit: 1000000
Trajectory dumped to /var/essdata/s_chumakov/automl-journal/runs/autods-tabred/jobs/terminus-tabred-Msmall-20260829-175356/cooking-time__tXseUdV/agent/trajectory.json
Failed to retrieve model info for 'openrouter/google/gemma-4-26b-a4b-it': This model isn't mapped yet. model=openrouter/google/gemma-4-26b-a4b-it, custom_llm_provider=openrouter. Add it here - https://github.com/BerriAI/litellm/blob/main/model_prices_and_context_window.json.. Using fallback context limit: 1000000
Parser warnings: - Extra text detected before JSON object
- Extra text detected after JSON object
Sending keys: ['python3 solution.py\n'] min_timeout_sec: 60.0 max_timeout_sec: 180.0
Parser warnings: - Extra text detected before JSON object
- Extra text detected after JSON object
Sending keys: ['ps aux | grep solution.py\n'] min_timeout_sec: 0.1 max_timeout_sec: 180.0
Sending keys: ['ls -l /app/predictions.csv\n'] min_timeout_sec: 0.1 max_timeout_sec: 180.0
Trajectory dumped to /var/essdata/s_chumakov/automl-journal/runs/autods-tabred/jobs/terminus-tabred-Msmall-20260829-175356/weather__49aLoVL/agent/trajectory.json
Failed to retrieve model info for 'openrouter/google/gemma-4-26b-a4b-it': This model isn't mapped yet. model=openrouter/google/gemma-4-26b-a4b-it, custom_llm_provider=openrouter. Add it here - https://github.com/BerriAI/litellm/blob/main/model_prices_and_context_window.json.. Using fallback context limit: 1000000
Parser warnings: - Extra text detected before JSON object
- Extra text detected after JSON object
Sending keys: ['ls -l /app/predictions.csv\n'] min_timeout_sec: 0.1 max_timeout_sec: 180.0
Sending keys: ['head -n 5 /app/predictions.csv\n'] min_timeout_sec: 0.1 max_timeout_sec: 180.0
Trajectory dumped to /var/essdata/s_chumakov/automl-journal/runs/autods-tabred/jobs/terminus-tabred-Msmall-20260829-175356/cooking-time__tXseUdV/agent/trajectory.json
Failed to retrieve model info for 'openrouter/google/gemma-4-26b-a4b-it': This model isn't mapped yet. model=openrouter/google/gemma-4-26b-a4b-it, custom_llm_provider=openrouter. Add it here - https://github.com/BerriAI/litellm/blob/main/model_prices_and_context_window.json.. Using fallback context limit: 1000000
Parser warnings: - Extra text detected before JSON object
- Extra text detected after JSON object
Sending keys: ['python3 model.py\n'] min_timeout_sec: 60 max_timeout_sec: 180.0
Parser warnings: - Extra text detected before JSON object
- Extra text detected after JSON object
Sending keys: ['ps aux | grep python3\n'] min_timeout_sec: 0.1 max_timeout_sec: 180.0
Sending keys: ['ls -la\n'] min_timeout_sec: 0.1 max_timeout_sec: 180.0
Trajectory dumped to /var/essdata/s_chumakov/automl-journal/runs/autods-tabred/jobs/terminus-tabred-Msmall-20260829-175356/weather__49aLoVL/agent/trajectory.json
Failed to retrieve model info for 'openrouter/google/gemma-4-26b-a4b-it': This model isn't mapped yet. model=openrouter/google/gemma-4-26b-a4b-it, custom_llm_provider=openrouter. Add it here - https://github.com/BerriAI/litellm/blob/main/model_prices_and_context_window.json.. Using fallback context limit: 1000000
Parser warnings: - Extra text detected before JSON object
- Extra text detected after JSON object
Sending keys: ['ls -l /app/predictions.csv\n'] min_timeout_sec: 0.1 max_timeout_sec: 180.0
Sending keys: ['top -n 1 -b | head -n 20\n'] min_timeout_sec: 0.1 max_timeout_sec: 180.0
Trajectory dumped to /var/essdata/s_chumakov/automl-journal/runs/autods-tabred/jobs/terminus-tabred-Msmall-20260829-175356/weather__49aLoVL/agent/trajectory.json
Failed to retrieve model info for 'openrouter/google/gemma-4-26b-a4b-it': This model isn't mapped yet. model=openrouter/google/gemma-4-26b-a4b-it, custom_llm_provider=openrouter. Add it here - https://github.com/BerriAI/litellm/blob/main/model_prices_and_context_window.json.. Using fallback context limit: 1000000
Parser warnings: - Extra text detected before JSON object
- Extra text detected after JSON object
Sending keys: ['ls -la\n'] min_timeout_sec: 0.1 max_timeout_sec: 180.0
Sending keys: ['ls -la /app\n'] min_timeout_sec: 0.1 max_timeout_sec: 180.0
Sending keys: ['pgrep python3\n'] min_timeout_sec: 0.1 max_timeout_sec: 180.0
Trajectory dumped to /var/essdata/s_chumakov/automl-journal/runs/autods-tabred/jobs/terminus-tabred-Msmall-20260829-175356/weather__49aLoVL/agent/trajectory.json
Failed to retrieve model info for 'openrouter/google/gemma-4-26b-a4b-it': This model isn't mapped yet. model=openrouter/google/gemma-4-26b-a4b-it, custom_llm_provider=openrouter. Add it here - https://github.com/BerriAI/litellm/blob/main/model_prices_and_context_window.json.. Using fallback context limit: 1000000
Parser warnings: - Extra text detected before JSON object
- Extra text detected after JSON object
Sending keys: ['ls /app/predictions.csv\n'] min_timeout_sec: 0.1 max_timeout_sec: 180.0
Sending keys: ['ps aux | grep python\n'] min_timeout_sec: 0.1 max_timeout_sec: 180.0
Trajectory dumped to /var/essdata/s_chumakov/automl-journal/runs/autods-tabred/jobs/terminus-tabred-Msmall-20260829-175356/weather__49aLoVL/agent/trajectory.json
Failed to retrieve model info for 'openrouter/google/gemma-4-26b-a4b-it': This model isn't mapped yet. model=openrouter/google/gemma-4-26b-a4b-it, custom_llm_provider=openrouter. Add it here - https://github.com/BerriAI/litellm/blob/main/model_prices_and_context_window.json.. Using fallback context limit: 1000000
Parser warnings: - Extra text detected before JSON object
- Extra text detected after JSON object
Sending keys: ['cat << \'EOF\' > fast_solution.py\nimport pandas as pd\nfrom sklearn.ensemble import RandomForestRegressor\nimport numpy as np\n\ntry:\n    print("Loading data...")\n    train = pd.read_csv(\'/app/data/train.csv\')\n    test = pd.read_csv(\'/app/data/test.csv\')\n\n    X_train = train.drop(columns=[\'target\'])\n    y_train = train[\'target\']\n    X_test = test\n\n    # Fill NaNs with 0 for simplicity in this fast version\n    X_train = X_train.fillna(0)\n    X_test = X_test.fillna(0)\n\n    print("Training Random Forest (fast version)...")\n    model = RandomForestRegressor(n_estimators=20, max_depth=10, n_jobs=-1, random_state=42)\n    model.fit(X_train, y_train)\n\n    print("Predicting...")\n    preds = model.predict(X_test)\n\n    print("Saving predictions...")\n    output = pd.DataFrame({\'target\': preds})\n    output.to_csv(\'/app/predictions.csv\', index=False)\n    print("Done!")\nexcept Exception as e:\n    print(f"Error: {e}")\nEOF\n'] min_timeout_sec: 0.1 max_timeout_sec: 180.0
Sending keys: ['python3 fast_solution.py\n'] min_timeout_sec: 60.0 max_timeout_sec: 180.0
Trajectory dumped to /var/essdata/s_chumakov/automl-journal/runs/autods-tabred/jobs/terminus-tabred-Msmall-20260829-175356/homesite-insurance__b9bk2jE/agent/trajectory.json
Failed to retrieve model info for 'openrouter/google/gemma-4-26b-a4b-it': This model isn't mapped yet. model=openrouter/google/gemma-4-26b-a4b-it, custom_llm_provider=openrouter. Add it here - https://github.com/BerriAI/litellm/blob/main/model_prices_and_context_window.json.. Using fallback context limit: 1000000
Trajectory dumped to /var/essdata/s_chumakov/automl-journal/runs/autods-tabred/jobs/terminus-tabred-Msmall-20260829-175356/homecredit-default__AY6RvUF/agent/trajectory.json
Failed to retrieve model info for 'openrouter/google/gemma-4-26b-a4b-it': This model isn't mapped yet. model=openrouter/google/gemma-4-26b-a4b-it, custom_llm_provider=openrouter. Add it here - https://github.com/BerriAI/litellm/blob/main/model_prices_and_context_window.json.. Using fallback context limit: 1000000
Parser warnings: - Extra text detected before JSON object
- Extra text detected after JSON object
Sending keys: [''] min_timeout_sec: 60.0 max_timeout_sec: 180.0
Parser warnings: - Extra text detected before JSON object
- Extra text detected after JSON object
Sending keys: [''] min_timeout_sec: 60.0 max_timeout_sec: 180.0
Sending keys: ['ls -l /app/predictions.csv\n'] min_timeout_sec: 0.1 max_timeout_sec: 180.0
Sending keys: ['head -n 5 /app/predictions.csv\n'] min_timeout_sec: 0.1 max_timeout_sec: 180.0
Trajectory dumped to /var/essdata/s_chumakov/automl-journal/runs/autods-tabred/jobs/terminus-tabred-Msmall-20260829-175356/cooking-time__tXseUdV/agent/trajectory.json
Failed to retrieve model info for 'openrouter/google/gemma-4-26b-a4b-it': This model isn't mapped yet. model=openrouter/google/gemma-4-26b-a4b-it, custom_llm_provider=openrouter. Add it here - https://github.com/BerriAI/litellm/blob/main/model_prices_and_context_window.json.. Using fallback context limit: 1000000
Parser warnings: - Extra text detected before JSON object
- Extra text detected after JSON object
Sending keys: ['python3 model.py\n'] min_timeout_sec: 60 max_timeout_sec: 180.0
Trajectory dumped to /var/essdata/s_chumakov/automl-journal/runs/autods-tabred/jobs/terminus-tabred-Msmall-20260829-175356/weather__49aLoVL/agent/trajectory.json
Failed to retrieve model info for 'openrouter/google/gemma-4-26b-a4b-it': This model isn't mapped yet. model=openrouter/google/gemma-4-26b-a4b-it, custom_llm_provider=openrouter. Add it here - https://github.com/BerriAI/litellm/blob/main/model_prices_and_context_window.json.. Using fallback context limit: 1000000
Parser warnings: - Extra text detected before JSON object
- Extra text detected after JSON object
Sending keys: [''] min_timeout_sec: 60.0 max_timeout_sec: 180.0
Trajectory dumped to /var/essdata/s_chumakov/automl-journal/runs/autods-tabred/jobs/terminus-tabred-Msmall-20260829-175356/homesite-insurance__b9bk2jE/agent/trajectory.json
Failed to retrieve model info for 'openrouter/google/gemma-4-26b-a4b-it': This model isn't mapped yet. model=openrouter/google/gemma-4-26b-a4b-it, custom_llm_provider=openrouter. Add it here - https://github.com/BerriAI/litellm/blob/main/model_prices_and_context_window.json.. Using fallback context limit: 1000000
Trajectory dumped to /var/essdata/s_chumakov/automl-journal/runs/autods-tabred/jobs/terminus-tabred-Msmall-20260829-175356/homecredit-default__AY6RvUF/agent/trajectory.json
Failed to retrieve model info for 'openrouter/google/gemma-4-26b-a4b-it': This model isn't mapped yet. model=openrouter/google/gemma-4-26b-a4b-it, custom_llm_provider=openrouter. Add it here - https://github.com/BerriAI/litellm/blob/main/model_prices_and_context_window.json.. Using fallback context limit: 1000000
Parser warnings: - Extra text detected before JSON object
- Extra text detected after JSON object
Sending keys: [''] min_timeout_sec: 60.0 max_timeout_sec: 180.0
Parser warnings: - Extra text detected before JSON object
- Extra text detected after JSON object
Sending keys: ['python3 solution.py\n'] min_timeout_sec: 60.0 max_timeout_sec: 180.0
Sending keys: ['ls -la /app/predictions.csv\n'] min_timeout_sec: 0.1 max_timeout_sec: 180.0
Sending keys: ['head -n 5 /app/predictions.csv\n'] min_timeout_sec: 0.1 max_timeout_sec: 180.0
Trajectory dumped to /var/essdata/s_chumakov/automl-journal/runs/autods-tabred/jobs/terminus-tabred-Msmall-20260829-175356/cooking-time__tXseUdV/agent/trajectory.json
Failed to retrieve model info for 'openrouter/google/gemma-4-26b-a4b-it': This model isn't mapped yet. model=openrouter/google/gemma-4-26b-a4b-it, custom_llm_provider=openrouter. Add it here - https://github.com/BerriAI/litellm/blob/main/model_prices_and_context_window.json.. Using fallback context limit: 1000000
Sending keys: ['ls -l /app/predictions.csv\n'] min_timeout_sec: 0.1 max_timeout_sec: 180.0
Sending keys: ['head -n 5 /app/predictions.csv\n'] min_timeout_sec: 0.1 max_timeout_sec: 180.0
Trajectory dumped to /var/essdata/s_chumakov/automl-journal/runs/autods-tabred/jobs/terminus-tabred-Msmall-20260829-175356/weather__49aLoVL/agent/trajectory.json
Failed to retrieve model info for 'openrouter/google/gemma-4-26b-a4b-it': This model isn't mapped yet. model=openrouter/google/gemma-4-26b-a4b-it, custom_llm_provider=openrouter. Add it here - https://github.com/BerriAI/litellm/blob/main/model_prices_and_context_window.json.. Using fallback context limit: 1000000
Parser warnings: - Extra text detected before JSON object
- Extra text detected after JSON object
Failed to retrieve model info for 'openrouter/google/gemma-4-26b-a4b-it': This model isn't mapped yet. model=openrouter/google/gemma-4-26b-a4b-it, custom_llm_provider=openrouter. Add it here - https://github.com/BerriAI/litellm/blob/main/model_prices_and_context_window.json.. Using fallback context limit: 1000000
Parser warnings: - Extra text detected before JSON object
- Extra text detected after JSON object
Trajectory dumped to /var/essdata/s_chumakov/automl-journal/runs/autods-tabred/jobs/terminus-tabred-Msmall-20260829-175356/weather__49aLoVL/agent/trajectory.json
Failed to retrieve model info for 'openrouter/google/gemma-4-26b-a4b-it': This model isn't mapped yet. model=openrouter/google/gemma-4-26b-a4b-it, custom_llm_provider=openrouter. Add it here - https://github.com/BerriAI/litellm/blob/main/model_prices_and_context_window.json.. Using fallback context limit: 1000000
Parser warnings: - Extra text detected before JSON object
- Extra text detected after JSON object
Trajectory dumped to /var/essdata/s_chumakov/automl-journal/runs/autods-tabred/jobs/terminus-tabred-Msmall-20260829-175356/weather__49aLoVL/agent/trajectory.json
Trajectory dumped to /var/essdata/s_chumakov/automl-journal/runs/autods-tabred/jobs/terminus-tabred-Msmall-20260829-175356/weather__49aLoVL/agent/trajectory.json
Collecting main service artifacts
Parser warnings: - Extra text detected before JSON object
- Extra text detected after JSON object
Sending keys: ['cat << \'EOF\' > model.py\nimport pandas as pd\nimport numpy as np\nimport lightgbm as lgb\nfrom sklearn.metrics import mean_squared_error\n\ntrain_df = pd.read_csv(\'/app/data/train.csv\')\nval_df = pd.read_csv(\'/app/data/val.csv\')\ntest_df = pd.read_csv(\'/app/data/test.csv\')\n\ntarget_col = \'target\'\ntrain_y = train_df[target_col]\ntrain_x = train_df.drop(columns=[target_col])\nval_y = val_df[target_col]\nval_x = val_df.drop(columns=[target_col])\ntest_x = test_df\n\nfor col in train_x.columns:\n    if col.startswith(\'cat_\'):\n        train_x[col] = train_x[col].astype(\'category\')\n        val_x[col] = val_x[col].astype(\'category\')\n        test_x[col] = test_x[col].astype(\'category\')\n    elif col.startswith(\'num_\'):\n        train_x[col] = pd.to_numeric(train_x[col], errors=\'coerce\')\n        val_x[col] = pd.to_numeric(val_x[col], errors=\'coerce\')\n        test_x[col] = pd.to_numeric(test_x[col], errors=\'coerce\')\n\nparams = {\n    \'objective\': \'regression\',\n    \'metric\': \'rmse\',\n    \'verbosity\': -1,\n    \'boosting_type\': \'gbdt\',\n    \'random_state\': 42,\n    \'learning_rate\': 0.1,\n    \'num_leaves\': 15,\n}\n\ndtrain = lgb.Dataset(train_x, label=train_y, categorical_feature=[c for c in train_x.columns if c.startswith(\'cat_\')])\ndval = lgb.Dataset(val_x, label=val_y, reference=dtrain, categorical_feature=[c for c in val_x.columns if c.startswith(\'cat_\')])\n\nmodel = lgb.train(\n    params,\n    dtrain,\n    valid_sets=[dval],\n    num_boost_round=100\n)\n\ntest_preds = model.predict(test_x)\noutput_df = pd.DataFrame({\'target\': test_preds})\noutput_df.to_csv(\'/app/predictions.csv\', index=False)\nprint("SUCCESS")\nEOF\n'] min_timeout_sec: 0.1 max_timeout_sec: 180.0
Sending keys: ['python3 model.py\n'] min_timeout_sec: 60.0 max_timeout_sec: 180.0
Skipping image OS validation for hb__fe87ed56be4ccc47d6527e641c3270f3: docker inspect returned 1
Installing: tmux, asciinema
Detected system: {'os': 'debian-based', 'package_manager': 'apt-get', 'update_command': None}
Installing tools using apt-get: DEBIAN_FRONTEND=noninteractive apt-get update && DEBIAN_FRONTEND=noninteractive apt-get install -y tmux asciinema
Trajectory dumped to /var/essdata/s_chumakov/automl-journal/runs/autods-tabred/jobs/terminus-tabred-Msmall-20260829-175356/homesite-insurance__b9bk2jE/agent/trajectory.json
Failed to retrieve model info for 'openrouter/google/gemma-4-26b-a4b-it': This model isn't mapped yet. model=openrouter/google/gemma-4-26b-a4b-it, custom_llm_provider=openrouter. Add it here - https://github.com/BerriAI/litellm/blob/main/model_prices_and_context_window.json.. Using fallback context limit: 1000000
Trajectory dumped to /var/essdata/s_chumakov/automl-journal/runs/autods-tabred/jobs/terminus-tabred-Msmall-20260829-175356/homecredit-default__AY6RvUF/agent/trajectory.json
Failed to retrieve model info for 'openrouter/google/gemma-4-26b-a4b-it': This model isn't mapped yet. model=openrouter/google/gemma-4-26b-a4b-it, custom_llm_provider=openrouter. Add it here - https://github.com/BerriAI/litellm/blob/main/model_prices_and_context_window.json.. Using fallback context limit: 1000000
Parser warnings: - Extra text detected before JSON object
- Extra text detected after JSON object
Sending keys: ['ps aux | grep python\n'] min_timeout_sec: 0.1 max_timeout_sec: 180.0
Trajectory dumped to /var/essdata/s_chumakov/automl-journal/runs/autods-tabred/jobs/terminus-tabred-Msmall-20260829-175356/homesite-insurance__b9bk2jE/agent/trajectory.json
Failed to retrieve model info for 'openrouter/google/gemma-4-26b-a4b-it': This model isn't mapped yet. model=openrouter/google/gemma-4-26b-a4b-it, custom_llm_provider=openrouter. Add it here - https://github.com/BerriAI/litellm/blob/main/model_prices_and_context_window.json.. Using fallback context limit: 1000000
Starting recording.
Sending keys: ['asciinema rec --stdin /logs/agent/recording.cast', 'Enter'] min_timeout_sec: 1.0 max_timeout_sec: 180.0
Parser warnings: - Extra text detected before JSON object
- Extra text detected after JSON object
Sending keys: [''] min_timeout_sec: 60.0 max_timeout_sec: 180.0
Sending keys: ['clear', 'Enter'] min_timeout_sec: 0.0 max_timeout_sec: 180.0
Failed to retrieve model info for 'openrouter/google/gemma-4-26b-a4b-it': This model isn't mapped yet. model=openrouter/google/gemma-4-26b-a4b-it, custom_llm_provider=openrouter. Add it here - https://github.com/BerriAI/litellm/blob/main/model_prices_and_context_window.json.. Using fallback context limit: 1000000
Parser warnings: - Extra text detected before JSON object
- Extra text detected after JSON object
Sending keys: ['ls -la /app/data\n'] min_timeout_sec: 0.1 max_timeout_sec: 180.0
Sending keys: ['cat /app/data/schema.json\n'] min_timeout_sec: 0.1 max_timeout_sec: 180.0
Sending keys: ['head -n 5 /app/data/train.csv\n'] min_timeout_sec: 0.1 max_timeout_sec: 180.0
Parser warnings: - Extra text detected before JSON object
- Extra text detected after JSON object
Sending keys: [''] min_timeout_sec: 5.0 max_timeout_sec: 180.0
Trajectory dumped to /var/essdata/s_chumakov/automl-journal/runs/autods-tabred/jobs/terminus-tabred-Msmall-20260829-175356/ecom-offers__YFxtAmJ/agent/trajectory.json
Failed to retrieve model info for 'openrouter/google/gemma-4-26b-a4b-it': This model isn't mapped yet. model=openrouter/google/gemma-4-26b-a4b-it, custom_llm_provider=openrouter. Add it here - https://github.com/BerriAI/litellm/blob/main/model_prices_and_context_window.json.. Using fallback context limit: 1000000
Trajectory dumped to /var/essdata/s_chumakov/automl-journal/runs/autods-tabred/jobs/terminus-tabred-Msmall-20260829-175356/homesite-insurance__b9bk2jE/agent/trajectory.json
Failed to retrieve model info for 'openrouter/google/gemma-4-26b-a4b-it': This model isn't mapped yet. model=openrouter/google/gemma-4-26b-a4b-it, custom_llm_provider=openrouter. Add it here - https://github.com/BerriAI/litellm/blob/main/model_prices_and_context_window.json.. Using fallback context limit: 1000000
Parser warnings: - Extra text detected before JSON object
- Extra text detected after JSON object
Sending keys: ['ls -l /app/predictions.csv\n'] min_timeout_sec: 0.1 max_timeout_sec: 180.0
Sending keys: ['head -n 5 /app/predictions.csv\n'] min_timeout_sec: 0.1 max_timeout_sec: 180.0
Trajectory dumped to /var/essdata/s_chumakov/automl-journal/runs/autods-tabred/jobs/terminus-tabred-Msmall-20260829-175356/homesite-insurance__b9bk2jE/agent/trajectory.json
Failed to retrieve model info for 'openrouter/google/gemma-4-26b-a4b-it': This model isn't mapped yet. model=openrouter/google/gemma-4-26b-a4b-it, custom_llm_provider=openrouter. Add it here - https://github.com/BerriAI/litellm/blob/main/model_prices_and_context_window.json.. Using fallback context limit: 1000000
Parser warnings: - Extra text detected before JSON object
- Extra text detected after JSON object
Sending keys: ["cat << 'EOF' > solution.py\nimport pandas as pd\nimport numpy as np\nimport lightgbm as lgb\nfrom sklearn.metrics import roc_auc_score\n\n# Load data\ntrain = pd.read_csv('/app/data/train.csv')\nval = pd.read_csv('/app/data/val.csv')\ntest = pd.read_csv('/app/data/test.csv')\n\n# Features and target\nX_train = train.drop('target', axis=1)\nY_train = train['target']\nX_val = val.drop('target', axis=1)\nY_val = val['target']\nX_test = test\n\n# LightGBM dataset preparation\ndtrain = lgb.Dataset(X_train, label=Y_train)\ndval = lgb.Dataset(X_val, label=Y_val, reference=dtrain)\n\n# Hyperparameters (simple defaults for a start)\nparams = {\n    'objective': 'binary',\n    'metric': 'auc',\n    'verbosity': -1,\n    'boosting_type': 'gbdt',\n    'random_state': 42,\n    'learning_rate': 0.05,\n    'num_leaves': 31,\n}\n\n# Train model with early stopping\nmodel = lgb.train(\n    params,\n    dtrain,\n    valid_sets=[dval],\n    valid_names=['val'],\n    num_boost_round=1000,\n    callbacks=[\n        lgb.early_stopping(stopping_rounds=50),\n        lgb.log_evaluation(period=100)\n    ]\n)\n\n# Evaluate\ny_pred_val = model.predict(X_val)\nauc_score = roc_auc_score(Y_val, y_pred_val)\nprint(f'Validation AUC: {auc_score}')\n\n# Predict on test set\ny_pred_test = model.predict(X_test)\n\n# Save predictions\noutput = pd.DataFrame({'target': y_pred_test})\noutput.to_csv('/app/predictions.csv', index=False)\nprint('Predictions saved to /app/predictions.csv')\nEOF\n"] min_timeout_sec: 0.1 max_timeout_sec: 180.0
Sending keys: ['python3 solution.py\n'] min_timeout_sec: 30.0 max_timeout_sec: 180.0
Parser warnings: - Extra text detected before JSON object
- Extra text detected after JSON object
Sending keys: [''] min_timeout_sec: 30.0 max_timeout_sec: 180.0
Sending keys: ['ls -l /app/predictions.csv\n'] min_timeout_sec: 0.1 max_timeout_sec: 180.0
Sending keys: ['wc -l /app/predictions.csv\n'] min_timeout_sec: 0.1 max_timeout_sec: 180.0
Trajectory dumped to /var/essdata/s_chumakov/automl-journal/runs/autods-tabred/jobs/terminus-tabred-Msmall-20260829-175356/cooking-time__tXseUdV/agent/trajectory.json
Failed to retrieve model info for 'openrouter/google/gemma-4-26b-a4b-it': This model isn't mapped yet. model=openrouter/google/gemma-4-26b-a4b-it, custom_llm_provider=openrouter. Add it here - https://github.com/BerriAI/litellm/blob/main/model_prices_and_context_window.json.. Using fallback context limit: 1000000
Parser warnings: - Extra text detected before JSON object
- Extra text detected after JSON object
Sending keys: ['head -n 1 /app/predictions.csv\n'] min_timeout_sec: 0.1 max_timeout_sec: 180.0
Sending keys: ['python3 -c "import pandas as pd; df = pd.read_csv(\'/app/predictions.csv\'); print(\'Columns:\', df.columns.tolist()); print(\'Finite values:\', df[\'target\'].isna().sum() == 0)"\n'] min_timeout_sec: 0.1 max_timeout_sec: 180.0
Trajectory dumped to /var/essdata/s_chumakov/automl-journal/runs/autods-tabred/jobs/terminus-tabred-Msmall-20260829-175356/cooking-time__tXseUdV/agent/trajectory.json
Trajectory dumped to /var/essdata/s_chumakov/automl-journal/runs/autods-tabred/jobs/terminus-tabred-Msmall-20260829-175356/ecom-offers__YFxtAmJ/agent/trajectory.json
Failed to retrieve model info for 'openrouter/google/gemma-4-26b-a4b-it': This model isn't mapped yet. model=openrouter/google/gemma-4-26b-a4b-it, custom_llm_provider=openrouter. Add it here - https://github.com/BerriAI/litellm/blob/main/model_prices_and_context_window.json.. Using fallback context limit: 1000000
Failed to retrieve model info for 'openrouter/google/gemma-4-26b-a4b-it': This model isn't mapped yet. model=openrouter/google/gemma-4-26b-a4b-it, custom_llm_provider=openrouter. Add it here - https://github.com/BerriAI/litellm/blob/main/model_prices_and_context_window.json.. Using fallback context limit: 1000000
Trajectory dumped to /var/essdata/s_chumakov/automl-journal/runs/autods-tabred/jobs/terminus-tabred-Msmall-20260829-175356/homesite-insurance__b9bk2jE/agent/trajectory.json
Failed to retrieve model info for 'openrouter/google/gemma-4-26b-a4b-it': This model isn't mapped yet. model=openrouter/google/gemma-4-26b-a4b-it, custom_llm_provider=openrouter. Add it here - https://github.com/BerriAI/litellm/blob/main/model_prices_and_context_window.json.. Using fallback context limit: 1000000
Parser warnings: - Extra text detected before JSON object
- Extra text detected after JSON object
Sending keys: ['ls -l /app/predictions.csv && head -n 5 /app/predictions.csv\n'] min_timeout_sec: 0.1 max_timeout_sec: 180.0
Parser warnings: - Extra text detected before JSON object
- Extra text detected after JSON object
Trajectory dumped to /var/essdata/s_chumakov/automl-journal/runs/autods-tabred/jobs/terminus-tabred-Msmall-20260829-175356/cooking-time__tXseUdV/agent/trajectory.json
Trajectory dumped to /var/essdata/s_chumakov/automl-journal/runs/autods-tabred/jobs/terminus-tabred-Msmall-20260829-175356/cooking-time__tXseUdV/agent/trajectory.json
Trajectory dumped to /var/essdata/s_chumakov/automl-journal/runs/autods-tabred/jobs/terminus-tabred-Msmall-20260829-175356/ecom-offers__YFxtAmJ/agent/trajectory.json
Failed to retrieve model info for 'openrouter/google/gemma-4-26b-a4b-it': This model isn't mapped yet. model=openrouter/google/gemma-4-26b-a4b-it, custom_llm_provider=openrouter. Add it here - https://github.com/BerriAI/litellm/blob/main/model_prices_and_context_window.json.. Using fallback context limit: 1000000
Collecting main service artifacts
Parser warnings: - Extra text detected before JSON object
- Extra text detected after JSON object
Sending keys: ['ls -lh /app/predictions.csv\n'] min_timeout_sec: 0.1 max_timeout_sec: 180.0
Trajectory dumped to /var/essdata/s_chumakov/automl-journal/runs/autods-tabred/jobs/terminus-tabred-Msmall-20260829-175356/homesite-insurance__b9bk2jE/agent/trajectory.json
Failed to retrieve model info for 'openrouter/google/gemma-4-26b-a4b-it': This model isn't mapped yet. model=openrouter/google/gemma-4-26b-a4b-it, custom_llm_provider=openrouter. Add it here - https://github.com/BerriAI/litellm/blob/main/model_prices_and_context_window.json.. Using fallback context limit: 1000000
Parser warnings: - Extra text detected before JSON object
- Extra text detected after JSON object
Sending keys: ['ls -la /app/predictions.csv\n'] min_timeout_sec: 0.1 max_timeout_sec: 180.0
Sending keys: ['head -n 5 /app/predictions.csv\n'] min_timeout_sec: 0.1 max_timeout_sec: 180.0
Trajectory dumped to /var/essdata/s_chumakov/automl-journal/runs/autods-tabred/jobs/terminus-tabred-Msmall-20260829-175356/ecom-offers__YFxtAmJ/agent/trajectory.json
Failed to retrieve model info for 'openrouter/google/gemma-4-26b-a4b-it': This model isn't mapped yet. model=openrouter/google/gemma-4-26b-a4b-it, custom_llm_provider=openrouter. Add it here - https://github.com/BerriAI/litellm/blob/main/model_prices_and_context_window.json.. Using fallback context limit: 1000000
Parser warnings: - Extra text detected before JSON object
- Extra text detected after JSON object
Sending keys: [''] min_timeout_sec: 60.0 max_timeout_sec: 180.0
Parser warnings: - Extra text detected before JSON object
- Extra text detected after JSON object
Sending keys: ['ls -l /app/predictions.csv\n'] min_timeout_sec: 0.1 max_timeout_sec: 180.0
Sending keys: ['python3 solution.py\n'] min_timeout_sec: 30.0 max_timeout_sec: 180.0
Trajectory dumped to /var/essdata/s_chumakov/automl-journal/runs/autods-tabred/jobs/terminus-tabred-Msmall-20260829-175356/homecredit-default__AY6RvUF/agent/trajectory.json
Failed to retrieve model info for 'openrouter/google/gemma-4-26b-a4b-it': This model isn't mapped yet. model=openrouter/google/gemma-4-26b-a4b-it, custom_llm_provider=openrouter. Add it here - https://github.com/BerriAI/litellm/blob/main/model_prices_and_context_window.json.. Using fallback context limit: 1000000
Parser warnings: - Extra text detected before JSON object
- Extra text detected after JSON object
Sending keys: [''] min_timeout_sec: 60.0 max_timeout_sec: 180.0
Skipping image OS validation for hb__a68bb1b9a885efa968f3bdbbe5d805f3: docker inspect returned 1
Installing: tmux, asciinema
Detected system: {'os': 'debian-based', 'package_manager': 'apt-get', 'update_command': None}
Installing tools using apt-get: DEBIAN_FRONTEND=noninteractive apt-get update && DEBIAN_FRONTEND=noninteractive apt-get install -y tmux asciinema
Trajectory dumped to /var/essdata/s_chumakov/automl-journal/runs/autods-tabred/jobs/terminus-tabred-Msmall-20260829-175356/ecom-offers__YFxtAmJ/agent/trajectory.json
Failed to retrieve model info for 'openrouter/google/gemma-4-26b-a4b-it': This model isn't mapped yet. model=openrouter/google/gemma-4-26b-a4b-it, custom_llm_provider=openrouter. Add it here - https://github.com/BerriAI/litellm/blob/main/model_prices_and_context_window.json.. Using fallback context limit: 1000000
Starting recording.
Sending keys: ['asciinema rec --stdin /logs/agent/recording.cast', 'Enter'] min_timeout_sec: 1.0 max_timeout_sec: 180.0
Sending keys: ['clear', 'Enter'] min_timeout_sec: 0.0 max_timeout_sec: 180.0
Failed to retrieve model info for 'openrouter/google/gemma-4-26b-a4b-it': This model isn't mapped yet. model=openrouter/google/gemma-4-26b-a4b-it, custom_llm_provider=openrouter. Add it here - https://github.com/BerriAI/litellm/blob/main/model_prices_and_context_window.json.. Using fallback context limit: 1000000
Parser warnings: - Extra text detected before JSON object
- Extra text detected after JSON object
Sending keys: ['ls -la /app/data\n'] min_timeout_sec: 0.1 max_timeout_sec: 180.0
Sending keys: ['head -n 5 /app/data/train.csv\n'] min_timeout_sec: 0.1 max_timeout_sec: 180.0
Sending keys: ['cat /app/data/schema.json\n'] min_timeout_sec: 0.1 max_timeout_sec: 180.0
Trajectory dumped to /var/essdata/s_chumakov/automl-journal/runs/autods-tabred/jobs/terminus-tabred-Msmall-20260829-175356/delivery-eta__X4B4h9P/agent/trajectory.json
Failed to retrieve model info for 'openrouter/google/gemma-4-26b-a4b-it': This model isn't mapped yet. model=openrouter/google/gemma-4-26b-a4b-it, custom_llm_provider=openrouter. Add it here - https://github.com/BerriAI/litellm/blob/main/model_prices_and_context_window.json.. Using fallback context limit: 1000000
Parser warnings: - Extra text detected before JSON object
- Extra text detected after JSON object
Sending keys: ['cat << \'EOF\' > solution.py\nimport pandas as pd\nimport numpy as np\nimport lightgbm as lgb\nfrom sklearn.metrics import roc_auc_score\nimport sys\n\ntry:\n    print("Loading data...")\n    train = pd.read_csv(\'/app/data/train.csv\')\n    val = pd.read_csv(\'/app/data/val.csv\')\n    test = pd.read_csv(\'/app/data/test.csv\')\n\n    X_train = train.drop(\'target\', axis=1)\n    Y_train = train[\'target\']\n    X_val = val.drop(\'target\', axis=1)\n    Y_val = val[\'target\']\n    X_test = test\n\n    print("Preparing LightGBM datasets...")\n    dtrain = lgb.Dataset(X_train, label=Y_train)\n    dval = lgb.Dataset(X_val, label=Y_val, reference=dtrain)\n\n    params = {\n        \'objective\': \'binary\',\n        \'metric\': \'auc\',\n        \'verbosity\': -1,\n        \'boosting_type\': \'gbdt\',\n        \'random_state\': 42,\n        \'learning_rate\': 0.05,\n        \'num_leaves\': 31,\n    }\n\n    print("Training model...")\n    model = lgb.train(\n        params,\n        dtrain,\n        valid_sets=[dval],\n        valid_names=[\'val\'],\n        num_boost_round=1000,\n        callbacks=[\n            lgb.early_stopping(stopping_rounds=50),\n            lgb.log_evaluation(period=100)\n        ]\n    )\n\n    print("Evaluating...")\n    y_pred_val = model.predict(X_val)\n    auc_score = roc_auc_score(Y_val, y_pred_val)\n    print(f\'Validation AUC: {auc_score}\')\n\n    print("Predicting on test set...")\n    y_pred_test = model.predict(X_test)\n\n    print("Saving predictions...")\n    output = pd.DataFrame({\'target\': y_pred_test})\n    output.to_csv(\'/app/predictions.csv\', index=False)\n    print("Done! Predictions saved to /app/predictions.csv")\n\nexcept Exception as e:\n    print(f"Error: {e}")\n    sys.exit(1)\nEOF\n'] min_timeout_sec: 0.1 max_timeout_sec: 180.0
Sending keys: ['python3 solution.py\n'] min_timeout_sec: 60.0 max_timeout_sec: 180.0
Trajectory dumped to /var/essdata/s_chumakov/automl-journal/runs/autods-tabred/jobs/terminus-tabred-Msmall-20260829-175356/homesite-insurance__b9bk2jE/agent/trajectory.json
Failed to retrieve model info for 'openrouter/google/gemma-4-26b-a4b-it': This model isn't mapped yet. model=openrouter/google/gemma-4-26b-a4b-it, custom_llm_provider=openrouter. Add it here - https://github.com/BerriAI/litellm/blob/main/model_prices_and_context_window.json.. Using fallback context limit: 1000000
Parser warnings: - Extra text detected before JSON object
- Extra text detected after JSON object
Sending keys: ['cat << \'EOF\' > solution.py\nimport pandas as pd\nimport numpy as np\nimport lightgbm as lgb\nfrom sklearn.metrics import mean_squared_error\nimport os\n\ndef main():\n    print("Loading data...")\n    train_df = pd.read_csv(\'/app/data/train.csv\')\n    val_df = pd.read_csv(\'/app/data/val.csv\')\n    test_df = pd.read_csv(\'/app/data/test.csv\')\n\n    X_train = train_df.drop(columns=[\'target\'])\n    y_train = train_df[\'target\']\n    X_val = val_df.drop(columns=[\'target\'])\n    y_val = val_df[\'target\']\n    X_test = test_df\n\n    # Identify column types\n    num_cols = [c for c in X_train.columns if c.startswith(\'num_\')]\n    bin_cols = [c for c in X_train.columns if c.startswith(\'bin_\')]\n    cat_cols = [c for c in X_train.columns if c.startswith(\'cat_\')]\n\n    # Convert categorical columns to type \'category\'\n    for col in cat_cols:\n        X_train[col] = X_train[col].astype(\'category\')\n        X_val[col] = X_val[col].astype(\'category\')\n        X_test[col] = X_test[col].astype(\'category\')\n\n    # LightGBM parameters\n    params = {\n        \'objective\': \'regression\',\n        \'metric\': \'rmse\',\n        \'verbosity\': -1,\n        \'boosting_type\': \'gbdt\',\n        \'random_state\': 42,\n        \'learning_rate\': 0.05,\n        \'num_leaves\': 31,\n    }\n\n    print("Training LightGBM model...")\n    train_data = lgb.Dataset(X_train, label=y_train, categorical_feature=cat_cols)\n    val_data = lgb.Dataset(X_val, label=y_val, reference=train_data, categorical_feature=cat_cols)\n\n    model = lgb.train(\n        params,\n        train_data,\n        valid_sets=[val_data],\n        num_boost_round=1000,\n        callbacks=[lgb.early_stopping(stopping_rounds=50)]\n    )\n\n    print("Evaluating model...")\n    val_preds = model.predict(X_val)\n    rmse = np.sqrt(mean_squared_error(y_val, val_preds))\n    print(f"Validation RMSE: {rmse}")\n\n    print("Generating test predictions...")\n    test_preds = model.predict(X_test)\n\n    print("Saving predictions...")\n    output_df = pd.DataFrame({\'target\': test_preds})\n    output_df.to_csv(\'/app/predictions.csv\', index=False)\n    print("Done!")\n\nif __name__ == \'__main__\':\n    main()\nEOF\n'] min_timeout_sec: 0.5 max_timeout_sec: 180.0
Sending keys: ['python3 solution.py\n'] min_timeout_sec: 30.0 max_timeout_sec: 180.0
Parser warnings: - Extra text detected before JSON object
- Extra text detected after JSON object
Sending keys: [''] min_timeout_sec: 60.0 max_timeout_sec: 180.0
Trajectory dumped to /var/essdata/s_chumakov/automl-journal/runs/autods-tabred/jobs/terminus-tabred-Msmall-20260829-175356/homecredit-default__AY6RvUF/agent/trajectory.json
Failed to retrieve model info for 'openrouter/google/gemma-4-26b-a4b-it': This model isn't mapped yet. model=openrouter/google/gemma-4-26b-a4b-it, custom_llm_provider=openrouter. Add it here - https://github.com/BerriAI/litellm/blob/main/model_prices_and_context_window.json.. Using fallback context limit: 1000000
Parser warnings: - Extra text detected before JSON object
- Extra text detected after JSON object
Sending keys: [''] min_timeout_sec: 60.0 max_timeout_sec: 180.0
Trajectory dumped to /var/essdata/s_chumakov/automl-journal/runs/autods-tabred/jobs/terminus-tabred-Msmall-20260829-175356/delivery-eta__X4B4h9P/agent/trajectory.json
Failed to retrieve model info for 'openrouter/google/gemma-4-26b-a4b-it': This model isn't mapped yet. model=openrouter/google/gemma-4-26b-a4b-it, custom_llm_provider=openrouter. Add it here - https://github.com/BerriAI/litellm/blob/main/model_prices_and_context_window.json.. Using fallback context limit: 1000000
Unknown Error in LLM interaction: litellm.APIError: APIError: OpenrouterException - Cannot connect to host 152.232.68.184:9739 ssl:<ssl.SSLContext object at 0x72ba982fc850> [Connect call failed ('152.232.68.184', 9739)]
Trajectory dumped to /var/essdata/s_chumakov/automl-journal/runs/autods-tabred/jobs/terminus-tabred-Msmall-20260829-175356/ecom-offers__YFxtAmJ/agent/trajectory.json
Failed to retrieve model info for 'openrouter/google/gemma-4-26b-a4b-it': This model isn't mapped yet. model=openrouter/google/gemma-4-26b-a4b-it, custom_llm_provider=openrouter. Add it here - https://github.com/BerriAI/litellm/blob/main/model_prices_and_context_window.json.. Using fallback context limit: 1000000
Unknown Error in LLM interaction: litellm.APIError: APIError: OpenrouterException - Cannot connect to host 152.232.68.184:9739 ssl:<ssl.SSLContext object at 0x72ba982fc850> [Connect call failed ('152.232.68.184', 9739)]
Unknown Error in LLM interaction: litellm.APIError: APIError: OpenrouterException - Cannot connect to host 152.232.68.184:9739 ssl:<ssl.SSLContext object at 0x72ba982fc850> [Connect call failed ('152.232.68.184', 9739)]
Unknown Error in LLM interaction: litellm.APIError: APIError: OpenrouterException - Cannot connect to host 152.232.68.184:9739 ssl:<ssl.SSLContext object at 0x72ba982fc850> [Connect call failed ('152.232.68.184', 9739)]
Trajectory dumped to /var/essdata/s_chumakov/automl-journal/runs/autods-tabred/jobs/terminus-tabred-Msmall-20260829-175356/delivery-eta__X4B4h9P/agent/trajectory.json
Trial delivery-eta__X4B4h9P failed: litellm.APIError: APIError: OpenrouterException - Cannot connect to host 152.232.68.184:9739 ssl:<ssl.SSLContext object at 0x72ba982fc850> [Connect call failed ('152.232.68.184', 9739)]
Collecting main service artifacts
Trajectory dumped to /var/essdata/s_chumakov/automl-journal/runs/autods-tabred/jobs/terminus-tabred-Msmall-20260829-175356/homesite-insurance__b9bk2jE/agent/trajectory.json
Failed to retrieve model info for 'openrouter/google/gemma-4-26b-a4b-it': This model isn't mapped yet. model=openrouter/google/gemma-4-26b-a4b-it, custom_llm_provider=openrouter. Add it here - https://github.com/BerriAI/litellm/blob/main/model_prices_and_context_window.json.. Using fallback context limit: 1000000
Parser warnings: - Extra text detected before JSON object
- Extra text detected after JSON object
Sending keys: ['ls -l /app/predictions.csv && head -n 5 /app/predictions.csv\n'] min_timeout_sec: 0.1 max_timeout_sec: 180.0
Trajectory dumped to /var/essdata/s_chumakov/automl-journal/runs/autods-tabred/jobs/terminus-tabred-Msmall-20260829-175356/ecom-offers__YFxtAmJ/agent/trajectory.json
Failed to retrieve model info for 'openrouter/google/gemma-4-26b-a4b-it': This model isn't mapped yet. model=openrouter/google/gemma-4-26b-a4b-it, custom_llm_provider=openrouter. Add it here - https://github.com/BerriAI/litellm/blob/main/model_prices_and_context_window.json.. Using fallback context limit: 1000000
Parser warnings: - Extra text detected before JSON object
- Extra text detected after JSON object
Sending keys: [''] min_timeout_sec: 60.0 max_timeout_sec: 180.0
Trajectory dumped to /var/essdata/s_chumakov/automl-journal/runs/autods-tabred/jobs/terminus-tabred-Msmall-20260829-175356/homecredit-default__AY6RvUF/agent/trajectory.json
Failed to retrieve model info for 'openrouter/google/gemma-4-26b-a4b-it': This model isn't mapped yet. model=openrouter/google/gemma-4-26b-a4b-it, custom_llm_provider=openrouter. Add it here - https://github.com/BerriAI/litellm/blob/main/model_prices_and_context_window.json.. Using fallback context limit: 1000000
Parser warnings: - Extra text detected before JSON object
- Extra text detected after JSON object
Sending keys: ['ls -l /app/predictions.csv\n'] min_timeout_sec: 0.1 max_timeout_sec: 180.0
Sending keys: ['ps aux | grep python3\n'] min_timeout_sec: 0.1 max_timeout_sec: 180.0
Trajectory dumped to /var/essdata/s_chumakov/automl-journal/runs/autods-tabred/jobs/terminus-tabred-Msmall-20260829-175356/ecom-offers__YFxtAmJ/agent/trajectory.json
Not retrying trial because the maximum number of retries has been reached
Parser warnings: - Extra text detected before JSON object
- Extra text detected after JSON object
Sending keys: [''] min_timeout_sec: 60.0 max_timeout_sec: 180.0
Failed to retrieve model info for 'openrouter/google/gemma-4-26b-a4b-it': This model isn't mapped yet. model=openrouter/google/gemma-4-26b-a4b-it, custom_llm_provider=openrouter. Add it here - https://github.com/BerriAI/litellm/blob/main/model_prices_and_context_window.json.. Using fallback context limit: 1000000
Parser warnings: - Extra text detected before JSON object
- Extra text detected after JSON object
Sending keys: ['python3 solution.py 2>&1\n'] min_timeout_sec: 60.0 max_timeout_sec: 180.0
Skipping image OS validation for hb__1555665de9382897e5b671202cdfec67: docker inspect returned 1
Installing: tmux, asciinema
Detected system: {'os': 'debian-based', 'package_manager': 'apt-get', 'update_command': None}
Installing tools using apt-get: DEBIAN_FRONTEND=noninteractive apt-get update && DEBIAN_FRONTEND=noninteractive apt-get install -y tmux asciinema
Trajectory dumped to /var/essdata/s_chumakov/automl-journal/runs/autods-tabred/jobs/terminus-tabred-Msmall-20260829-175356/homesite-insurance__b9bk2jE/agent/trajectory.json
Failed to retrieve model info for 'openrouter/google/gemma-4-26b-a4b-it': This model isn't mapped yet. model=openrouter/google/gemma-4-26b-a4b-it, custom_llm_provider=openrouter. Add it here - https://github.com/BerriAI/litellm/blob/main/model_prices_and_context_window.json.. Using fallback context limit: 1000000
Parser warnings: - Extra text detected before JSON object
- Extra text detected after JSON object
Sending keys: [''] min_timeout_sec: 60.0 max_timeout_sec: 180.0
Starting recording.
Sending keys: ['asciinema rec --stdin /logs/agent/recording.cast', 'Enter'] min_timeout_sec: 1.0 max_timeout_sec: 180.0
Sending keys: ['clear', 'Enter'] min_timeout_sec: 0.0 max_timeout_sec: 180.0
Failed to retrieve model info for 'openrouter/google/gemma-4-26b-a4b-it': This model isn't mapped yet. model=openrouter/google/gemma-4-26b-a4b-it, custom_llm_provider=openrouter. Add it here - https://github.com/BerriAI/litellm/blob/main/model_prices_and_context_window.json.. Using fallback context limit: 1000000
Parser warnings: - Extra text detected before JSON object
- Extra text detected after JSON object
Sending keys: ['ls -la /app/data\n'] min_timeout_sec: 0.1 max_timeout_sec: 180.0
Sending keys: ['cat /app/data/schema.json\n'] min_timeout_sec: 0.1 max_timeout_sec: 180.0
Sending keys: ['head -n 5 /app/data/train.csv\n'] min_timeout_sec: 0.1 max_timeout_sec: 180.0
Trajectory dumped to /var/essdata/s_chumakov/automl-journal/runs/autods-tabred/jobs/terminus-tabred-Msmall-20260829-175356/maps-routing__pS9LTfD/agent/trajectory.json
Failed to retrieve model info for 'openrouter/google/gemma-4-26b-a4b-it': This model isn't mapped yet. model=openrouter/google/gemma-4-26b-a4b-it, custom_llm_provider=openrouter. Add it here - https://github.com/BerriAI/litellm/blob/main/model_prices_and_context_window.json.. Using fallback context limit: 1000000
Trajectory dumped to /var/essdata/s_chumakov/automl-journal/runs/autods-tabred/jobs/terminus-tabred-Msmall-20260829-175356/homecredit-default__AY6RvUF/agent/trajectory.json
Failed to retrieve model info for 'openrouter/google/gemma-4-26b-a4b-it': This model isn't mapped yet. model=openrouter/google/gemma-4-26b-a4b-it, custom_llm_provider=openrouter. Add it here - https://github.com/BerriAI/litellm/blob/main/model_prices_and_context_window.json.. Using fallback context limit: 1000000
Parser warnings: - Extra text detected before JSON object
- Extra text detected after JSON object
Sending keys: [''] min_timeout_sec: 60.0 max_timeout_sec: 180.0
Trajectory dumped to /var/essdata/s_chumakov/automl-journal/runs/autods-tabred/jobs/terminus-tabred-Msmall-20260829-175356/ecom-offers__YFxtAmJ/agent/trajectory.json
Failed to retrieve model info for 'openrouter/google/gemma-4-26b-a4b-it': This model isn't mapped yet. model=openrouter/google/gemma-4-26b-a4b-it, custom_llm_provider=openrouter. Add it here - https://github.com/BerriAI/litellm/blob/main/model_prices_and_context_window.json.. Using fallback context limit: 1000000
Parser warnings: - Extra text detected before JSON object
- Extra text detected after JSON object
Sending keys: [''] min_timeout_sec: 10.0 max_timeout_sec: 180.0
Parser warnings: - Extra text detected before JSON object
- Extra text detected after JSON object
Sending keys: ['cat << \'EOF\' > solution.py\nimport pandas as pd\nimport numpy as np\nimport lightgbm as lgb\nfrom sklearn.metrics import mean_squared_error\nimport json\nimport os\n\ndef solve():\n    print("Loading data...")\n    train_df = pd.read_csv(\'/app/data/train.csv\')\n    val_df = pd.read_csv(\'/app/data/val.csv\')\n    test_df = pd.read_csv(\'/app/data/test.csv\')\n\n    with open(\'/app/data/schema.json\', \'r\') as f:\n        schema = json.load(f)\n\n    target_col = schema[\'target_column\']\n    \n    # Separate features and target\n    X_train = train_df.drop(columns=[target_col])\n    y_train = train_df[target_col]\n    X_val = val_df.drop(columns=[target_col])\n    y_val = val_df[target_col]\n    X_test = test_df\n\n    # Identify feature types\n    # num_, bin_, cat_ prefixes\n    num_cols = [c for c in X_train.columns if c.startswith(\'num_\')]\n    bin_cols = [c for c in X_train.columns if c.startswith(\'bin_\')]\n    cat_cols = [c for c in X_train.columns if c.startswith(\'cat_\')]\n\n    print(f"Found {len(num_cols)} num, {len(bin_cols)} bin, {len(cat_cols)} cat columns.")\n\n    # Handle missing values for numerical columns\n    # LightGBM handles NaNs natively, but we\'ll ensure they are float type\n    for col in num_cols:\n        X_train[col] = pd.to_numeric(X_train[col], errors=\'coerce\')\n        X_val[col] = pd.to_numeric(X_val[col], errors=\'coerce\')\n        X_test[col] = pd.to_numeric(X_test[col], errors=\'coerce\')\n\n    # Convert categorical columns to \'category\' dtype for LightGBM\n    for col in cat_cols + bin_cols:\n        X_train[col] = X_train[col].astype(\'category\')\n        X_val[col] = X_val[col].astype(\'category\')\n        X_test[col] = X_test[col].astype(\'category\')\n\n    print("Training LightGBM model...")\n    train_data = lgb.Dataset(X_train, label=y_train, categorical_feature=cat_cols + bin_cols)\n    val_data = lgb.Dataset(X_val, label=y_val, reference=train_data, categorical_feature=cat_cols + bin_cols)\n\n    params = {\n        \'objective\': \'regression\',\n        \'metric\': \'rmse\',\n        \'verbosity\': -1,\n        \'boosting_type\': \'gbdt\',\n        \'learning_rate\': 0.05,\n        \'num_leaves\': 31,\n        \'feature_fraction\': 0.8,\n        \'bagging_fraction\': 0.8,\n        \'bagging_freq\': 5,\n    }\n\n    model = lgb.train(\n        params,\n        train_data,\n        valid_sets=[val_data],\n        valid_names=[\'valid\'],\n        num_boost_round=1000,\n        callbacks=[lgb.early_stopping(stopping_rounds=50)]\n    )\n\n    print("Predicting...")\n    preds = model.predict(X_test)\n\n    # Save predictions\n    output_df = pd.DataFrame({\'target\': preds})\n    output_df.to_csv(\'/app/predictions.csv\', index=False)\n    print("Predictions saved to /app/predictions.csv")\n\nif __name__ == \'__main__\':\n    solve()\nEOF\n'] min_timeout_sec: 0.1 max_timeout_sec: 180.0
Sending keys: ['python3 solution.py\n'] min_timeout_sec: 60.0 max_timeout_sec: 180.0
Trajectory dumped to /var/essdata/s_chumakov/automl-journal/runs/autods-tabred/jobs/terminus-tabred-Msmall-20260829-175356/ecom-offers__YFxtAmJ/agent/trajectory.json
Failed to retrieve model info for 'openrouter/google/gemma-4-26b-a4b-it': This model isn't mapped yet. model=openrouter/google/gemma-4-26b-a4b-it, custom_llm_provider=openrouter. Add it here - https://github.com/BerriAI/litellm/blob/main/model_prices_and_context_window.json.. Using fallback context limit: 1000000
Parser warnings: - Extra text detected before JSON object
- Extra text detected after JSON object
Sending keys: [''] min_timeout_sec: 20.0 max_timeout_sec: 180.0
Sending keys: ['ls -l /app/predictions.csv && head -n 5 /app/predictions.csv\n'] min_timeout_sec: 0.1 max_timeout_sec: 180.0
Trajectory dumped to /var/essdata/s_chumakov/automl-journal/runs/autods-tabred/jobs/terminus-tabred-Msmall-20260829-175356/ecom-offers__YFxtAmJ/agent/trajectory.json
Failed to retrieve model info for 'openrouter/google/gemma-4-26b-a4b-it': This model isn't mapped yet. model=openrouter/google/gemma-4-26b-a4b-it, custom_llm_provider=openrouter. Add it here - https://github.com/BerriAI/litellm/blob/main/model_prices_and_context_window.json.. Using fallback context limit: 1000000
Parser warnings: - Extra text detected before JSON object
- Extra text detected after JSON object
Sending keys: ['python3 solution.py 2>&1\n'] min_timeout_sec: 60.0 max_timeout_sec: 180.0
Trajectory dumped to /var/essdata/s_chumakov/automl-journal/runs/autods-tabred/jobs/terminus-tabred-Msmall-20260829-175356/homesite-insurance__b9bk2jE/agent/trajectory.json
Failed to retrieve model info for 'openrouter/google/gemma-4-26b-a4b-it': This model isn't mapped yet. model=openrouter/google/gemma-4-26b-a4b-it, custom_llm_provider=openrouter. Add it here - https://github.com/BerriAI/litellm/blob/main/model_prices_and_context_window.json.. Using fallback context limit: 1000000
Parser warnings: - Extra text detected before JSON object
- Extra text detected after JSON object
Sending keys: [''] min_timeout_sec: 60.0 max_timeout_sec: 180.0
Trajectory dumped to /var/essdata/s_chumakov/automl-journal/runs/autods-tabred/jobs/terminus-tabred-Msmall-20260829-175356/homecredit-default__AY6RvUF/agent/trajectory.json
Failed to retrieve model info for 'openrouter/google/gemma-4-26b-a4b-it': This model isn't mapped yet. model=openrouter/google/gemma-4-26b-a4b-it, custom_llm_provider=openrouter. Add it here - https://github.com/BerriAI/litellm/blob/main/model_prices_and_context_window.json.. Using fallback context limit: 1000000
Parser warnings: - Extra text detected before JSON object
- Extra text detected after JSON object
Sending keys: [''] min_timeout_sec: 60.0 max_timeout_sec: 180.0
Trajectory dumped to /var/essdata/s_chumakov/automl-journal/runs/autods-tabred/jobs/terminus-tabred-Msmall-20260829-175356/maps-routing__pS9LTfD/agent/trajectory.json
Failed to retrieve model info for 'openrouter/google/gemma-4-26b-a4b-it': This model isn't mapped yet. model=openrouter/google/gemma-4-26b-a4b-it, custom_llm_provider=openrouter. Add it here - https://github.com/BerriAI/litellm/blob/main/model_prices_and_context_window.json.. Using fallback context limit: 1000000
Parser warnings: - Extra text detected before JSON object
- Extra text detected after JSON object
Sending keys: ['ls -l /app/predictions.csv\n'] min_timeout_sec: 0.1 max_timeout_sec: 180.0
Sending keys: ['head -n 5 /app/predictions.csv\n'] min_timeout_sec: 0.1 max_timeout_sec: 180.0
Sending keys: ['wc -l /app/predictions.csv\n'] min_timeout_sec: 0.1 max_timeout_sec: 180.0
Trajectory dumped to /var/essdata/s_chumakov/automl-journal/runs/autods-tabred/jobs/terminus-tabred-Msmall-20260829-175356/maps-routing__pS9LTfD/agent/trajectory.json
Failed to retrieve model info for 'openrouter/google/gemma-4-26b-a4b-it': This model isn't mapped yet. model=openrouter/google/gemma-4-26b-a4b-it, custom_llm_provider=openrouter. Add it here - https://github.com/BerriAI/litellm/blob/main/model_prices_and_context_window.json.. Using fallback context limit: 1000000
Parser warnings: - Extra text detected before JSON object
- Extra text detected after JSON object
Sending keys: ['ls -l /app/predictions.csv\n'] min_timeout_sec: 0.1 max_timeout_sec: 180.0
Sending keys: ['head -n 5 /app/predictions.csv\n'] min_timeout_sec: 0.1 max_timeout_sec: 180.0
Sending keys: ['wc -l /app/predictions.csv\n'] min_timeout_sec: 0.1 max_timeout_sec: 180.0
Trajectory dumped to /var/essdata/s_chumakov/automl-journal/runs/autods-tabred/jobs/terminus-tabred-Msmall-20260829-175356/maps-routing__pS9LTfD/agent/trajectory.json
Failed to retrieve model info for 'openrouter/google/gemma-4-26b-a4b-it': This model isn't mapped yet. model=openrouter/google/gemma-4-26b-a4b-it, custom_llm_provider=openrouter. Add it here - https://github.com/BerriAI/litellm/blob/main/model_prices_and_context_window.json.. Using fallback context limit: 1000000
Parser warnings: - Extra text detected before JSON object
- Extra text detected after JSON object
Sending keys: ['python3 solution.py\n'] min_timeout_sec: 60.0 max_timeout_sec: 180.0
Trajectory dumped to /var/essdata/s_chumakov/automl-journal/runs/autods-tabred/jobs/terminus-tabred-Msmall-20260829-175356/ecom-offers__YFxtAmJ/agent/trajectory.json
Failed to retrieve model info for 'openrouter/google/gemma-4-26b-a4b-it': This model isn't mapped yet. model=openrouter/google/gemma-4-26b-a4b-it, custom_llm_provider=openrouter. Add it here - https://github.com/BerriAI/litellm/blob/main/model_prices_and_context_window.json.. Using fallback context limit: 1000000
Parser warnings: - Extra text detected before JSON object
- Extra text detected after JSON object
Sending keys: [''] min_timeout_sec: 30.0 max_timeout_sec: 180.0
Trajectory dumped to /var/essdata/s_chumakov/automl-journal/runs/autods-tabred/jobs/terminus-tabred-Msmall-20260829-175356/homesite-insurance__b9bk2jE/agent/trajectory.json
Failed to retrieve model info for 'openrouter/google/gemma-4-26b-a4b-it': This model isn't mapped yet. model=openrouter/google/gemma-4-26b-a4b-it, custom_llm_provider=openrouter. Add it here - https://github.com/BerriAI/litellm/blob/main/model_prices_and_context_window.json.. Using fallback context limit: 1000000
Parser warnings: - Extra text detected before JSON object
- Extra text detected after JSON object
Sending keys: ['wc -l /app/predictions.csv\n'] min_timeout_sec: 0.1 max_timeout_sec: 180.0
Trajectory dumped to /var/essdata/s_chumakov/automl-journal/runs/autods-tabred/jobs/terminus-tabred-Msmall-20260829-175356/homesite-insurance__b9bk2jE/agent/trajectory.json
Failed to retrieve model info for 'openrouter/google/gemma-4-26b-a4b-it': This model isn't mapped yet. model=openrouter/google/gemma-4-26b-a4b-it, custom_llm_provider=openrouter. Add it here - https://github.com/BerriAI/litellm/blob/main/model_prices_and_context_window.json.. Using fallback context limit: 1000000
Parser warnings: - Extra text detected before JSON object
- Extra text detected after JSON object
Failed to retrieve model info for 'openrouter/google/gemma-4-26b-a4b-it': This model isn't mapped yet. model=openrouter/google/gemma-4-26b-a4b-it, custom_llm_provider=openrouter. Add it here - https://github.com/BerriAI/litellm/blob/main/model_prices_and_context_window.json.. Using fallback context limit: 1000000
Parser warnings: - Extra text detected before JSON object
- Extra text detected after JSON object
Trajectory dumped to /var/essdata/s_chumakov/automl-journal/runs/autods-tabred/jobs/terminus-tabred-Msmall-20260829-175356/homesite-insurance__b9bk2jE/agent/trajectory.json
Failed to retrieve model info for 'openrouter/google/gemma-4-26b-a4b-it': This model isn't mapped yet. model=openrouter/google/gemma-4-26b-a4b-it, custom_llm_provider=openrouter. Add it here - https://github.com/BerriAI/litellm/blob/main/model_prices_and_context_window.json.. Using fallback context limit: 1000000
Parser warnings: - Extra text detected before JSON object
- Extra text detected after JSON object
Trajectory dumped to /var/essdata/s_chumakov/automl-journal/runs/autods-tabred/jobs/terminus-tabred-Msmall-20260829-175356/homesite-insurance__b9bk2jE/agent/trajectory.json
Trajectory dumped to /var/essdata/s_chumakov/automl-journal/runs/autods-tabred/jobs/terminus-tabred-Msmall-20260829-175356/homesite-insurance__b9bk2jE/agent/trajectory.json
Collecting main service artifacts
Trajectory dumped to /var/essdata/s_chumakov/automl-journal/runs/autods-tabred/jobs/terminus-tabred-Msmall-20260829-175356/homecredit-default__AY6RvUF/agent/trajectory.json
Failed to retrieve model info for 'openrouter/google/gemma-4-26b-a4b-it': This model isn't mapped yet. model=openrouter/google/gemma-4-26b-a4b-it, custom_llm_provider=openrouter. Add it here - https://github.com/BerriAI/litellm/blob/main/model_prices_and_context_window.json.. Using fallback context limit: 1000000
Parser warnings: - Extra text detected before JSON object
- Extra text detected after JSON object
Sending keys: [''] min_timeout_sec: 60.0 max_timeout_sec: 180.0
Sending keys: ['ls -l /app/predictions.csv && head -n 5 /app/predictions.csv\n'] min_timeout_sec: 0.1 max_timeout_sec: 180.0
Trajectory dumped to /var/essdata/s_chumakov/automl-journal/runs/autods-tabred/jobs/terminus-tabred-Msmall-20260829-175356/ecom-offers__YFxtAmJ/agent/trajectory.json
Failed to retrieve model info for 'openrouter/google/gemma-4-26b-a4b-it': This model isn't mapped yet. model=openrouter/google/gemma-4-26b-a4b-it, custom_llm_provider=openrouter. Add it here - https://github.com/BerriAI/litellm/blob/main/model_prices_and_context_window.json.. Using fallback context limit: 1000000
Skipping image OS validation for hb__c1e077a1b126740b5b97886b4c84a2bb: docker inspect returned 1
Parser warnings: - Extra text detected before JSON object
- Extra text detected after JSON object
Sending keys: ['python3 solution.py 2>&1\n'] min_timeout_sec: 60.0 max_timeout_sec: 180.0
Installing: tmux, asciinema
Sending keys: ['ls -l /app/predictions.csv\n'] min_timeout_sec: 0.1 max_timeout_sec: 180.0
Sending keys: ['head -n 5 /app/predictions.csv\n'] min_timeout_sec: 0.1 max_timeout_sec: 180.0
Detected system: {'os': 'debian-based', 'package_manager': 'apt-get', 'update_command': None}
Installing tools using apt-get: DEBIAN_FRONTEND=noninteractive apt-get update && DEBIAN_FRONTEND=noninteractive apt-get install -y tmux asciinema
Sending keys: ['wc -l /app/predictions.csv\n'] min_timeout_sec: 0.1 max_timeout_sec: 180.0
Trajectory dumped to /var/essdata/s_chumakov/automl-journal/runs/autods-tabred/jobs/terminus-tabred-Msmall-20260829-175356/maps-routing__pS9LTfD/agent/trajectory.json
Failed to retrieve model info for 'openrouter/google/gemma-4-26b-a4b-it': This model isn't mapped yet. model=openrouter/google/gemma-4-26b-a4b-it, custom_llm_provider=openrouter. Add it here - https://github.com/BerriAI/litellm/blob/main/model_prices_and_context_window.json.. Using fallback context limit: 1000000
Parser warnings: - Extra text detected before JSON object
- Extra text detected after JSON object
Sending keys: ['ls\n'] min_timeout_sec: 0.1 max_timeout_sec: 180.0
Sending keys: ['python3 solution.py\n'] min_timeout_sec: 60.0 max_timeout_sec: 180.0
Starting recording.
Sending keys: ['asciinema rec --stdin /logs/agent/recording.cast', 'Enter'] min_timeout_sec: 1.0 max_timeout_sec: 180.0
Sending keys: ['clear', 'Enter'] min_timeout_sec: 0.0 max_timeout_sec: 180.0
Failed to retrieve model info for 'openrouter/google/gemma-4-26b-a4b-it': This model isn't mapped yet. model=openrouter/google/gemma-4-26b-a4b-it, custom_llm_provider=openrouter. Add it here - https://github.com/BerriAI/litellm/blob/main/model_prices_and_context_window.json.. Using fallback context limit: 1000000
Parser warnings: - Extra text detected before JSON object
- Extra text detected after JSON object
Sending keys: ['ls -la /app/data\n'] min_timeout_sec: 0.1 max_timeout_sec: 180.0
Trajectory dumped to /var/essdata/s_chumakov/automl-journal/runs/autods-tabred/jobs/terminus-tabred-Msmall-20260829-175356/sberbank-housing__rPHknDA/agent/trajectory.json
Failed to retrieve model info for 'openrouter/google/gemma-4-26b-a4b-it': This model isn't mapped yet. model=openrouter/google/gemma-4-26b-a4b-it, custom_llm_provider=openrouter. Add it here - https://github.com/BerriAI/litellm/blob/main/model_prices_and_context_window.json.. Using fallback context limit: 1000000
Parser warnings: - Extra text detected before JSON object
- Extra text detected after JSON object
Sending keys: ['pip list\n'] min_timeout_sec: 1.0 max_timeout_sec: 180.0
Trajectory dumped to /var/essdata/s_chumakov/automl-journal/runs/autods-tabred/jobs/terminus-tabred-Msmall-20260829-175356/sberbank-housing__rPHknDA/agent/trajectory.json
Failed to retrieve model info for 'openrouter/google/gemma-4-26b-a4b-it': This model isn't mapped yet. model=openrouter/google/gemma-4-26b-a4b-it, custom_llm_provider=openrouter. Add it here - https://github.com/BerriAI/litellm/blob/main/model_prices_and_context_window.json.. Using fallback context limit: 1000000
Parser warnings: - Extra text detected before JSON object
- Extra text detected after JSON object
Sending keys: ["cat << 'EOF' > train_model.py\nimport pandas as pd\nimport numpy as np\nfrom catboost import CatBoostRegressor\nfrom sklearn.metrics import mean_squared_error\nimport os\n\ndef solve():\n    data_dir = '/app/data'\n    train_path = os.path.join(data_dir, 'train.csv')\n    val_path = os.path.join(data_dir, 'val.csv')\n    test_path = os.path.join(data_dir, 'test.csv')\n\n    print('Loading data...')\n    train = pd.read_csv(train_path)\n    val = pd.read_csv(val_path)\n    test = pd.read_csv(test_path)\n\n    target_col = 'target'\n    X_train = train.drop(columns=[target_col])\n    y_train = train[target_col]\n    X_val = val.drop(columns=[target_col])\n    y_val = val[target_col]\n    X_test = test\n\n    # Identify feature types\n    num_cols = [c for c in X_train.columns if c.startswith('num_')]\n    cat_cols = [c for c in X_train.columns if c.startswith('cat_')]\n    bin_cols = [c for c in X_train.columns if c.startswith('bin_')]\n    \n    # CatBoost handles categorical columns directly if they are integer/string\n    # We must ensure they are treated as categorical.\n    # For numerical, we fill NaNs with median.\n    print('Preprocessing...')\n    for col in num_cols:\n        median_val = X_train[col].median()\n        X_train[col] = X_train[col].fillna(median_val)\n        X_val[col] = X_val[col].fillna(median_val)\n        X_test[col] = X_test[col].fillna(median_val)\n\n    # Convert categorical/binary to string or int for CatBoost\n    cat_features = cat_cols + bin_cols\n    for col in cat_features:\n        X_train[col] = X_train[col].astype(str)\n        X_val[col] = X_val[col].astype(str)\n        X_test[col] = X_test[col].astype(str)\n\n    print('Training CatBoost...')\n    model = CatBoostRegressor(\n        iterations=1000,\n        learning_rate=0.05,\n        depth=6,\n        loss_function='RMSE',\n        eval_metric='RMSE',\n        random_seed=42,\n        verbose=100\n    )\n\n    model.fit(\n        X_train, y_train,\n        eval_set=(X_val, y_val),\n        cat_features=cat_features,\n        early_stopping_rounds=50\n    )\n\n    val_preds = model.predict(X_val)\n    rmse = np.sqrt(mean_squared_error(y_val, val_preds))\n    print(f'Validation RMSE: {rmse}')\n\n    print('Predicting test set...')\n    test_preds = model.predict(X_test)\n    \n    result = pd.DataFrame({'target': test_preds})\n    result.to_csv('/app/predictions.csv', index=False)\n    print('Predictions saved to /app/predictions.csv')\n\nif __name__ == '__main__':\n    solve()\nEOF\n"] min_timeout_sec: 0.1 max_timeout_sec: 180.0
Sending keys: ['python3 train_model.py\n'] min_timeout_sec: 60.0 max_timeout_sec: 180.0
Trajectory dumped to /var/essdata/s_chumakov/automl-journal/runs/autods-tabred/jobs/terminus-tabred-Msmall-20260829-175356/homecredit-default__AY6RvUF/agent/trajectory.json
Failed to retrieve model info for 'openrouter/google/gemma-4-26b-a4b-it': This model isn't mapped yet. model=openrouter/google/gemma-4-26b-a4b-it, custom_llm_provider=openrouter. Add it here - https://github.com/BerriAI/litellm/blob/main/model_prices_and_context_window.json.. Using fallback context limit: 1000000
Parser warnings: - Extra text detected before JSON object
- Extra text detected after JSON object
Sending keys: [''] min_timeout_sec: 60.0 max_timeout_sec: 180.0
Trajectory dumped to /var/essdata/s_chumakov/automl-journal/runs/autods-tabred/jobs/terminus-tabred-Msmall-20260829-175356/ecom-offers__YFxtAmJ/agent/trajectory.json
Failed to retrieve model info for 'openrouter/google/gemma-4-26b-a4b-it': This model isn't mapped yet. model=openrouter/google/gemma-4-26b-a4b-it, custom_llm_provider=openrouter. Add it here - https://github.com/BerriAI/litellm/blob/main/model_prices_and_context_window.json.. Using fallback context limit: 1000000
Parser warnings: - Extra text detected before JSON object
- Extra text detected after JSON object
Sending keys: ['touch /app/test_file && ls -l /app/test_file && rm /app/test_file\n'] min_timeout_sec: 0.1 max_timeout_sec: 180.0
Sending keys: ['python3 -c "import pandas as pd; import lightgbm as lgb; train = pd.read_csv(\'/app/data/train.csv\'); val = pd.read_csv(\'/app/data/val.csv\'); test = pd.read_csv(\'/app/data/test.csv\'); X_train = train.drop(\'target\', axis=1); Y_train = train[\'target\']; X_val = val.drop(\'target\', axis=1); Y_val = val[\'target\']; X_test = test; dtrain = lgb.Dataset(X_train, label=Y_train); dval = lgb.Dataset(X_val, label=Y_val); params = {\'objective\': \'binary\', \'metric\': \'auc\', \'verbosity\': -1}; model = lgb.train(params, dtrain, valid_sets=[dval], num_boost_round=100); y_pred = model.predict(X_test); pd.DataFrame({\'target\': y_pred}).to_csv(\'/app/predictions.csv\', index=False); print(\'Success\')"\n'] min_timeout_sec: 60.0 max_timeout_sec: 180.0
Sending keys: ['ls -l /app/predictions.csv\n'] min_timeout_sec: 0.1 max_timeout_sec: 180.0
Sending keys: ['wc -l /app/predictions.csv\n'] min_timeout_sec: 0.1 max_timeout_sec: 180.0
Trajectory dumped to /var/essdata/s_chumakov/automl-journal/runs/autods-tabred/jobs/terminus-tabred-Msmall-20260829-175356/maps-routing__pS9LTfD/agent/trajectory.json
Failed to retrieve model info for 'openrouter/google/gemma-4-26b-a4b-it': This model isn't mapped yet. model=openrouter/google/gemma-4-26b-a4b-it, custom_llm_provider=openrouter. Add it here - https://github.com/BerriAI/litellm/blob/main/model_prices_and_context_window.json.. Using fallback context limit: 1000000
Parser warnings: - Extra text detected before JSON object
- Extra text detected after JSON object
Sending keys: ['C-c\n'] min_timeout_sec: 0.1 max_timeout_sec: 180.0
Sending keys: ['echo hello\n'] min_timeout_sec: 0.1 max_timeout_sec: 180.0
Sending keys: ['python3 solution.py\n'] min_timeout_sec: 60.0 max_timeout_sec: 180.0
Trajectory dumped to /var/essdata/s_chumakov/automl-journal/runs/autods-tabred/jobs/terminus-tabred-Msmall-20260829-175356/sberbank-housing__rPHknDA/agent/trajectory.json
Failed to retrieve model info for 'openrouter/google/gemma-4-26b-a4b-it': This model isn't mapped yet. model=openrouter/google/gemma-4-26b-a4b-it, custom_llm_provider=openrouter. Add it here - https://github.com/BerriAI/litellm/blob/main/model_prices_and_context_window.json.. Using fallback context limit: 1000000
Parser warnings: - Extra text detected before JSON object
- Extra text detected after JSON object
Sending keys: ['head -n 5 /app/predictions.csv\n'] min_timeout_sec: 0.1 max_timeout_sec: 180.0
Sending keys: ['wc -l /app/predictions.csv\n'] min_timeout_sec: 0.1 max_timeout_sec: 180.0
Trajectory dumped to /var/essdata/s_chumakov/automl-journal/runs/autods-tabred/jobs/terminus-tabred-Msmall-20260829-175356/sberbank-housing__rPHknDA/agent/trajectory.json
Failed to retrieve model info for 'openrouter/google/gemma-4-26b-a4b-it': This model isn't mapped yet. model=openrouter/google/gemma-4-26b-a4b-it, custom_llm_provider=openrouter. Add it here - https://github.com/BerriAI/litellm/blob/main/model_prices_and_context_window.json.. Using fallback context limit: 1000000
Parser warnings: - Extra text detected before JSON object
- Extra text detected after JSON object
Trajectory dumped to /var/essdata/s_chumakov/automl-journal/runs/autods-tabred/jobs/terminus-tabred-Msmall-20260829-175356/sberbank-housing__rPHknDA/agent/trajectory.json
Failed to retrieve model info for 'openrouter/google/gemma-4-26b-a4b-it': This model isn't mapped yet. model=openrouter/google/gemma-4-26b-a4b-it, custom_llm_provider=openrouter. Add it here - https://github.com/BerriAI/litellm/blob/main/model_prices_and_context_window.json.. Using fallback context limit: 1000000
Parser warnings: - Extra text detected before JSON object
- Extra text detected after JSON object
Trajectory dumped to /var/essdata/s_chumakov/automl-journal/runs/autods-tabred/jobs/terminus-tabred-Msmall-20260829-175356/sberbank-housing__rPHknDA/agent/trajectory.json
Trajectory dumped to /var/essdata/s_chumakov/automl-journal/runs/autods-tabred/jobs/terminus-tabred-Msmall-20260829-175356/sberbank-housing__rPHknDA/agent/trajectory.json
Collecting main service artifacts
Trajectory dumped to /var/essdata/s_chumakov/automl-journal/runs/autods-tabred/jobs/terminus-tabred-Msmall-20260829-175356/homecredit-default__AY6RvUF/agent/trajectory.json
Failed to retrieve model info for 'openrouter/google/gemma-4-26b-a4b-it': This model isn't mapped yet. model=openrouter/google/gemma-4-26b-a4b-it, custom_llm_provider=openrouter. Add it here - https://github.com/BerriAI/litellm/blob/main/model_prices_and_context_window.json.. Using fallback context limit: 1000000
Parser warnings: - Extra text detected before JSON object
- Extra text detected after JSON object
Sending keys: [''] min_timeout_sec: 60.0 max_timeout_sec: 180.0
Skipping image OS validation for hb__a17abc1fec03fe69f280527c03c41533: docker inspect returned 1
Installing: tmux, asciinema
Detected system: {'os': 'debian-based', 'package_manager': 'apt-get', 'update_command': None}
Installing tools using apt-get: DEBIAN_FRONTEND=noninteractive apt-get update && DEBIAN_FRONTEND=noninteractive apt-get install -y tmux asciinema
Trajectory dumped to /var/essdata/s_chumakov/automl-journal/runs/autods-tabred/jobs/terminus-tabred-Msmall-20260829-175356/ecom-offers__YFxtAmJ/agent/trajectory.json
Failed to retrieve model info for 'openrouter/google/gemma-4-26b-a4b-it': This model isn't mapped yet. model=openrouter/google/gemma-4-26b-a4b-it, custom_llm_provider=openrouter. Add it here - https://github.com/BerriAI/litellm/blob/main/model_prices_and_context_window.json.. Using fallback context limit: 1000000
Parser warnings: - Extra text detected before JSON object
- Extra text detected after JSON object
Sending keys: ['ls -l /app/predictions.csv && head -n 5 /app/predictions.csv\n'] min_timeout_sec: 0.1 max_timeout_sec: 180.0
Trajectory dumped to /var/essdata/s_chumakov/automl-journal/runs/autods-tabred/jobs/terminus-tabred-Msmall-20260829-175356/maps-routing__pS9LTfD/agent/trajectory.json
Failed to retrieve model info for 'openrouter/google/gemma-4-26b-a4b-it': This model isn't mapped yet. model=openrouter/google/gemma-4-26b-a4b-it, custom_llm_provider=openrouter. Add it here - https://github.com/BerriAI/litellm/blob/main/model_prices_and_context_window.json.. Using fallback context limit: 1000000
Trajectory dumped to /var/essdata/s_chumakov/automl-journal/runs/autods-tabred/jobs/terminus-tabred-Msmall-20260829-175356/ecom-offers__YFxtAmJ/agent/trajectory.json
Failed to retrieve model info for 'openrouter/google/gemma-4-26b-a4b-it': This model isn't mapped yet. model=openrouter/google/gemma-4-26b-a4b-it, custom_llm_provider=openrouter. Add it here - https://github.com/BerriAI/litellm/blob/main/model_prices_and_context_window.json.. Using fallback context limit: 1000000
Starting recording.
Sending keys: ['asciinema rec --stdin /logs/agent/recording.cast', 'Enter'] min_timeout_sec: 1.0 max_timeout_sec: 180.0
Sending keys: ['clear', 'Enter'] min_timeout_sec: 0.0 max_timeout_sec: 180.0
Failed to retrieve model info for 'openrouter/google/gemma-4-26b-a4b-it': This model isn't mapped yet. model=openrouter/google/gemma-4-26b-a4b-it, custom_llm_provider=openrouter. Add it here - https://github.com/BerriAI/litellm/blob/main/model_prices_and_context_window.json.. Using fallback context limit: 1000000
Parser warnings: - Extra text detected before JSON object
- Extra text detected after JSON object
Sending keys: ['pwd\n'] min_timeout_sec: 0.1 max_timeout_sec: 180.0
Parser warnings: - Extra text detected before JSON object
- Extra text detected after JSON object
Sending keys: ['wc -l /app/predictions.csv\n'] min_timeout_sec: 0.1 max_timeout_sec: 180.0
Trajectory dumped to /var/essdata/s_chumakov/automl-journal/runs/autods-tabred/jobs/terminus-tabred-Msmall-20260829-175356/maps-routing__pS9LTfD/agent/trajectory.json
Trajectory dumped to /var/essdata/s_chumakov/automl-journal/runs/autods-tabred/jobs/terminus-tabred-Msmall-20260829-175356/ecom-offers__YFxtAmJ/agent/trajectory.json
Failed to retrieve model info for 'openrouter/google/gemma-4-26b-a4b-it': This model isn't mapped yet. model=openrouter/google/gemma-4-26b-a4b-it, custom_llm_provider=openrouter. Add it here - https://github.com/BerriAI/litellm/blob/main/model_prices_and_context_window.json.. Using fallback context limit: 1000000
Failed to retrieve model info for 'openrouter/google/gemma-4-26b-a4b-it': This model isn't mapped yet. model=openrouter/google/gemma-4-26b-a4b-it, custom_llm_provider=openrouter. Add it here - https://github.com/BerriAI/litellm/blob/main/model_prices_and_context_window.json.. Using fallback context limit: 1000000
Parser warnings: - Extra text detected before JSON object
- Extra text detected after JSON object
Trajectory dumped to /var/essdata/s_chumakov/automl-journal/runs/autods-tabred/jobs/terminus-tabred-Msmall-20260829-175356/maps-routing__pS9LTfD/agent/trajectory.json
Parser warnings: - Extra text detected before JSON object
- Extra text detected after JSON object
Failed to retrieve model info for 'openrouter/google/gemma-4-26b-a4b-it': This model isn't mapped yet. model=openrouter/google/gemma-4-26b-a4b-it, custom_llm_provider=openrouter. Add it here - https://github.com/BerriAI/litellm/blob/main/model_prices_and_context_window.json.. Using fallback context limit: 1000000
Failed to retrieve model info for 'openrouter/google/gemma-4-26b-a4b-it': This model isn't mapped yet. model=openrouter/google/gemma-4-26b-a4b-it, custom_llm_provider=openrouter. Add it here - https://github.com/BerriAI/litellm/blob/main/model_prices_and_context_window.json.. Using fallback context limit: 1000000
Parser warnings: - Extra text detected before JSON object
- Extra text detected after JSON object
Sending keys: ['ls -la /app/data\n'] min_timeout_sec: 0.1 max_timeout_sec: 180.0
Sending keys: ['cat /app/data/schema.json\n'] min_timeout_sec: 0.1 max_timeout_sec: 180.0
Sending keys: ['head -n 5 /app/data/train.csv\n'] min_timeout_sec: 0.1 max_timeout_sec: 180.0
Trajectory dumped to /var/essdata/s_chumakov/automl-journal/runs/autods-tabred/jobs/terminus-tabred-Msmall-20260829-175356/homesite-insurance__wtnTg5H/agent/trajectory.json
Failed to retrieve model info for 'openrouter/google/gemma-4-26b-a4b-it': This model isn't mapped yet. model=openrouter/google/gemma-4-26b-a4b-it, custom_llm_provider=openrouter. Add it here - https://github.com/BerriAI/litellm/blob/main/model_prices_and_context_window.json.. Using fallback context limit: 1000000
Parser warnings: - Extra text detected before JSON object
- Extra text detected after JSON object
Parser warnings: - Extra text detected before JSON object
- Extra text detected after JSON object
Trajectory dumped to /var/essdata/s_chumakov/automl-journal/runs/autods-tabred/jobs/terminus-tabred-Msmall-20260829-175356/ecom-offers__YFxtAmJ/agent/trajectory.json
Trajectory dumped to /var/essdata/s_chumakov/automl-journal/runs/autods-tabred/jobs/terminus-tabred-Msmall-20260829-175356/maps-routing__pS9LTfD/agent/trajectory.json
Failed to retrieve model info for 'openrouter/google/gemma-4-26b-a4b-it': This model isn't mapped yet. model=openrouter/google/gemma-4-26b-a4b-it, custom_llm_provider=openrouter. Add it here - https://github.com/BerriAI/litellm/blob/main/model_prices_and_context_window.json.. Using fallback context limit: 1000000
Failed to retrieve model info for 'openrouter/google/gemma-4-26b-a4b-it': This model isn't mapped yet. model=openrouter/google/gemma-4-26b-a4b-it, custom_llm_provider=openrouter. Add it here - https://github.com/BerriAI/litellm/blob/main/model_prices_and_context_window.json.. Using fallback context limit: 1000000
Parser warnings: - Extra text detected before JSON object
- Extra text detected after JSON object
Parser warnings: - Extra text detected before JSON object
- Extra text detected after JSON object
Trajectory dumped to /var/essdata/s_chumakov/automl-journal/runs/autods-tabred/jobs/terminus-tabred-Msmall-20260829-175356/maps-routing__pS9LTfD/agent/trajectory.json
Failed to retrieve model info for 'openrouter/google/gemma-4-26b-a4b-it': This model isn't mapped yet. model=openrouter/google/gemma-4-26b-a4b-it, custom_llm_provider=openrouter. Add it here - https://github.com/BerriAI/litellm/blob/main/model_prices_and_context_window.json.. Using fallback context limit: 1000000
Trajectory dumped to /var/essdata/s_chumakov/automl-journal/runs/autods-tabred/jobs/terminus-tabred-Msmall-20260829-175356/ecom-offers__YFxtAmJ/agent/trajectory.json
Trajectory dumped to /var/essdata/s_chumakov/automl-journal/runs/autods-tabred/jobs/terminus-tabred-Msmall-20260829-175356/ecom-offers__YFxtAmJ/agent/trajectory.json
Collecting main service artifacts
Parser warnings: - Extra text detected before JSON object
- Extra text detected after JSON object
Trajectory dumped to /var/essdata/s_chumakov/automl-journal/runs/autods-tabred/jobs/terminus-tabred-Msmall-20260829-175356/maps-routing__pS9LTfD/agent/trajectory.json
Failed to retrieve model info for 'openrouter/google/gemma-4-26b-a4b-it': This model isn't mapped yet. model=openrouter/google/gemma-4-26b-a4b-it, custom_llm_provider=openrouter. Add it here - https://github.com/BerriAI/litellm/blob/main/model_prices_and_context_window.json.. Using fallback context limit: 1000000
Parser warnings: - Extra text detected before JSON object
- Extra text detected after JSON object
Trajectory dumped to /var/essdata/s_chumakov/automl-journal/runs/autods-tabred/jobs/terminus-tabred-Msmall-20260829-175356/maps-routing__pS9LTfD/agent/trajectory.json
Failed to retrieve model info for 'openrouter/google/gemma-4-26b-a4b-it': This model isn't mapped yet. model=openrouter/google/gemma-4-26b-a4b-it, custom_llm_provider=openrouter. Add it here - https://github.com/BerriAI/litellm/blob/main/model_prices_and_context_window.json.. Using fallback context limit: 1000000
Parser warnings: - Extra text detected before JSON object
- Extra text detected after JSON object
Trajectory dumped to /var/essdata/s_chumakov/automl-journal/runs/autods-tabred/jobs/terminus-tabred-Msmall-20260829-175356/maps-routing__pS9LTfD/agent/trajectory.json
Parser warnings: - Extra text detected before JSON object
- Extra text detected after JSON object
Sending keys: ['cat << \'EOF\' > train_and_predict.py\nimport pandas as pd\nimport numpy as np\nimport lightgbm as lgb\nfrom sklearn.metrics import roc_auc_score\n\n# Load data\ntrain = pd.read_csv(\'/app/data/train.csv\')\nval = pd.read_csv(\'/app/data/val.csv\')\ntest = pd.read_csv(\'/app/data/test.csv\')\n\n# Separate features and target\nX_train = train.drop(columns=[\'target\'])\ny_train = train[\'target\']\nX_val = val.drop(columns=[\'target\'])\ny_val = val[\'target\']\nX_test = test\n\n# Preprocessing\n# Categorical features: convert to \'category\' dtype for LightGBM\ncat_cols = [c for c in X_train.columns if c.startswith(\'cat_\')]\nfor col in cat_cols:\n    X_train[col] = X_train[col].astype(\'category\')\n    X_val[col] = X_val[col].astype(\'category\')\n    X_test[col] = X_test[col].astype(\'category\')\n\n# LightGBM handles NaNs automatically in numerical columns\n# LightGBM handles categorical columns if dtype is \'category\'\n\n# Create datasets\ndtrain = lgb.Dataset(X_train, label=y_train, categorical_feature=cat_cols)\ndval = lgb.Dataset(X_val, label=y_val, reference=dtrain, categorical_feature=cat_cols)\n\n# Hyperparameters\nparams = {\n    \'objective\': \'binary\',\n    \'metric\': \'auc\',\n    \'verbosity\': -1,\n    \'boosting_type\': \'gbdt\',\n    \'random_state\': 42,\n    \'learning_rate\': 0.05,\n    \'num_leaves\': 31,\n    \'feature_fraction\': 0.8,\n    \'bagging_fraction\': 0.8,\n    \'bagging_freq\': 5,\n}\n\n# Train\nprint("Training model...")\nmodel = lgb.train(\n    params,\n    dtrain,\n    valid_sets=[dtrain, dval],\n    valid_names=[\'train\', \'valid\'],\n    num_boost_round=1000,\n    callbacks=lgb.early_stopping(stopping_rounds=50)\n)\n\n# Validate\nprint("Evaluating on validation set...")\ny_val_pred = model.predict(X_val)\nauc_score = roc_auc_score(y_val, y_val_pred)\nprint(f"Validation AUC: {auc_score}")\n\n# Predict\nprint("Predicting on test set...")\ny_test_pred = model.predict(X_test)\n\n# Save predictions\noutput = pd.DataFrame({\'target\': y_test_pred})\noutput.to_csv(\'/app/predictions.csv\', index=False)\nprint("Predictions saved to /app/predictions.csv")\nEOF\n'] min_timeout_sec: 0.1 max_timeout_sec: 180.0
Failed to retrieve model info for 'openrouter/google/gemma-4-26b-a4b-it': This model isn't mapped yet. model=openrouter/google/gemma-4-26b-a4b-it, custom_llm_provider=openrouter. Add it here - https://github.com/BerriAI/litellm/blob/main/model_prices_and_context_window.json.. Using fallback context limit: 1000000
Sending keys: ['python3 train_and_predict.py\n'] min_timeout_sec: 10.0 max_timeout_sec: 180.0
Parser warnings: - Extra text detected before JSON object
- Extra text detected after JSON object
Trajectory dumped to /var/essdata/s_chumakov/automl-journal/runs/autods-tabred/jobs/terminus-tabred-Msmall-20260829-175356/maps-routing__pS9LTfD/agent/trajectory.json
Failed to retrieve model info for 'openrouter/google/gemma-4-26b-a4b-it': This model isn't mapped yet. model=openrouter/google/gemma-4-26b-a4b-it, custom_llm_provider=openrouter. Add it here - https://github.com/BerriAI/litellm/blob/main/model_prices_and_context_window.json.. Using fallback context limit: 1000000
Parser warnings: - Extra text detected before JSON object
- Extra text detected after JSON object
Trajectory dumped to /var/essdata/s_chumakov/automl-journal/runs/autods-tabred/jobs/terminus-tabred-Msmall-20260829-175356/maps-routing__pS9LTfD/agent/trajectory.json
Failed to retrieve model info for 'openrouter/google/gemma-4-26b-a4b-it': This model isn't mapped yet. model=openrouter/google/gemma-4-26b-a4b-it, custom_llm_provider=openrouter. Add it here - https://github.com/BerriAI/litellm/blob/main/model_prices_and_context_window.json.. Using fallback context limit: 1000000
Parser warnings: - Extra text detected before JSON object
- Extra text detected after JSON object
Trajectory dumped to /var/essdata/s_chumakov/automl-journal/runs/autods-tabred/jobs/terminus-tabred-Msmall-20260829-175356/maps-routing__pS9LTfD/agent/trajectory.json
Failed to retrieve model info for 'openrouter/google/gemma-4-26b-a4b-it': This model isn't mapped yet. model=openrouter/google/gemma-4-26b-a4b-it, custom_llm_provider=openrouter. Add it here - https://github.com/BerriAI/litellm/blob/main/model_prices_and_context_window.json.. Using fallback context limit: 1000000
Parser warnings: - Extra text detected before JSON object
- Extra text detected after JSON object
Trajectory dumped to /var/essdata/s_chumakov/automl-journal/runs/autods-tabred/jobs/terminus-tabred-Msmall-20260829-175356/maps-routing__pS9LTfD/agent/trajectory.json
Failed to retrieve model info for 'openrouter/google/gemma-4-26b-a4b-it': This model isn't mapped yet. model=openrouter/google/gemma-4-26b-a4b-it, custom_llm_provider=openrouter. Add it here - https://github.com/BerriAI/litellm/blob/main/model_prices_and_context_window.json.. Using fallback context limit: 1000000
Parser warnings: - Extra text detected before JSON object
- Extra text detected after JSON object
Trajectory dumped to /var/essdata/s_chumakov/automl-journal/runs/autods-tabred/jobs/terminus-tabred-Msmall-20260829-175356/maps-routing__pS9LTfD/agent/trajectory.json
Sending keys: ['ls -l /app/predictions.csv\n'] min_timeout_sec: 0.1 max_timeout_sec: 180.0
Failed to retrieve model info for 'openrouter/google/gemma-4-26b-a4b-it': This model isn't mapped yet. model=openrouter/google/gemma-4-26b-a4b-it, custom_llm_provider=openrouter. Add it here - https://github.com/BerriAI/litellm/blob/main/model_prices_and_context_window.json.. Using fallback context limit: 1000000
Trajectory dumped to /var/essdata/s_chumakov/automl-journal/runs/autods-tabred/jobs/terminus-tabred-Msmall-20260829-175356/homesite-insurance__wtnTg5H/agent/trajectory.json
Failed to retrieve model info for 'openrouter/google/gemma-4-26b-a4b-it': This model isn't mapped yet. model=openrouter/google/gemma-4-26b-a4b-it, custom_llm_provider=openrouter. Add it here - https://github.com/BerriAI/litellm/blob/main/model_prices_and_context_window.json.. Using fallback context limit: 1000000
Parser warnings: - Extra text detected before JSON object
- Extra text detected after JSON object
Trajectory dumped to /var/essdata/s_chumakov/automl-journal/runs/autods-tabred/jobs/terminus-tabred-Msmall-20260829-175356/maps-routing__pS9LTfD/agent/trajectory.json
Failed to retrieve model info for 'openrouter/google/gemma-4-26b-a4b-it': This model isn't mapped yet. model=openrouter/google/gemma-4-26b-a4b-it, custom_llm_provider=openrouter. Add it here - https://github.com/BerriAI/litellm/blob/main/model_prices_and_context_window.json.. Using fallback context limit: 1000000
Parser warnings: - Extra text detected before JSON object
- Extra text detected after JSON object
Trajectory dumped to /var/essdata/s_chumakov/automl-journal/runs/autods-tabred/jobs/terminus-tabred-Msmall-20260829-175356/maps-routing__pS9LTfD/agent/trajectory.json
Failed to retrieve model info for 'openrouter/google/gemma-4-26b-a4b-it': This model isn't mapped yet. model=openrouter/google/gemma-4-26b-a4b-it, custom_llm_provider=openrouter. Add it here - https://github.com/BerriAI/litellm/blob/main/model_prices_and_context_window.json.. Using fallback context limit: 1000000
Parser warnings: - Extra text detected before JSON object
- Extra text detected after JSON object
Trajectory dumped to /var/essdata/s_chumakov/automl-journal/runs/autods-tabred/jobs/terminus-tabred-Msmall-20260829-175356/maps-routing__pS9LTfD/agent/trajectory.json
Failed to retrieve model info for 'openrouter/google/gemma-4-26b-a4b-it': This model isn't mapped yet. model=openrouter/google/gemma-4-26b-a4b-it, custom_llm_provider=openrouter. Add it here - https://github.com/BerriAI/litellm/blob/main/model_prices_and_context_window.json.. Using fallback context limit: 1000000
Parser warnings: - Extra text detected before JSON object
- Extra text detected after JSON object
Trajectory dumped to /var/essdata/s_chumakov/automl-journal/runs/autods-tabred/jobs/terminus-tabred-Msmall-20260829-175356/maps-routing__pS9LTfD/agent/trajectory.json
Failed to retrieve model info for 'openrouter/google/gemma-4-26b-a4b-it': This model isn't mapped yet. model=openrouter/google/gemma-4-26b-a4b-it, custom_llm_provider=openrouter. Add it here - https://github.com/BerriAI/litellm/blob/main/model_prices_and_context_window.json.. Using fallback context limit: 1000000
Parser warnings: - Extra text detected before JSON object
- Extra text detected after JSON object
Sending keys: ['cat << \'EOF\' > train_and_predict.py\nimport pandas as pd\nimport numpy as np\nimport lightgbm as lgb\nfrom sklearn.metrics import roc_auc_score\n\n# Load data\ntrain = pd.read_csv(\'/app/data/train.csv\')\nval = pd.read_csv(\'/app/data/val.csv\')\ntest = pd.read_csv(\'/app/data/test.csv\')\n\n# Separate features and target\nX_train = train.drop(columns=[\'target\'])\ny_train = train[\'target\']\nX_val = val.drop(columns=[\'target\'])\ny_val = val[\'target\']\nX_test = test\n\n# Preprocessing\ncat_cols = [c for c in X_train.columns if c.startswith(\'cat_\')]\nfor col in cat_cols:\n    X_train[col] = X_train[col].astype(\'category\')\n    X_val[col] = X_val[col].astype(\'category\')\n    X_test[col] = X_test[col].astype(\'category\')\n\n# Create datasets\ndtrain = lgb.Dataset(X_train, label=y_train, categorical_feature=cat_cols)\ndval = lgb.Dataset(X_val, label=y_val, reference=dtrain, categorical_feature=cat_cols)\n\n# Hyperparameters\nparams = {\n    \'objective\': \'binary\',\n    \'metric\': \'auc\',\n    \'verbosity\': -1,\n    \'boosting_type\': \'gbdt\',\n    \'random_state\': 42,\n    \'learning_rate\': 0.05,\n    \'num_leaves\': 31,\n    \'feature_fraction\': 0.8,\n    \'bagging_fraction\': 0.8,\n    \'bagging_freq\': 5,\n}\n\n# Train\nprint("Training model...")\n# Using early_stopping_rounds directly instead of callbacks for compatibility\nmodel = lgb.train(\n    params,\n    dtrain,\n    valid_sets=[dtrain, dval],\n    valid_names=[\'train\', \'valid\'],\n    num_boost_round=1000,\n    early_stopping_rounds=50\n)\n\n# Validate\nprint("Evaluating on validation set...")\ny_val_pred = model.predict(X_val)\nauc_score = roc_auc_score(y_val, y_val_pred)\nprint(f"Validation AUC: {auc_score}")\n\n# Predict\nprint("Predicting on test set...")\ny_test_pred = model.predict(X_test)\n\n# Save predictions\noutput = pd.DataFrame({\'target\': y_test_pred})\noutput.to_csv(\'/app/predictions.csv\', index=False)\nprint("Predictions saved to /app/predictions.csv")\nEOF\n'] min_timeout_sec: 0.1 max_timeout_sec: 180.0
Sending keys: ['python3 train_and_predict.py\n'] min_timeout_sec: 30.0 max_timeout_sec: 180.0
Parser warnings: - Extra text detected before JSON object
- Extra text detected after JSON object
Trajectory dumped to /var/essdata/s_chumakov/automl-journal/runs/autods-tabred/jobs/terminus-tabred-Msmall-20260829-175356/maps-routing__pS9LTfD/agent/trajectory.json
Failed to retrieve model info for 'openrouter/google/gemma-4-26b-a4b-it': This model isn't mapped yet. model=openrouter/google/gemma-4-26b-a4b-it, custom_llm_provider=openrouter. Add it here - https://github.com/BerriAI/litellm/blob/main/model_prices_and_context_window.json.. Using fallback context limit: 1000000
Parser warnings: - Extra text detected before JSON object
- Extra text detected after JSON object
Trajectory dumped to /var/essdata/s_chumakov/automl-journal/runs/autods-tabred/jobs/terminus-tabred-Msmall-20260829-175356/maps-routing__pS9LTfD/agent/trajectory.json
Failed to retrieve model info for 'openrouter/google/gemma-4-26b-a4b-it': This model isn't mapped yet. model=openrouter/google/gemma-4-26b-a4b-it, custom_llm_provider=openrouter. Add it here - https://github.com/BerriAI/litellm/blob/main/model_prices_and_context_window.json.. Using fallback context limit: 1000000
Trajectory dumped to /var/essdata/s_chumakov/automl-journal/runs/autods-tabred/jobs/terminus-tabred-Msmall-20260829-175356/homecredit-default__AY6RvUF/agent/trajectory.json
Failed to retrieve model info for 'openrouter/google/gemma-4-26b-a4b-it': This model isn't mapped yet. model=openrouter/google/gemma-4-26b-a4b-it, custom_llm_provider=openrouter. Add it here - https://github.com/BerriAI/litellm/blob/main/model_prices_and_context_window.json.. Using fallback context limit: 1000000
Parser warnings: - Extra text detected before JSON object
- Extra text detected after JSON object
Trajectory dumped to /var/essdata/s_chumakov/automl-journal/runs/autods-tabred/jobs/terminus-tabred-Msmall-20260829-175356/maps-routing__pS9LTfD/agent/trajectory.json
Failed to retrieve model info for 'openrouter/google/gemma-4-26b-a4b-it': This model isn't mapped yet. model=openrouter/google/gemma-4-26b-a4b-it, custom_llm_provider=openrouter. Add it here - https://github.com/BerriAI/litellm/blob/main/model_prices_and_context_window.json.. Using fallback context limit: 1000000
Parser warnings: - Extra text detected before JSON object
- Extra text detected after JSON object
Trajectory dumped to /var/essdata/s_chumakov/automl-journal/runs/autods-tabred/jobs/terminus-tabred-Msmall-20260829-175356/maps-routing__pS9LTfD/agent/trajectory.json
Parser warnings: - Extra text detected before JSON object
- Extra text detected after JSON object
Sending keys: ['head -n 5 /app/predictions.csv\n'] min_timeout_sec: 0.1 max_timeout_sec: 180.0
Failed to retrieve model info for 'openrouter/google/gemma-4-26b-a4b-it': This model isn't mapped yet. model=openrouter/google/gemma-4-26b-a4b-it, custom_llm_provider=openrouter. Add it here - https://github.com/BerriAI/litellm/blob/main/model_prices_and_context_window.json.. Using fallback context limit: 1000000
Sending keys: ['wc -l /app/predictions.csv\n'] min_timeout_sec: 0.1 max_timeout_sec: 180.0
Trajectory dumped to /var/essdata/s_chumakov/automl-journal/runs/autods-tabred/jobs/terminus-tabred-Msmall-20260829-175356/homecredit-default__AY6RvUF/agent/trajectory.json
Failed to retrieve model info for 'openrouter/google/gemma-4-26b-a4b-it': This model isn't mapped yet. model=openrouter/google/gemma-4-26b-a4b-it, custom_llm_provider=openrouter. Add it here - https://github.com/BerriAI/litellm/blob/main/model_prices_and_context_window.json.. Using fallback context limit: 1000000
Parser warnings: - Extra text detected before JSON object
- Extra text detected after JSON object
Trajectory dumped to /var/essdata/s_chumakov/automl-journal/runs/autods-tabred/jobs/terminus-tabred-Msmall-20260829-175356/maps-routing__pS9LTfD/agent/trajectory.json
Failed to retrieve model info for 'openrouter/google/gemma-4-26b-a4b-it': This model isn't mapped yet. model=openrouter/google/gemma-4-26b-a4b-it, custom_llm_provider=openrouter. Add it here - https://github.com/BerriAI/litellm/blob/main/model_prices_and_context_window.json.. Using fallback context limit: 1000000
Parser warnings: - Extra text detected before JSON object
- Extra text detected after JSON object
Sending keys: ['head -n 5 /app/predictions.csv && wc -l /app/predictions.csv\n'] min_timeout_sec: 0.1 max_timeout_sec: 180.0
Parser warnings: - Extra text detected before JSON object
- Extra text detected after JSON object
Trajectory dumped to /var/essdata/s_chumakov/automl-journal/runs/autods-tabred/jobs/terminus-tabred-Msmall-20260829-175356/maps-routing__pS9LTfD/agent/trajectory.json
Trajectory dumped to /var/essdata/s_chumakov/automl-journal/runs/autods-tabred/jobs/terminus-tabred-Msmall-20260829-175356/homecredit-default__AY6RvUF/agent/trajectory.json
Failed to retrieve model info for 'openrouter/google/gemma-4-26b-a4b-it': This model isn't mapped yet. model=openrouter/google/gemma-4-26b-a4b-it, custom_llm_provider=openrouter. Add it here - https://github.com/BerriAI/litellm/blob/main/model_prices_and_context_window.json.. Using fallback context limit: 1000000
Failed to retrieve model info for 'openrouter/google/gemma-4-26b-a4b-it': This model isn't mapped yet. model=openrouter/google/gemma-4-26b-a4b-it, custom_llm_provider=openrouter. Add it here - https://github.com/BerriAI/litellm/blob/main/model_prices_and_context_window.json.. Using fallback context limit: 1000000
Parser warnings: - Extra text detected before JSON object
- Extra text detected after JSON object
Trajectory dumped to /var/essdata/s_chumakov/automl-journal/runs/autods-tabred/jobs/terminus-tabred-Msmall-20260829-175356/maps-routing__pS9LTfD/agent/trajectory.json
Failed to retrieve model info for 'openrouter/google/gemma-4-26b-a4b-it': This model isn't mapped yet. model=openrouter/google/gemma-4-26b-a4b-it, custom_llm_provider=openrouter. Add it here - https://github.com/BerriAI/litellm/blob/main/model_prices_and_context_window.json.. Using fallback context limit: 1000000
Parser warnings: - Extra text detected before JSON object
- Extra text detected after JSON object
Sending keys: ['C-c\n'] min_timeout_sec: 0.1 max_timeout_sec: 180.0
Sending keys: ['head -n 5 /app/predictions.csv && wc -l /app/predictions.csv\n'] min_timeout_sec: 0.1 max_timeout_sec: 180.0
Trajectory dumped to /var/essdata/s_chumakov/automl-journal/runs/autods-tabred/jobs/terminus-tabred-Msmall-20260829-175356/homecredit-default__AY6RvUF/agent/trajectory.json
Failed to retrieve model info for 'openrouter/google/gemma-4-26b-a4b-it': This model isn't mapped yet. model=openrouter/google/gemma-4-26b-a4b-it, custom_llm_provider=openrouter. Add it here - https://github.com/BerriAI/litellm/blob/main/model_prices_and_context_window.json.. Using fallback context limit: 1000000
Parser warnings: - Extra text detected before JSON object
- Extra text detected after JSON object
Trajectory dumped to /var/essdata/s_chumakov/automl-journal/runs/autods-tabred/jobs/terminus-tabred-Msmall-20260829-175356/maps-routing__pS9LTfD/agent/trajectory.json
Failed to retrieve model info for 'openrouter/google/gemma-4-26b-a4b-it': This model isn't mapped yet. model=openrouter/google/gemma-4-26b-a4b-it, custom_llm_provider=openrouter. Add it here - https://github.com/BerriAI/litellm/blob/main/model_prices_and_context_window.json.. Using fallback context limit: 1000000
Parser warnings: - Extra text detected before JSON object
- Extra text detected after JSON object
Sending keys: ['head -n 5 /app/predictions.csv && wc -l /app/predictions.csv\n'] min_timeout_sec: 0.1 max_timeout_sec: 180.0
Trajectory dumped to /var/essdata/s_chumakov/automl-journal/runs/autods-tabred/jobs/terminus-tabred-Msmall-20260829-175356/homecredit-default__AY6RvUF/agent/trajectory.json
Failed to retrieve model info for 'openrouter/google/gemma-4-26b-a4b-it': This model isn't mapped yet. model=openrouter/google/gemma-4-26b-a4b-it, custom_llm_provider=openrouter. Add it here - https://github.com/BerriAI/litellm/blob/main/model_prices_and_context_window.json.. Using fallback context limit: 1000000
Parser warnings: - Extra text detected before JSON object
- Extra text detected after JSON object
Trajectory dumped to /var/essdata/s_chumakov/automl-journal/runs/autods-tabred/jobs/terminus-tabred-Msmall-20260829-175356/maps-routing__pS9LTfD/agent/trajectory.json
Failed to retrieve model info for 'openrouter/google/gemma-4-26b-a4b-it': This model isn't mapped yet. model=openrouter/google/gemma-4-26b-a4b-it, custom_llm_provider=openrouter. Add it here - https://github.com/BerriAI/litellm/blob/main/model_prices_and_context_window.json.. Using fallback context limit: 1000000
Parser warnings: - Extra text detected before JSON object
- Extra text detected after JSON object
Trajectory dumped to /var/essdata/s_chumakov/automl-journal/runs/autods-tabred/jobs/terminus-tabred-Msmall-20260829-175356/maps-routing__pS9LTfD/agent/trajectory.json
Failed to retrieve model info for 'openrouter/google/gemma-4-26b-a4b-it': This model isn't mapped yet. model=openrouter/google/gemma-4-26b-a4b-it, custom_llm_provider=openrouter. Add it here - https://github.com/BerriAI/litellm/blob/main/model_prices_and_context_window.json.. Using fallback context limit: 1000000
Parser warnings: - Extra text detected before JSON object
- Extra text detected after JSON object
Sending keys: [''] min_timeout_sec: 60.0 max_timeout_sec: 180.0
Parser warnings: - Extra text detected before JSON object
- Extra text detected after JSON object
Trajectory dumped to /var/essdata/s_chumakov/automl-journal/runs/autods-tabred/jobs/terminus-tabred-Msmall-20260829-175356/maps-routing__pS9LTfD/agent/trajectory.json
Failed to retrieve model info for 'openrouter/google/gemma-4-26b-a4b-it': This model isn't mapped yet. model=openrouter/google/gemma-4-26b-a4b-it, custom_llm_provider=openrouter. Add it here - https://github.com/BerriAI/litellm/blob/main/model_prices_and_context_window.json.. Using fallback context limit: 1000000
Parser warnings: - Extra text detected before JSON object
- Extra text detected after JSON object
Trajectory dumped to /var/essdata/s_chumakov/automl-journal/runs/autods-tabred/jobs/terminus-tabred-Msmall-20260829-175356/maps-routing__pS9LTfD/agent/trajectory.json
Failed to retrieve model info for 'openrouter/google/gemma-4-26b-a4b-it': This model isn't mapped yet. model=openrouter/google/gemma-4-26b-a4b-it, custom_llm_provider=openrouter. Add it here - https://github.com/BerriAI/litellm/blob/main/model_prices_and_context_window.json.. Using fallback context limit: 1000000
Parser warnings: - Extra text detected before JSON object
- Extra text detected after JSON object
Trajectory dumped to /var/essdata/s_chumakov/automl-journal/runs/autods-tabred/jobs/terminus-tabred-Msmall-20260829-175356/maps-routing__pS9LTfD/agent/trajectory.json
Failed to retrieve model info for 'openrouter/google/gemma-4-26b-a4b-it': This model isn't mapped yet. model=openrouter/google/gemma-4-26b-a4b-it, custom_llm_provider=openrouter. Add it here - https://github.com/BerriAI/litellm/blob/main/model_prices_and_context_window.json.. Using fallback context limit: 1000000
Sending keys: ['ls -l /app/predictions.csv\n'] min_timeout_sec: 0.1 max_timeout_sec: 180.0
Trajectory dumped to /var/essdata/s_chumakov/automl-journal/runs/autods-tabred/jobs/terminus-tabred-Msmall-20260829-175356/homesite-insurance__wtnTg5H/agent/trajectory.json
Failed to retrieve model info for 'openrouter/google/gemma-4-26b-a4b-it': This model isn't mapped yet. model=openrouter/google/gemma-4-26b-a4b-it, custom_llm_provider=openrouter. Add it here - https://github.com/BerriAI/litellm/blob/main/model_prices_and_context_window.json.. Using fallback context limit: 1000000
Parser warnings: - Extra text detected before JSON object
- Extra text detected after JSON object
Trajectory dumped to /var/essdata/s_chumakov/automl-journal/runs/autods-tabred/jobs/terminus-tabred-Msmall-20260829-175356/maps-routing__pS9LTfD/agent/trajectory.json
Failed to retrieve model info for 'openrouter/google/gemma-4-26b-a4b-it': This model isn't mapped yet. model=openrouter/google/gemma-4-26b-a4b-it, custom_llm_provider=openrouter. Add it here - https://github.com/BerriAI/litellm/blob/main/model_prices_and_context_window.json.. Using fallback context limit: 1000000
Parser warnings: - Extra text detected before JSON object
- Extra text detected after JSON object
Trajectory dumped to /var/essdata/s_chumakov/automl-journal/runs/autods-tabred/jobs/terminus-tabred-Msmall-20260829-175356/maps-routing__pS9LTfD/agent/trajectory.json
Failed to retrieve model info for 'openrouter/google/gemma-4-26b-a4b-it': This model isn't mapped yet. model=openrouter/google/gemma-4-26b-a4b-it, custom_llm_provider=openrouter. Add it here - https://github.com/BerriAI/litellm/blob/main/model_prices_and_context_window.json.. Using fallback context limit: 1000000
Parser warnings: - Extra text detected before JSON object
- Extra text detected after JSON object
Trajectory dumped to /var/essdata/s_chumakov/automl-journal/runs/autods-tabred/jobs/terminus-tabred-Msmall-20260829-175356/maps-routing__pS9LTfD/agent/trajectory.json
Failed to retrieve model info for 'openrouter/google/gemma-4-26b-a4b-it': This model isn't mapped yet. model=openrouter/google/gemma-4-26b-a4b-it, custom_llm_provider=openrouter. Add it here - https://github.com/BerriAI/litellm/blob/main/model_prices_and_context_window.json.. Using fallback context limit: 1000000
Parser warnings: - Extra text detected before JSON object
- Extra text detected after JSON object
Trajectory dumped to /var/essdata/s_chumakov/automl-journal/runs/autods-tabred/jobs/terminus-tabred-Msmall-20260829-175356/maps-routing__pS9LTfD/agent/trajectory.json
Failed to retrieve model info for 'openrouter/google/gemma-4-26b-a4b-it': This model isn't mapped yet. model=openrouter/google/gemma-4-26b-a4b-it, custom_llm_provider=openrouter. Add it here - https://github.com/BerriAI/litellm/blob/main/model_prices_and_context_window.json.. Using fallback context limit: 1000000
Parser warnings: - Extra text detected before JSON object
- Extra text detected after JSON object
Trajectory dumped to /var/essdata/s_chumakov/automl-journal/runs/autods-tabred/jobs/terminus-tabred-Msmall-20260829-175356/maps-routing__pS9LTfD/agent/trajectory.json
Parser warnings: - Extra text detected before JSON object
- Extra text detected after JSON object
Sending keys: ['cat << \'EOF\' > train_and_predict.py\nimport pandas as pd\nimport numpy as np\nimport lightgbm as lgb\nfrom sklearn.metrics import roc_auc_score\n\n# Load data\ntrain = pd.read_csv(\'/app/data/train.csv\')\nval = pd.read_csv(\'/app/data/val.csv\')\ntest = pd.read_csv(\'/app/data/test.csv\')\n\n# Separate features and target\nX_train = train.drop(columns=[\'target\'])\ny_train = train[\'target\']\nX_val = val.drop(columns=[\'target\'])\ny_val = val[\'target\']\nX_test = test\n\n# Preprocessing\ncat_cols = [c for c in X_train.columns if c.startswith(\'cat_\')]\nfor col in cat_cols:\n    X_train[col] = X_train[col].astype(\'category\')\n    X_val[col] = X_val[col].astype(\'category\')\n    X_test[col] = X_test[col].astype(\'category\')\n\n# Create datasets\ndtrain = lgb.Dataset(X_train, label=y_train, categorical_feature=cat_cols)\ndval = lgb.Dataset(X_val, label=y_val, reference=dtrain, categorical_feature=cat_cols)\n\n# Hyperparameters\nparams = {\n    \'objective\': \'binary\',\n    \'metric\': \'auc\',\n    \'verbosity\': -1,\n    \'boosting_type\': \'gbdt\',\n    \'random_state\': 42,\n    \'learning_rate\': 0.1,\n    \'num_leaves\': 31\n}\n\n# Train\nprint("Training model...")\nmodel = lgb.train(\n    params,\n    dtrain,\n    valid_sets=[dval],\n    num_boost_round=100\n)\n\n# Validate\nprint("Evaluating on validation set...")\ny_val_pred = model.predict(X_val)\nauc_score = roc_auc_score(y_val, y_val_pred)\nprint(f"Validation AUC: {auc_score}")\n\n# Predict\nprint("Predicting on test set...")\ny_test_pred = model.predict(X_test)\n\n# Save predictions\noutput = pd.DataFrame({\'target\': y_test_pred})\noutput.to_csv(\'/app/predictions.csv\', index=False)\nprint("Predictions saved to /app/predictions.csv")\nEOF\n'] min_timeout_sec: 0.1 max_timeout_sec: 180.0
Sending keys: ['python3 train_and_predict.py\n'] min_timeout_sec: 30.0 max_timeout_sec: 180.0
Failed to retrieve model info for 'openrouter/google/gemma-4-26b-a4b-it': This model isn't mapped yet. model=openrouter/google/gemma-4-26b-a4b-it, custom_llm_provider=openrouter. Add it here - https://github.com/BerriAI/litellm/blob/main/model_prices_and_context_window.json.. Using fallback context limit: 1000000
Parser warnings: - Extra text detected before JSON object
- Extra text detected after JSON object
Trajectory dumped to /var/essdata/s_chumakov/automl-journal/runs/autods-tabred/jobs/terminus-tabred-Msmall-20260829-175356/maps-routing__pS9LTfD/agent/trajectory.json
Failed to retrieve model info for 'openrouter/google/gemma-4-26b-a4b-it': This model isn't mapped yet. model=openrouter/google/gemma-4-26b-a4b-it, custom_llm_provider=openrouter. Add it here - https://github.com/BerriAI/litellm/blob/main/model_prices_and_context_window.json.. Using fallback context limit: 1000000
Parser warnings: - Extra text detected before JSON object
- Extra text detected after JSON object
Trajectory dumped to /var/essdata/s_chumakov/automl-journal/runs/autods-tabred/jobs/terminus-tabred-Msmall-20260829-175356/maps-routing__pS9LTfD/agent/trajectory.json
Failed to retrieve model info for 'openrouter/google/gemma-4-26b-a4b-it': This model isn't mapped yet. model=openrouter/google/gemma-4-26b-a4b-it, custom_llm_provider=openrouter. Add it here - https://github.com/BerriAI/litellm/blob/main/model_prices_and_context_window.json.. Using fallback context limit: 1000000
Parser warnings: - Extra text detected before JSON object
- Extra text detected after JSON object
Trajectory dumped to /var/essdata/s_chumakov/automl-journal/runs/autods-tabred/jobs/terminus-tabred-Msmall-20260829-175356/maps-routing__pS9LTfD/agent/trajectory.json
Failed to retrieve model info for 'openrouter/google/gemma-4-26b-a4b-it': This model isn't mapped yet. model=openrouter/google/gemma-4-26b-a4b-it, custom_llm_provider=openrouter. Add it here - https://github.com/BerriAI/litellm/blob/main/model_prices_and_context_window.json.. Using fallback context limit: 1000000
Parser warnings: - Extra text detected before JSON object
- Extra text detected after JSON object
Trajectory dumped to /var/essdata/s_chumakov/automl-journal/runs/autods-tabred/jobs/terminus-tabred-Msmall-20260829-175356/maps-routing__pS9LTfD/agent/trajectory.json
Failed to retrieve model info for 'openrouter/google/gemma-4-26b-a4b-it': This model isn't mapped yet. model=openrouter/google/gemma-4-26b-a4b-it, custom_llm_provider=openrouter. Add it here - https://github.com/BerriAI/litellm/blob/main/model_prices_and_context_window.json.. Using fallback context limit: 1000000
Parser warnings: - Extra text detected before JSON object
- Extra text detected after JSON object
Trajectory dumped to /var/essdata/s_chumakov/automl-journal/runs/autods-tabred/jobs/terminus-tabred-Msmall-20260829-175356/maps-routing__pS9LTfD/agent/trajectory.json
Failed to retrieve model info for 'openrouter/google/gemma-4-26b-a4b-it': This model isn't mapped yet. model=openrouter/google/gemma-4-26b-a4b-it, custom_llm_provider=openrouter. Add it here - https://github.com/BerriAI/litellm/blob/main/model_prices_and_context_window.json.. Using fallback context limit: 1000000
Parser warnings: - Extra text detected before JSON object
- Extra text detected after JSON object
Trajectory dumped to /var/essdata/s_chumakov/automl-journal/runs/autods-tabred/jobs/terminus-tabred-Msmall-20260829-175356/maps-routing__pS9LTfD/agent/trajectory.json
Failed to retrieve model info for 'openrouter/google/gemma-4-26b-a4b-it': This model isn't mapped yet. model=openrouter/google/gemma-4-26b-a4b-it, custom_llm_provider=openrouter. Add it here - https://github.com/BerriAI/litellm/blob/main/model_prices_and_context_window.json.. Using fallback context limit: 1000000
Parser warnings: - Extra text detected before JSON object
- Extra text detected after JSON object
Trajectory dumped to /var/essdata/s_chumakov/automl-journal/runs/autods-tabred/jobs/terminus-tabred-Msmall-20260829-175356/maps-routing__pS9LTfD/agent/trajectory.json
Failed to retrieve model info for 'openrouter/google/gemma-4-26b-a4b-it': This model isn't mapped yet. model=openrouter/google/gemma-4-26b-a4b-it, custom_llm_provider=openrouter. Add it here - https://github.com/BerriAI/litellm/blob/main/model_prices_and_context_window.json.. Using fallback context limit: 1000000
Parser warnings: - Extra text detected before JSON object
- Extra text detected after JSON object
Trajectory dumped to /var/essdata/s_chumakov/automl-journal/runs/autods-tabred/jobs/terminus-tabred-Msmall-20260829-175356/maps-routing__pS9LTfD/agent/trajectory.json
Failed to retrieve model info for 'openrouter/google/gemma-4-26b-a4b-it': This model isn't mapped yet. model=openrouter/google/gemma-4-26b-a4b-it, custom_llm_provider=openrouter. Add it here - https://github.com/BerriAI/litellm/blob/main/model_prices_and_context_window.json.. Using fallback context limit: 1000000
Parser warnings: - Extra text detected before JSON object
- Extra text detected after JSON object
Trajectory dumped to /var/essdata/s_chumakov/automl-journal/runs/autods-tabred/jobs/terminus-tabred-Msmall-20260829-175356/maps-routing__pS9LTfD/agent/trajectory.json
Failed to retrieve model info for 'openrouter/google/gemma-4-26b-a4b-it': This model isn't mapped yet. model=openrouter/google/gemma-4-26b-a4b-it, custom_llm_provider=openrouter. Add it here - https://github.com/BerriAI/litellm/blob/main/model_prices_and_context_window.json.. Using fallback context limit: 1000000
Parser warnings: - Extra text detected before JSON object
- Extra text detected after JSON object
Trajectory dumped to /var/essdata/s_chumakov/automl-journal/runs/autods-tabred/jobs/terminus-tabred-Msmall-20260829-175356/maps-routing__pS9LTfD/agent/trajectory.json
Failed to retrieve model info for 'openrouter/google/gemma-4-26b-a4b-it': This model isn't mapped yet. model=openrouter/google/gemma-4-26b-a4b-it, custom_llm_provider=openrouter. Add it here - https://github.com/BerriAI/litellm/blob/main/model_prices_and_context_window.json.. Using fallback context limit: 1000000
Parser warnings: - Extra text detected before JSON object
- Extra text detected after JSON object
Trajectory dumped to /var/essdata/s_chumakov/automl-journal/runs/autods-tabred/jobs/terminus-tabred-Msmall-20260829-175356/maps-routing__pS9LTfD/agent/trajectory.json
Failed to retrieve model info for 'openrouter/google/gemma-4-26b-a4b-it': This model isn't mapped yet. model=openrouter/google/gemma-4-26b-a4b-it, custom_llm_provider=openrouter. Add it here - https://github.com/BerriAI/litellm/blob/main/model_prices_and_context_window.json.. Using fallback context limit: 1000000
Parser warnings: - Extra text detected before JSON object
- Extra text detected after JSON object
Trajectory dumped to /var/essdata/s_chumakov/automl-journal/runs/autods-tabred/jobs/terminus-tabred-Msmall-20260829-175356/maps-routing__pS9LTfD/agent/trajectory.json
Failed to retrieve model info for 'openrouter/google/gemma-4-26b-a4b-it': This model isn't mapped yet. model=openrouter/google/gemma-4-26b-a4b-it, custom_llm_provider=openrouter. Add it here - https://github.com/BerriAI/litellm/blob/main/model_prices_and_context_window.json.. Using fallback context limit: 1000000
Sending keys: ['ls -l /app/predictions.csv\n'] min_timeout_sec: 0.1 max_timeout_sec: 180.0
Trajectory dumped to /var/essdata/s_chumakov/automl-journal/runs/autods-tabred/jobs/terminus-tabred-Msmall-20260829-175356/homesite-insurance__wtnTg5H/agent/trajectory.json
Failed to retrieve model info for 'openrouter/google/gemma-4-26b-a4b-it': This model isn't mapped yet. model=openrouter/google/gemma-4-26b-a4b-it, custom_llm_provider=openrouter. Add it here - https://github.com/BerriAI/litellm/blob/main/model_prices_and_context_window.json.. Using fallback context limit: 1000000
Parser warnings: - Extra text detected before JSON object
- Extra text detected after JSON object
Trajectory dumped to /var/essdata/s_chumakov/automl-journal/runs/autods-tabred/jobs/terminus-tabred-Msmall-20260829-175356/maps-routing__pS9LTfD/agent/trajectory.json
Failed to retrieve model info for 'openrouter/google/gemma-4-26b-a4b-it': This model isn't mapped yet. model=openrouter/google/gemma-4-26b-a4b-it, custom_llm_provider=openrouter. Add it here - https://github.com/BerriAI/litellm/blob/main/model_prices_and_context_window.json.. Using fallback context limit: 1000000
Parser warnings: - Extra text detected before JSON object
- Extra text detected after JSON object
Trajectory dumped to /var/essdata/s_chumakov/automl-journal/runs/autods-tabred/jobs/terminus-tabred-Msmall-20260829-175356/maps-routing__pS9LTfD/agent/trajectory.json
Failed to retrieve model info for 'openrouter/google/gemma-4-26b-a4b-it': This model isn't mapped yet. model=openrouter/google/gemma-4-26b-a4b-it, custom_llm_provider=openrouter. Add it here - https://github.com/BerriAI/litellm/blob/main/model_prices_and_context_window.json.. Using fallback context limit: 1000000
Parser warnings: - Extra text detected before JSON object
- Extra text detected after JSON object
Sending keys: [''] min_timeout_sec: 30.0 max_timeout_sec: 180.0
Parser warnings: - Extra text detected before JSON object
- Extra text detected after JSON object
Trajectory dumped to /var/essdata/s_chumakov/automl-journal/runs/autods-tabred/jobs/terminus-tabred-Msmall-20260829-175356/maps-routing__pS9LTfD/agent/trajectory.json
Failed to retrieve model info for 'openrouter/google/gemma-4-26b-a4b-it': This model isn't mapped yet. model=openrouter/google/gemma-4-26b-a4b-it, custom_llm_provider=openrouter. Add it here - https://github.com/BerriAI/litellm/blob/main/model_prices_and_context_window.json.. Using fallback context limit: 1000000
Sending keys: ['head -n 5 /app/predictions.csv && wc -l /app/predictions.csv\n'] min_timeout_sec: 0.1 max_timeout_sec: 180.0
Trajectory dumped to /var/essdata/s_chumakov/automl-journal/runs/autods-tabred/jobs/terminus-tabred-Msmall-20260829-175356/homecredit-default__AY6RvUF/agent/trajectory.json
Failed to retrieve model info for 'openrouter/google/gemma-4-26b-a4b-it': This model isn't mapped yet. model=openrouter/google/gemma-4-26b-a4b-it, custom_llm_provider=openrouter. Add it here - https://github.com/BerriAI/litellm/blob/main/model_prices_and_context_window.json.. Using fallback context limit: 1000000
Parser warnings: - Extra text detected before JSON object
- Extra text detected after JSON object
Trajectory dumped to /var/essdata/s_chumakov/automl-journal/runs/autods-tabred/jobs/terminus-tabred-Msmall-20260829-175356/maps-routing__pS9LTfD/agent/trajectory.json
Failed to retrieve model info for 'openrouter/google/gemma-4-26b-a4b-it': This model isn't mapped yet. model=openrouter/google/gemma-4-26b-a4b-it, custom_llm_provider=openrouter. Add it here - https://github.com/BerriAI/litellm/blob/main/model_prices_and_context_window.json.. Using fallback context limit: 1000000
Parser warnings: - Extra text detected before JSON object
- Extra text detected after JSON object
Trajectory dumped to /var/essdata/s_chumakov/automl-journal/runs/autods-tabred/jobs/terminus-tabred-Msmall-20260829-175356/maps-routing__pS9LTfD/agent/trajectory.json
Failed to retrieve model info for 'openrouter/google/gemma-4-26b-a4b-it': This model isn't mapped yet. model=openrouter/google/gemma-4-26b-a4b-it, custom_llm_provider=openrouter. Add it here - https://github.com/BerriAI/litellm/blob/main/model_prices_and_context_window.json.. Using fallback context limit: 1000000
Parser warnings: - Extra text detected before JSON object
- Extra text detected after JSON object
Sending keys: [''] min_timeout_sec: 60.0 max_timeout_sec: 180.0
Parser warnings: - Extra text detected before JSON object
- Extra text detected after JSON object
Trajectory dumped to /var/essdata/s_chumakov/automl-journal/runs/autods-tabred/jobs/terminus-tabred-Msmall-20260829-175356/maps-routing__pS9LTfD/agent/trajectory.json
Failed to retrieve model info for 'openrouter/google/gemma-4-26b-a4b-it': This model isn't mapped yet. model=openrouter/google/gemma-4-26b-a4b-it, custom_llm_provider=openrouter. Add it here - https://github.com/BerriAI/litellm/blob/main/model_prices_and_context_window.json.. Using fallback context limit: 1000000
Parser warnings: - Extra text detected before JSON object
- Extra text detected after JSON object
Trajectory dumped to /var/essdata/s_chumakov/automl-journal/runs/autods-tabred/jobs/terminus-tabred-Msmall-20260829-175356/maps-routing__pS9LTfD/agent/trajectory.json
Failed to retrieve model info for 'openrouter/google/gemma-4-26b-a4b-it': This model isn't mapped yet. model=openrouter/google/gemma-4-26b-a4b-it, custom_llm_provider=openrouter. Add it here - https://github.com/BerriAI/litellm/blob/main/model_prices_and_context_window.json.. Using fallback context limit: 1000000
Parser warnings: - Extra text detected before JSON object
- Extra text detected after JSON object
Trajectory dumped to /var/essdata/s_chumakov/automl-journal/runs/autods-tabred/jobs/terminus-tabred-Msmall-20260829-175356/maps-routing__pS9LTfD/agent/trajectory.json
Failed to retrieve model info for 'openrouter/google/gemma-4-26b-a4b-it': This model isn't mapped yet. model=openrouter/google/gemma-4-26b-a4b-it, custom_llm_provider=openrouter. Add it here - https://github.com/BerriAI/litellm/blob/main/model_prices_and_context_window.json.. Using fallback context limit: 1000000
Parser warnings: - Extra text detected before JSON object
- Extra text detected after JSON object
Trajectory dumped to /var/essdata/s_chumakov/automl-journal/runs/autods-tabred/jobs/terminus-tabred-Msmall-20260829-175356/maps-routing__pS9LTfD/agent/trajectory.json
Failed to retrieve model info for 'openrouter/google/gemma-4-26b-a4b-it': This model isn't mapped yet. model=openrouter/google/gemma-4-26b-a4b-it, custom_llm_provider=openrouter. Add it here - https://github.com/BerriAI/litellm/blob/main/model_prices_and_context_window.json.. Using fallback context limit: 1000000
Parser warnings: - Extra text detected before JSON object
- Extra text detected after JSON object
Trajectory dumped to /var/essdata/s_chumakov/automl-journal/runs/autods-tabred/jobs/terminus-tabred-Msmall-20260829-175356/maps-routing__pS9LTfD/agent/trajectory.json
Failed to retrieve model info for 'openrouter/google/gemma-4-26b-a4b-it': This model isn't mapped yet. model=openrouter/google/gemma-4-26b-a4b-it, custom_llm_provider=openrouter. Add it here - https://github.com/BerriAI/litellm/blob/main/model_prices_and_context_window.json.. Using fallback context limit: 1000000
Parser warnings: - Extra text detected before JSON object
- Extra text detected after JSON object
Trajectory dumped to /var/essdata/s_chumakov/automl-journal/runs/autods-tabred/jobs/terminus-tabred-Msmall-20260829-175356/maps-routing__pS9LTfD/agent/trajectory.json
Failed to retrieve model info for 'openrouter/google/gemma-4-26b-a4b-it': This model isn't mapped yet. model=openrouter/google/gemma-4-26b-a4b-it, custom_llm_provider=openrouter. Add it here - https://github.com/BerriAI/litellm/blob/main/model_prices_and_context_window.json.. Using fallback context limit: 1000000
Parser warnings: - Extra text detected before JSON object
- Extra text detected after JSON object
Trajectory dumped to /var/essdata/s_chumakov/automl-journal/runs/autods-tabred/jobs/terminus-tabred-Msmall-20260829-175356/maps-routing__pS9LTfD/agent/trajectory.json
Failed to retrieve model info for 'openrouter/google/gemma-4-26b-a4b-it': This model isn't mapped yet. model=openrouter/google/gemma-4-26b-a4b-it, custom_llm_provider=openrouter. Add it here - https://github.com/BerriAI/litellm/blob/main/model_prices_and_context_window.json.. Using fallback context limit: 1000000
Parser warnings: - Extra text detected before JSON object
- Extra text detected after JSON object
Trajectory dumped to /var/essdata/s_chumakov/automl-journal/runs/autods-tabred/jobs/terminus-tabred-Msmall-20260829-175356/maps-routing__pS9LTfD/agent/trajectory.json
Failed to retrieve model info for 'openrouter/google/gemma-4-26b-a4b-it': This model isn't mapped yet. model=openrouter/google/gemma-4-26b-a4b-it, custom_llm_provider=openrouter. Add it here - https://github.com/BerriAI/litellm/blob/main/model_prices_and_context_window.json.. Using fallback context limit: 1000000
Sending keys: ['ls -l /app/predictions.csv\n'] min_timeout_sec: 0.1 max_timeout_sec: 180.0
Parser warnings: - Extra text detected before JSON object
- Extra text detected after JSON object
Trajectory dumped to /var/essdata/s_chumakov/automl-journal/runs/autods-tabred/jobs/terminus-tabred-Msmall-20260829-175356/homesite-insurance__wtnTg5H/agent/trajectory.json
Failed to retrieve model info for 'openrouter/google/gemma-4-26b-a4b-it': This model isn't mapped yet. model=openrouter/google/gemma-4-26b-a4b-it, custom_llm_provider=openrouter. Add it here - https://github.com/BerriAI/litellm/blob/main/model_prices_and_context_window.json.. Using fallback context limit: 1000000
Trajectory dumped to /var/essdata/s_chumakov/automl-journal/runs/autods-tabred/jobs/terminus-tabred-Msmall-20260829-175356/maps-routing__pS9LTfD/agent/trajectory.json
Failed to retrieve model info for 'openrouter/google/gemma-4-26b-a4b-it': This model isn't mapped yet. model=openrouter/google/gemma-4-26b-a4b-it, custom_llm_provider=openrouter. Add it here - https://github.com/BerriAI/litellm/blob/main/model_prices_and_context_window.json.. Using fallback context limit: 1000000
Parser warnings: - Extra text detected before JSON object
- Extra text detected after JSON object
Trajectory dumped to /var/essdata/s_chumakov/automl-journal/runs/autods-tabred/jobs/terminus-tabred-Msmall-20260829-175356/maps-routing__pS9LTfD/agent/trajectory.json
Failed to retrieve model info for 'openrouter/google/gemma-4-26b-a4b-it': This model isn't mapped yet. model=openrouter/google/gemma-4-26b-a4b-it, custom_llm_provider=openrouter. Add it here - https://github.com/BerriAI/litellm/blob/main/model_prices_and_context_window.json.. Using fallback context limit: 1000000
Parser warnings: - Extra text detected before JSON object
- Extra text detected after JSON object
Sending keys: ['ps aux | grep python\n'] min_timeout_sec: 0.1 max_timeout_sec: 180.0
Sending keys: [''] min_timeout_sec: 30.0 max_timeout_sec: 180.0
Parser warnings: - Extra text detected before JSON object
- Extra text detected after JSON object
Trajectory dumped to /var/essdata/s_chumakov/automl-journal/runs/autods-tabred/jobs/terminus-tabred-Msmall-20260829-175356/maps-routing__pS9LTfD/agent/trajectory.json
Failed to retrieve model info for 'openrouter/google/gemma-4-26b-a4b-it': This model isn't mapped yet. model=openrouter/google/gemma-4-26b-a4b-it, custom_llm_provider=openrouter. Add it here - https://github.com/BerriAI/litellm/blob/main/model_prices_and_context_window.json.. Using fallback context limit: 1000000
Parser warnings: - Extra text detected before JSON object
- Extra text detected after JSON object
Trajectory dumped to /var/essdata/s_chumakov/automl-journal/runs/autods-tabred/jobs/terminus-tabred-Msmall-20260829-175356/maps-routing__pS9LTfD/agent/trajectory.json
Failed to retrieve model info for 'openrouter/google/gemma-4-26b-a4b-it': This model isn't mapped yet. model=openrouter/google/gemma-4-26b-a4b-it, custom_llm_provider=openrouter. Add it here - https://github.com/BerriAI/litellm/blob/main/model_prices_and_context_window.json.. Using fallback context limit: 1000000
Parser warnings: - Extra text detected before JSON object
- Extra text detected after JSON object
Trajectory dumped to /var/essdata/s_chumakov/automl-journal/runs/autods-tabred/jobs/terminus-tabred-Msmall-20260829-175356/maps-routing__pS9LTfD/agent/trajectory.json
Failed to retrieve model info for 'openrouter/google/gemma-4-26b-a4b-it': This model isn't mapped yet. model=openrouter/google/gemma-4-26b-a4b-it, custom_llm_provider=openrouter. Add it here - https://github.com/BerriAI/litellm/blob/main/model_prices_and_context_window.json.. Using fallback context limit: 1000000
Parser warnings: - Extra text detected before JSON object
- Extra text detected after JSON object
Trajectory dumped to /var/essdata/s_chumakov/automl-journal/runs/autods-tabred/jobs/terminus-tabred-Msmall-20260829-175356/maps-routing__pS9LTfD/agent/trajectory.json
Failed to retrieve model info for 'openrouter/google/gemma-4-26b-a4b-it': This model isn't mapped yet. model=openrouter/google/gemma-4-26b-a4b-it, custom_llm_provider=openrouter. Add it here - https://github.com/BerriAI/litellm/blob/main/model_prices_and_context_window.json.. Using fallback context limit: 1000000
Parser warnings: - Extra text detected before JSON object
- Extra text detected after JSON object
Trajectory dumped to /var/essdata/s_chumakov/automl-journal/runs/autods-tabred/jobs/terminus-tabred-Msmall-20260829-175356/maps-routing__pS9LTfD/agent/trajectory.json
Failed to retrieve model info for 'openrouter/google/gemma-4-26b-a4b-it': This model isn't mapped yet. model=openrouter/google/gemma-4-26b-a4b-it, custom_llm_provider=openrouter. Add it here - https://github.com/BerriAI/litellm/blob/main/model_prices_and_context_window.json.. Using fallback context limit: 1000000
Parser warnings: - Extra text detected before JSON object
- Extra text detected after JSON object
Trajectory dumped to /var/essdata/s_chumakov/automl-journal/runs/autods-tabred/jobs/terminus-tabred-Msmall-20260829-175356/maps-routing__pS9LTfD/agent/trajectory.json
Failed to retrieve model info for 'openrouter/google/gemma-4-26b-a4b-it': This model isn't mapped yet. model=openrouter/google/gemma-4-26b-a4b-it, custom_llm_provider=openrouter. Add it here - https://github.com/BerriAI/litellm/blob/main/model_prices_and_context_window.json.. Using fallback context limit: 1000000
Parser warnings: - Extra text detected before JSON object
- Extra text detected after JSON object
Trajectory dumped to /var/essdata/s_chumakov/automl-journal/runs/autods-tabred/jobs/terminus-tabred-Msmall-20260829-175356/maps-routing__pS9LTfD/agent/trajectory.json
Failed to retrieve model info for 'openrouter/google/gemma-4-26b-a4b-it': This model isn't mapped yet. model=openrouter/google/gemma-4-26b-a4b-it, custom_llm_provider=openrouter. Add it here - https://github.com/BerriAI/litellm/blob/main/model_prices_and_context_window.json.. Using fallback context limit: 1000000
Parser warnings: - Extra text detected before JSON object
- Extra text detected after JSON object
Trajectory dumped to /var/essdata/s_chumakov/automl-journal/runs/autods-tabred/jobs/terminus-tabred-Msmall-20260829-175356/maps-routing__pS9LTfD/agent/trajectory.json
Failed to retrieve model info for 'openrouter/google/gemma-4-26b-a4b-it': This model isn't mapped yet. model=openrouter/google/gemma-4-26b-a4b-it, custom_llm_provider=openrouter. Add it here - https://github.com/BerriAI/litellm/blob/main/model_prices_and_context_window.json.. Using fallback context limit: 1000000
Parser warnings: - Extra text detected before JSON object
- Extra text detected after JSON object
Trajectory dumped to /var/essdata/s_chumakov/automl-journal/runs/autods-tabred/jobs/terminus-tabred-Msmall-20260829-175356/maps-routing__pS9LTfD/agent/trajectory.json
Failed to retrieve model info for 'openrouter/google/gemma-4-26b-a4b-it': This model isn't mapped yet. model=openrouter/google/gemma-4-26b-a4b-it, custom_llm_provider=openrouter. Add it here - https://github.com/BerriAI/litellm/blob/main/model_prices_and_context_window.json.. Using fallback context limit: 1000000
Parser warnings: - Extra text detected before JSON object
- Extra text detected after JSON object
Trajectory dumped to /var/essdata/s_chumakov/automl-journal/runs/autods-tabred/jobs/terminus-tabred-Msmall-20260829-175356/maps-routing__pS9LTfD/agent/trajectory.json
Failed to retrieve model info for 'openrouter/google/gemma-4-26b-a4b-it': This model isn't mapped yet. model=openrouter/google/gemma-4-26b-a4b-it, custom_llm_provider=openrouter. Add it here - https://github.com/BerriAI/litellm/blob/main/model_prices_and_context_window.json.. Using fallback context limit: 1000000
Parser warnings: - Extra text detected before JSON object
- Extra text detected after JSON object
Trajectory dumped to /var/essdata/s_chumakov/automl-journal/runs/autods-tabred/jobs/terminus-tabred-Msmall-20260829-175356/maps-routing__pS9LTfD/agent/trajectory.json
Failed to retrieve model info for 'openrouter/google/gemma-4-26b-a4b-it': This model isn't mapped yet. model=openrouter/google/gemma-4-26b-a4b-it, custom_llm_provider=openrouter. Add it here - https://github.com/BerriAI/litellm/blob/main/model_prices_and_context_window.json.. Using fallback context limit: 1000000
Parser warnings: - Extra text detected before JSON object
- Extra text detected after JSON object
Trajectory dumped to /var/essdata/s_chumakov/automl-journal/runs/autods-tabred/jobs/terminus-tabred-Msmall-20260829-175356/maps-routing__pS9LTfD/agent/trajectory.json
Failed to retrieve model info for 'openrouter/google/gemma-4-26b-a4b-it': This model isn't mapped yet. model=openrouter/google/gemma-4-26b-a4b-it, custom_llm_provider=openrouter. Add it here - https://github.com/BerriAI/litellm/blob/main/model_prices_and_context_window.json.. Using fallback context limit: 1000000
Sending keys: ['ls -l /app/predictions.csv\n'] min_timeout_sec: 0.1 max_timeout_sec: 180.0
Trajectory dumped to /var/essdata/s_chumakov/automl-journal/runs/autods-tabred/jobs/terminus-tabred-Msmall-20260829-175356/homesite-insurance__wtnTg5H/agent/trajectory.json
Failed to retrieve model info for 'openrouter/google/gemma-4-26b-a4b-it': This model isn't mapped yet. model=openrouter/google/gemma-4-26b-a4b-it, custom_llm_provider=openrouter. Add it here - https://github.com/BerriAI/litellm/blob/main/model_prices_and_context_window.json.. Using fallback context limit: 1000000
Parser warnings: - Extra text detected before JSON object
- Extra text detected after JSON object
Trajectory dumped to /var/essdata/s_chumakov/automl-journal/runs/autods-tabred/jobs/terminus-tabred-Msmall-20260829-175356/maps-routing__pS9LTfD/agent/trajectory.json
Failed to retrieve model info for 'openrouter/google/gemma-4-26b-a4b-it': This model isn't mapped yet. model=openrouter/google/gemma-4-26b-a4b-it, custom_llm_provider=openrouter. Add it here - https://github.com/BerriAI/litellm/blob/main/model_prices_and_context_window.json.. Using fallback context limit: 1000000
Trajectory dumped to /var/essdata/s_chumakov/automl-journal/runs/autods-tabred/jobs/terminus-tabred-Msmall-20260829-175356/homecredit-default__AY6RvUF/agent/trajectory.json
Failed to retrieve model info for 'openrouter/google/gemma-4-26b-a4b-it': This model isn't mapped yet. model=openrouter/google/gemma-4-26b-a4b-it, custom_llm_provider=openrouter. Add it here - https://github.com/BerriAI/litellm/blob/main/model_prices_and_context_window.json.. Using fallback context limit: 1000000
Parser warnings: - Extra text detected before JSON object
- Extra text detected after JSON object
Trajectory dumped to /var/essdata/s_chumakov/automl-journal/runs/autods-tabred/jobs/terminus-tabred-Msmall-20260829-175356/maps-routing__pS9LTfD/agent/trajectory.json
Failed to retrieve model info for 'openrouter/google/gemma-4-26b-a4b-it': This model isn't mapped yet. model=openrouter/google/gemma-4-26b-a4b-it, custom_llm_provider=openrouter. Add it here - https://github.com/BerriAI/litellm/blob/main/model_prices_and_context_window.json.. Using fallback context limit: 1000000
Parser warnings: - Extra text detected before JSON object
- Extra text detected after JSON object
Trajectory dumped to /var/essdata/s_chumakov/automl-journal/runs/autods-tabred/jobs/terminus-tabred-Msmall-20260829-175356/maps-routing__pS9LTfD/agent/trajectory.json
Failed to retrieve model info for 'openrouter/google/gemma-4-26b-a4b-it': This model isn't mapped yet. model=openrouter/google/gemma-4-26b-a4b-it, custom_llm_provider=openrouter. Add it here - https://github.com/BerriAI/litellm/blob/main/model_prices_and_context_window.json.. Using fallback context limit: 1000000
Parser warnings: - Extra text detected before JSON object
- Extra text detected after JSON object
Sending keys: [''] min_timeout_sec: 60.0 max_timeout_sec: 180.0
Parser warnings: - Extra text detected before JSON object
- Extra text detected after JSON object
Sending keys: ['free -h\n'] min_timeout_sec: 0.1 max_timeout_sec: 180.0
Sending keys: ['cat << \'EOF\' > train_and_predict.py\nimport pandas as pd\nimport lightgbm as lgb\n\n# Load data\ntrain = pd.read_csv(\'/app/data/train.csv\')\nval = pd.read_csv(\'/app/data/val.csv\')\ntest = pd.read_csv(\'/app/data/test.csv\')\n\n# Separate features and target\nX_train = train.drop(columns=[\'target\'])\ny_train = train[\'target\']\nX_val = val.drop(columns=[\'target\'])\ny_val = val[\'target\']\nX_test = test\n\n# Preprocessing\ncat_cols = [c for c in X_train.columns if c.startswith(\'cat_\')]\nfor col in cat_cols:\n    X_train[col] = X_train[col].astype(\'category\')\n    X_val[col] = X_val[col].astype(\'category\')\n    X_test[col] = X_test[col].astype(\'category\')\n\n# Create datasets\ndtrain = lgb.Dataset(X_train, label=y_train, categorical_feature=cat_cols)\ndval = lgb.Dataset(X_val, label=y_val, reference=dtrain, categorical_feature=cat_cols)\n\n# Hyperparameters\nparams = {\n    \'objective\': \'binary\',\n    \'metric\': \'auc\',\n    \'verbosity\': -1,\n    \'random_state\': 42\n}\n\n# Train with very small number of rounds to ensure completion\nprint("Training model...")\nmodel = lgb.train(\n    params,\n    dtrain,\n    valid_sets=[dval],\n    num_boost_round=10\n)\n\n# Predict\nprint("Predicting on test set...")\ny_test_pred = model.predict(X_test)\n\n# Save predictions\noutput = pd.DataFrame({\'target\': y_test_pred})\noutput.to_csv(\'/app/predictions.csv\', index=False)\nprint("Predictions saved to /app/predictions.csv")\nEOF\n'] min_timeout_sec: 0.1 max_timeout_sec: 180.0
Sending keys: ['python3 train_and_predict.py\n'] min_timeout_sec: 60.0 max_timeout_sec: 180.0
Parser warnings: - Extra text detected before JSON object
- Extra text detected after JSON object
Trajectory dumped to /var/essdata/s_chumakov/automl-journal/runs/autods-tabred/jobs/terminus-tabred-Msmall-20260829-175356/maps-routing__pS9LTfD/agent/trajectory.json
Failed to retrieve model info for 'openrouter/google/gemma-4-26b-a4b-it': This model isn't mapped yet. model=openrouter/google/gemma-4-26b-a4b-it, custom_llm_provider=openrouter. Add it here - https://github.com/BerriAI/litellm/blob/main/model_prices_and_context_window.json.. Using fallback context limit: 1000000
Parser warnings: - Extra text detected before JSON object
- Extra text detected after JSON object
Trajectory dumped to /var/essdata/s_chumakov/automl-journal/runs/autods-tabred/jobs/terminus-tabred-Msmall-20260829-175356/maps-routing__pS9LTfD/agent/trajectory.json
Failed to retrieve model info for 'openrouter/google/gemma-4-26b-a4b-it': This model isn't mapped yet. model=openrouter/google/gemma-4-26b-a4b-it, custom_llm_provider=openrouter. Add it here - https://github.com/BerriAI/litellm/blob/main/model_prices_and_context_window.json.. Using fallback context limit: 1000000
Parser warnings: - Extra text detected before JSON object
- Extra text detected after JSON object
Trajectory dumped to /var/essdata/s_chumakov/automl-journal/runs/autods-tabred/jobs/terminus-tabred-Msmall-20260829-175356/maps-routing__pS9LTfD/agent/trajectory.json
Failed to retrieve model info for 'openrouter/google/gemma-4-26b-a4b-it': This model isn't mapped yet. model=openrouter/google/gemma-4-26b-a4b-it, custom_llm_provider=openrouter. Add it here - https://github.com/BerriAI/litellm/blob/main/model_prices_and_context_window.json.. Using fallback context limit: 1000000
Parser warnings: - Extra text detected before JSON object
- Extra text detected after JSON object
Trajectory dumped to /var/essdata/s_chumakov/automl-journal/runs/autods-tabred/jobs/terminus-tabred-Msmall-20260829-175356/maps-routing__pS9LTfD/agent/trajectory.json
Failed to retrieve model info for 'openrouter/google/gemma-4-26b-a4b-it': This model isn't mapped yet. model=openrouter/google/gemma-4-26b-a4b-it, custom_llm_provider=openrouter. Add it here - https://github.com/BerriAI/litellm/blob/main/model_prices_and_context_window.json.. Using fallback context limit: 1000000
Parser warnings: - Extra text detected before JSON object
- Extra text detected after JSON object
Trajectory dumped to /var/essdata/s_chumakov/automl-journal/runs/autods-tabred/jobs/terminus-tabred-Msmall-20260829-175356/maps-routing__pS9LTfD/agent/trajectory.json
Failed to retrieve model info for 'openrouter/google/gemma-4-26b-a4b-it': This model isn't mapped yet. model=openrouter/google/gemma-4-26b-a4b-it, custom_llm_provider=openrouter. Add it here - https://github.com/BerriAI/litellm/blob/main/model_prices_and_context_window.json.. Using fallback context limit: 1000000
Parser warnings: - Extra text detected before JSON object
- Extra text detected after JSON object
Trajectory dumped to /var/essdata/s_chumakov/automl-journal/runs/autods-tabred/jobs/terminus-tabred-Msmall-20260829-175356/maps-routing__pS9LTfD/agent/trajectory.json
Failed to retrieve model info for 'openrouter/google/gemma-4-26b-a4b-it': This model isn't mapped yet. model=openrouter/google/gemma-4-26b-a4b-it, custom_llm_provider=openrouter. Add it here - https://github.com/BerriAI/litellm/blob/main/model_prices_and_context_window.json.. Using fallback context limit: 1000000
Parser warnings: - Extra text detected before JSON object
- Extra text detected after JSON object
Trajectory dumped to /var/essdata/s_chumakov/automl-journal/runs/autods-tabred/jobs/terminus-tabred-Msmall-20260829-175356/maps-routing__pS9LTfD/agent/trajectory.json
Failed to retrieve model info for 'openrouter/google/gemma-4-26b-a4b-it': This model isn't mapped yet. model=openrouter/google/gemma-4-26b-a4b-it, custom_llm_provider=openrouter. Add it here - https://github.com/BerriAI/litellm/blob/main/model_prices_and_context_window.json.. Using fallback context limit: 1000000
Parser warnings: - Extra text detected before JSON object
- Extra text detected after JSON object
Trajectory dumped to /var/essdata/s_chumakov/automl-journal/runs/autods-tabred/jobs/terminus-tabred-Msmall-20260829-175356/maps-routing__pS9LTfD/agent/trajectory.json
Failed to retrieve model info for 'openrouter/google/gemma-4-26b-a4b-it': This model isn't mapped yet. model=openrouter/google/gemma-4-26b-a4b-it, custom_llm_provider=openrouter. Add it here - https://github.com/BerriAI/litellm/blob/main/model_prices_and_context_window.json.. Using fallback context limit: 1000000
Parser warnings: - Extra text detected before JSON object
- Extra text detected after JSON object
Trajectory dumped to /var/essdata/s_chumakov/automl-journal/runs/autods-tabred/jobs/terminus-tabred-Msmall-20260829-175356/maps-routing__pS9LTfD/agent/trajectory.json
Failed to retrieve model info for 'openrouter/google/gemma-4-26b-a4b-it': This model isn't mapped yet. model=openrouter/google/gemma-4-26b-a4b-it, custom_llm_provider=openrouter. Add it here - https://github.com/BerriAI/litellm/blob/main/model_prices_and_context_window.json.. Using fallback context limit: 1000000
Parser warnings: - Extra text detected before JSON object
- Extra text detected after JSON object
Trajectory dumped to /var/essdata/s_chumakov/automl-journal/runs/autods-tabred/jobs/terminus-tabred-Msmall-20260829-175356/maps-routing__pS9LTfD/agent/trajectory.json
Failed to retrieve model info for 'openrouter/google/gemma-4-26b-a4b-it': This model isn't mapped yet. model=openrouter/google/gemma-4-26b-a4b-it, custom_llm_provider=openrouter. Add it here - https://github.com/BerriAI/litellm/blob/main/model_prices_and_context_window.json.. Using fallback context limit: 1000000
Parser warnings: - Extra text detected before JSON object
- Extra text detected after JSON object
Trajectory dumped to /var/essdata/s_chumakov/automl-journal/runs/autods-tabred/jobs/terminus-tabred-Msmall-20260829-175356/maps-routing__pS9LTfD/agent/trajectory.json
Failed to retrieve model info for 'openrouter/google/gemma-4-26b-a4b-it': This model isn't mapped yet. model=openrouter/google/gemma-4-26b-a4b-it, custom_llm_provider=openrouter. Add it here - https://github.com/BerriAI/litellm/blob/main/model_prices_and_context_window.json.. Using fallback context limit: 1000000
Parser warnings: - Extra text detected before JSON object
- Extra text detected after JSON object
Trajectory dumped to /var/essdata/s_chumakov/automl-journal/runs/autods-tabred/jobs/terminus-tabred-Msmall-20260829-175356/maps-routing__pS9LTfD/agent/trajectory.json
Failed to retrieve model info for 'openrouter/google/gemma-4-26b-a4b-it': This model isn't mapped yet. model=openrouter/google/gemma-4-26b-a4b-it, custom_llm_provider=openrouter. Add it here - https://github.com/BerriAI/litellm/blob/main/model_prices_and_context_window.json.. Using fallback context limit: 1000000
Parser warnings: - Extra text detected before JSON object
- Extra text detected after JSON object
Trajectory dumped to /var/essdata/s_chumakov/automl-journal/runs/autods-tabred/jobs/terminus-tabred-Msmall-20260829-175356/maps-routing__pS9LTfD/agent/trajectory.json
Failed to retrieve model info for 'openrouter/google/gemma-4-26b-a4b-it': This model isn't mapped yet. model=openrouter/google/gemma-4-26b-a4b-it, custom_llm_provider=openrouter. Add it here - https://github.com/BerriAI/litellm/blob/main/model_prices_and_context_window.json.. Using fallback context limit: 1000000
Parser warnings: - Extra text detected before JSON object
- Extra text detected after JSON object
Trajectory dumped to /var/essdata/s_chumakov/automl-journal/runs/autods-tabred/jobs/terminus-tabred-Msmall-20260829-175356/maps-routing__pS9LTfD/agent/trajectory.json
Failed to retrieve model info for 'openrouter/google/gemma-4-26b-a4b-it': This model isn't mapped yet. model=openrouter/google/gemma-4-26b-a4b-it, custom_llm_provider=openrouter. Add it here - https://github.com/BerriAI/litellm/blob/main/model_prices_and_context_window.json.. Using fallback context limit: 1000000
Parser warnings: - Extra text detected before JSON object
- Extra text detected after JSON object
Trajectory dumped to /var/essdata/s_chumakov/automl-journal/runs/autods-tabred/jobs/terminus-tabred-Msmall-20260829-175356/maps-routing__pS9LTfD/agent/trajectory.json
Failed to retrieve model info for 'openrouter/google/gemma-4-26b-a4b-it': This model isn't mapped yet. model=openrouter/google/gemma-4-26b-a4b-it, custom_llm_provider=openrouter. Add it here - https://github.com/BerriAI/litellm/blob/main/model_prices_and_context_window.json.. Using fallback context limit: 1000000
Parser warnings: - Extra text detected before JSON object
- Extra text detected after JSON object
Trajectory dumped to /var/essdata/s_chumakov/automl-journal/runs/autods-tabred/jobs/terminus-tabred-Msmall-20260829-175356/maps-routing__pS9LTfD/agent/trajectory.json
Failed to retrieve model info for 'openrouter/google/gemma-4-26b-a4b-it': This model isn't mapped yet. model=openrouter/google/gemma-4-26b-a4b-it, custom_llm_provider=openrouter. Add it here - https://github.com/BerriAI/litellm/blob/main/model_prices_and_context_window.json.. Using fallback context limit: 1000000
Parser warnings: - Extra text detected before JSON object
- Extra text detected after JSON object
Trajectory dumped to /var/essdata/s_chumakov/automl-journal/runs/autods-tabred/jobs/terminus-tabred-Msmall-20260829-175356/maps-routing__pS9LTfD/agent/trajectory.json
Failed to retrieve model info for 'openrouter/google/gemma-4-26b-a4b-it': This model isn't mapped yet. model=openrouter/google/gemma-4-26b-a4b-it, custom_llm_provider=openrouter. Add it here - https://github.com/BerriAI/litellm/blob/main/model_prices_and_context_window.json.. Using fallback context limit: 1000000
Parser warnings: - Extra text detected before JSON object
- Extra text detected after JSON object
Trajectory dumped to /var/essdata/s_chumakov/automl-journal/runs/autods-tabred/jobs/terminus-tabred-Msmall-20260829-175356/maps-routing__pS9LTfD/agent/trajectory.json
Failed to retrieve model info for 'openrouter/google/gemma-4-26b-a4b-it': This model isn't mapped yet. model=openrouter/google/gemma-4-26b-a4b-it, custom_llm_provider=openrouter. Add it here - https://github.com/BerriAI/litellm/blob/main/model_prices_and_context_window.json.. Using fallback context limit: 1000000
Parser warnings: - Extra text detected before JSON object
- Extra text detected after JSON object
Trajectory dumped to /var/essdata/s_chumakov/automl-journal/runs/autods-tabred/jobs/terminus-tabred-Msmall-20260829-175356/maps-routing__pS9LTfD/agent/trajectory.json
Failed to retrieve model info for 'openrouter/google/gemma-4-26b-a4b-it': This model isn't mapped yet. model=openrouter/google/gemma-4-26b-a4b-it, custom_llm_provider=openrouter. Add it here - https://github.com/BerriAI/litellm/blob/main/model_prices_and_context_window.json.. Using fallback context limit: 1000000
Parser warnings: - Extra text detected before JSON object
- Extra text detected after JSON object
Trajectory dumped to /var/essdata/s_chumakov/automl-journal/runs/autods-tabred/jobs/terminus-tabred-Msmall-20260829-175356/maps-routing__pS9LTfD/agent/trajectory.json
Failed to retrieve model info for 'openrouter/google/gemma-4-26b-a4b-it': This model isn't mapped yet. model=openrouter/google/gemma-4-26b-a4b-it, custom_llm_provider=openrouter. Add it here - https://github.com/BerriAI/litellm/blob/main/model_prices_and_context_window.json.. Using fallback context limit: 1000000
Parser warnings: - Extra text detected before JSON object
- Extra text detected after JSON object
Trajectory dumped to /var/essdata/s_chumakov/automl-journal/runs/autods-tabred/jobs/terminus-tabred-Msmall-20260829-175356/maps-routing__pS9LTfD/agent/trajectory.json
Failed to retrieve model info for 'openrouter/google/gemma-4-26b-a4b-it': This model isn't mapped yet. model=openrouter/google/gemma-4-26b-a4b-it, custom_llm_provider=openrouter. Add it here - https://github.com/BerriAI/litellm/blob/main/model_prices_and_context_window.json.. Using fallback context limit: 1000000
Parser warnings: - Extra text detected before JSON object
- Extra text detected after JSON object
Trajectory dumped to /var/essdata/s_chumakov/automl-journal/runs/autods-tabred/jobs/terminus-tabred-Msmall-20260829-175356/maps-routing__pS9LTfD/agent/trajectory.json
Failed to retrieve model info for 'openrouter/google/gemma-4-26b-a4b-it': This model isn't mapped yet. model=openrouter/google/gemma-4-26b-a4b-it, custom_llm_provider=openrouter. Add it here - https://github.com/BerriAI/litellm/blob/main/model_prices_and_context_window.json.. Using fallback context limit: 1000000
Parser warnings: - Extra text detected before JSON object
- Extra text detected after JSON object
Trajectory dumped to /var/essdata/s_chumakov/automl-journal/runs/autods-tabred/jobs/terminus-tabred-Msmall-20260829-175356/maps-routing__pS9LTfD/agent/trajectory.json
Failed to retrieve model info for 'openrouter/google/gemma-4-26b-a4b-it': This model isn't mapped yet. model=openrouter/google/gemma-4-26b-a4b-it, custom_llm_provider=openrouter. Add it here - https://github.com/BerriAI/litellm/blob/main/model_prices_and_context_window.json.. Using fallback context limit: 1000000
Trajectory dumped to /var/essdata/s_chumakov/automl-journal/runs/autods-tabred/jobs/terminus-tabred-Msmall-20260829-175356/homecredit-default__AY6RvUF/agent/trajectory.json
Failed to retrieve model info for 'openrouter/google/gemma-4-26b-a4b-it': This model isn't mapped yet. model=openrouter/google/gemma-4-26b-a4b-it, custom_llm_provider=openrouter. Add it here - https://github.com/BerriAI/litellm/blob/main/model_prices_and_context_window.json.. Using fallback context limit: 1000000
Parser warnings: - Extra text detected before JSON object
- Extra text detected after JSON object
Trajectory dumped to /var/essdata/s_chumakov/automl-journal/runs/autods-tabred/jobs/terminus-tabred-Msmall-20260829-175356/maps-routing__pS9LTfD/agent/trajectory.json
Parser warnings: - Extra text detected before JSON object
- Extra text detected after JSON object
Sending keys: [''] min_timeout_sec: 60.0 max_timeout_sec: 180.0
Failed to retrieve model info for 'openrouter/google/gemma-4-26b-a4b-it': This model isn't mapped yet. model=openrouter/google/gemma-4-26b-a4b-it, custom_llm_provider=openrouter. Add it here - https://github.com/BerriAI/litellm/blob/main/model_prices_and_context_window.json.. Using fallback context limit: 1000000
Sending keys: ['ls -l /app/predictions.csv\n'] min_timeout_sec: 0.1 max_timeout_sec: 180.0
Trajectory dumped to /var/essdata/s_chumakov/automl-journal/runs/autods-tabred/jobs/terminus-tabred-Msmall-20260829-175356/homesite-insurance__wtnTg5H/agent/trajectory.json
Failed to retrieve model info for 'openrouter/google/gemma-4-26b-a4b-it': This model isn't mapped yet. model=openrouter/google/gemma-4-26b-a4b-it, custom_llm_provider=openrouter. Add it here - https://github.com/BerriAI/litellm/blob/main/model_prices_and_context_window.json.. Using fallback context limit: 1000000
Parser warnings: - Extra text detected before JSON object
- Extra text detected after JSON object
Trajectory dumped to /var/essdata/s_chumakov/automl-journal/runs/autods-tabred/jobs/terminus-tabred-Msmall-20260829-175356/maps-routing__pS9LTfD/agent/trajectory.json
Failed to retrieve model info for 'openrouter/google/gemma-4-26b-a4b-it': This model isn't mapped yet. model=openrouter/google/gemma-4-26b-a4b-it, custom_llm_provider=openrouter. Add it here - https://github.com/BerriAI/litellm/blob/main/model_prices_and_context_window.json.. Using fallback context limit: 1000000
Parser warnings: - Extra text detected before JSON object
- Extra text detected after JSON object
Trajectory dumped to /var/essdata/s_chumakov/automl-journal/runs/autods-tabred/jobs/terminus-tabred-Msmall-20260829-175356/maps-routing__pS9LTfD/agent/trajectory.json
Failed to retrieve model info for 'openrouter/google/gemma-4-26b-a4b-it': This model isn't mapped yet. model=openrouter/google/gemma-4-26b-a4b-it, custom_llm_provider=openrouter. Add it here - https://github.com/BerriAI/litellm/blob/main/model_prices_and_context_window.json.. Using fallback context limit: 1000000
Parser warnings: - Extra text detected before JSON object
- Extra text detected after JSON object
Trajectory dumped to /var/essdata/s_chumakov/automl-journal/runs/autods-tabred/jobs/terminus-tabred-Msmall-20260829-175356/maps-routing__pS9LTfD/agent/trajectory.json
Failed to retrieve model info for 'openrouter/google/gemma-4-26b-a4b-it': This model isn't mapped yet. model=openrouter/google/gemma-4-26b-a4b-it, custom_llm_provider=openrouter. Add it here - https://github.com/BerriAI/litellm/blob/main/model_prices_and_context_window.json.. Using fallback context limit: 1000000
Parser warnings: - Extra text detected before JSON object
- Extra text detected after JSON object
Sending keys: ['ps aux | grep python\n'] min_timeout_sec: 0.1 max_timeout_sec: 180.0
Sending keys: ['cat << \'EOF\' > train_and_predict.py\nimport pandas as pd\nimport lightgbm as lgb\nimport sys\n\ntry:\n    print("Starting script...")\n    train = pd.read_csv(\'/app/data/train.csv\')\n    val = pd.read_csv(\'/app/data/val.csv\')\n    test = pd.read_csv(\'/app/data/test.csv\')\n    print("Data loaded.")\n\n    X_train = train.drop(columns=[\'target\'])\n    y_train = train[\'target\']\n    X_val = val.drop(columns=[\'target\'])\n    y_val = val[\'target\']\n    X_test = test\n\n    cat_cols = [c for c in X_train.columns if c.startswith(\'cat_\')]\n    for col in cat_cols:\n        X_train[col] = X_train[col].astype(\'category\')\n        X_val[col] = X_val[col].astype(\'category\')\n        X_test[col] = X_test[col].astype(\'category\')\n    print("Preprocessing complete.")\n\n    dtrain = lgb.Dataset(X_train, label=y_train, categorical_feature=cat_cols)\n    dval = lgb.Dataset(X_val, label=y_val, reference=dtrain, categorical_feature=cat_cols)\n\n    params = {\n        \'objective\': \'binary\',\n        \'metric\': \'auc\',\n        \'verbosity\': -1,\n        \'random_state\': 42\n    }\n\n    print("Training model (5 rounds)...")\n    model = lgb.train(params, dtrain, valid_sets=[dval], num_boost_round=5)\n    print("Training complete.")\n\n    print("Predicting...")\n    y_test_pred = model.predict(X_test)\n\n    print("Saving...")\n    pd.DataFrame({\'target\': y_test_pred}).to_csv(\'/app/predictions.csv\', index=False)\n    print("Done!")\nexcept Exception as e:\n    print(f"Error: {e}")\n    sys.exit(1)\nEOF\n'] min_timeout_sec: 0.1 max_timeout_sec: 180.0
Sending keys: ['python3 train_and_predict.py\n'] min_timeout_sec: 60.0 max_timeout_sec: 180.0
Parser warnings: - Extra text detected before JSON object
- Extra text detected after JSON object
Trajectory dumped to /var/essdata/s_chumakov/automl-journal/runs/autods-tabred/jobs/terminus-tabred-Msmall-20260829-175356/maps-routing__pS9LTfD/agent/trajectory.json
Failed to retrieve model info for 'openrouter/google/gemma-4-26b-a4b-it': This model isn't mapped yet. model=openrouter/google/gemma-4-26b-a4b-it, custom_llm_provider=openrouter. Add it here - https://github.com/BerriAI/litellm/blob/main/model_prices_and_context_window.json.. Using fallback context limit: 1000000
Parser warnings: - Extra text detected before JSON object
- Extra text detected after JSON object
Trajectory dumped to /var/essdata/s_chumakov/automl-journal/runs/autods-tabred/jobs/terminus-tabred-Msmall-20260829-175356/maps-routing__pS9LTfD/agent/trajectory.json
Failed to retrieve model info for 'openrouter/google/gemma-4-26b-a4b-it': This model isn't mapped yet. model=openrouter/google/gemma-4-26b-a4b-it, custom_llm_provider=openrouter. Add it here - https://github.com/BerriAI/litellm/blob/main/model_prices_and_context_window.json.. Using fallback context limit: 1000000
Parser warnings: - Extra text detected before JSON object
- Extra text detected after JSON object
Trajectory dumped to /var/essdata/s_chumakov/automl-journal/runs/autods-tabred/jobs/terminus-tabred-Msmall-20260829-175356/maps-routing__pS9LTfD/agent/trajectory.json
Failed to retrieve model info for 'openrouter/google/gemma-4-26b-a4b-it': This model isn't mapped yet. model=openrouter/google/gemma-4-26b-a4b-it, custom_llm_provider=openrouter. Add it here - https://github.com/BerriAI/litellm/blob/main/model_prices_and_context_window.json.. Using fallback context limit: 1000000
Parser warnings: - Extra text detected before JSON object
- Extra text detected after JSON object
Trajectory dumped to /var/essdata/s_chumakov/automl-journal/runs/autods-tabred/jobs/terminus-tabred-Msmall-20260829-175356/maps-routing__pS9LTfD/agent/trajectory.json
Failed to retrieve model info for 'openrouter/google/gemma-4-26b-a4b-it': This model isn't mapped yet. model=openrouter/google/gemma-4-26b-a4b-it, custom_llm_provider=openrouter. Add it here - https://github.com/BerriAI/litellm/blob/main/model_prices_and_context_window.json.. Using fallback context limit: 1000000
Parser warnings: - Extra text detected before JSON object
- Extra text detected after JSON object
Trajectory dumped to /var/essdata/s_chumakov/automl-journal/runs/autods-tabred/jobs/terminus-tabred-Msmall-20260829-175356/maps-routing__pS9LTfD/agent/trajectory.json
Failed to retrieve model info for 'openrouter/google/gemma-4-26b-a4b-it': This model isn't mapped yet. model=openrouter/google/gemma-4-26b-a4b-it, custom_llm_provider=openrouter. Add it here - https://github.com/BerriAI/litellm/blob/main/model_prices_and_context_window.json.. Using fallback context limit: 1000000
Parser warnings: - Extra text detected before JSON object
- Extra text detected after JSON object
Trajectory dumped to /var/essdata/s_chumakov/automl-journal/runs/autods-tabred/jobs/terminus-tabred-Msmall-20260829-175356/maps-routing__pS9LTfD/agent/trajectory.json
Failed to retrieve model info for 'openrouter/google/gemma-4-26b-a4b-it': This model isn't mapped yet. model=openrouter/google/gemma-4-26b-a4b-it, custom_llm_provider=openrouter. Add it here - https://github.com/BerriAI/litellm/blob/main/model_prices_and_context_window.json.. Using fallback context limit: 1000000
Parser warnings: - Extra text detected before JSON object
- Extra text detected after JSON object
Trajectory dumped to /var/essdata/s_chumakov/automl-journal/runs/autods-tabred/jobs/terminus-tabred-Msmall-20260829-175356/maps-routing__pS9LTfD/agent/trajectory.json
Failed to retrieve model info for 'openrouter/google/gemma-4-26b-a4b-it': This model isn't mapped yet. model=openrouter/google/gemma-4-26b-a4b-it, custom_llm_provider=openrouter. Add it here - https://github.com/BerriAI/litellm/blob/main/model_prices_and_context_window.json.. Using fallback context limit: 1000000
Parser warnings: - Extra text detected before JSON object
- Extra text detected after JSON object
Trajectory dumped to /var/essdata/s_chumakov/automl-journal/runs/autods-tabred/jobs/terminus-tabred-Msmall-20260829-175356/maps-routing__pS9LTfD/agent/trajectory.json
Failed to retrieve model info for 'openrouter/google/gemma-4-26b-a4b-it': This model isn't mapped yet. model=openrouter/google/gemma-4-26b-a4b-it, custom_llm_provider=openrouter. Add it here - https://github.com/BerriAI/litellm/blob/main/model_prices_and_context_window.json.. Using fallback context limit: 1000000
Parser warnings: - Extra text detected before JSON object
- Extra text detected after JSON object
Trajectory dumped to /var/essdata/s_chumakov/automl-journal/runs/autods-tabred/jobs/terminus-tabred-Msmall-20260829-175356/maps-routing__pS9LTfD/agent/trajectory.json
Failed to retrieve model info for 'openrouter/google/gemma-4-26b-a4b-it': This model isn't mapped yet. model=openrouter/google/gemma-4-26b-a4b-it, custom_llm_provider=openrouter. Add it here - https://github.com/BerriAI/litellm/blob/main/model_prices_and_context_window.json.. Using fallback context limit: 1000000
Parser warnings: - Extra text detected before JSON object
- Extra text detected after JSON object
Trajectory dumped to /var/essdata/s_chumakov/automl-journal/runs/autods-tabred/jobs/terminus-tabred-Msmall-20260829-175356/maps-routing__pS9LTfD/agent/trajectory.json
Failed to retrieve model info for 'openrouter/google/gemma-4-26b-a4b-it': This model isn't mapped yet. model=openrouter/google/gemma-4-26b-a4b-it, custom_llm_provider=openrouter. Add it here - https://github.com/BerriAI/litellm/blob/main/model_prices_and_context_window.json.. Using fallback context limit: 1000000
Parser warnings: - Extra text detected before JSON object
- Extra text detected after JSON object
Trajectory dumped to /var/essdata/s_chumakov/automl-journal/runs/autods-tabred/jobs/terminus-tabred-Msmall-20260829-175356/maps-routing__pS9LTfD/agent/trajectory.json
Failed to retrieve model info for 'openrouter/google/gemma-4-26b-a4b-it': This model isn't mapped yet. model=openrouter/google/gemma-4-26b-a4b-it, custom_llm_provider=openrouter. Add it here - https://github.com/BerriAI/litellm/blob/main/model_prices_and_context_window.json.. Using fallback context limit: 1000000
Parser warnings: - Extra text detected before JSON object
- Extra text detected after JSON object
Trajectory dumped to /var/essdata/s_chumakov/automl-journal/runs/autods-tabred/jobs/terminus-tabred-Msmall-20260829-175356/maps-routing__pS9LTfD/agent/trajectory.json
Failed to retrieve model info for 'openrouter/google/gemma-4-26b-a4b-it': This model isn't mapped yet. model=openrouter/google/gemma-4-26b-a4b-it, custom_llm_provider=openrouter. Add it here - https://github.com/BerriAI/litellm/blob/main/model_prices_and_context_window.json.. Using fallback context limit: 1000000
Parser warnings: - Extra text detected before JSON object
- Extra text detected after JSON object
Trajectory dumped to /var/essdata/s_chumakov/automl-journal/runs/autods-tabred/jobs/terminus-tabred-Msmall-20260829-175356/maps-routing__pS9LTfD/agent/trajectory.json
Failed to retrieve model info for 'openrouter/google/gemma-4-26b-a4b-it': This model isn't mapped yet. model=openrouter/google/gemma-4-26b-a4b-it, custom_llm_provider=openrouter. Add it here - https://github.com/BerriAI/litellm/blob/main/model_prices_and_context_window.json.. Using fallback context limit: 1000000
Parser warnings: - Extra text detected before JSON object
- Extra text detected after JSON object
Trajectory dumped to /var/essdata/s_chumakov/automl-journal/runs/autods-tabred/jobs/terminus-tabred-Msmall-20260829-175356/maps-routing__pS9LTfD/agent/trajectory.json
Failed to retrieve model info for 'openrouter/google/gemma-4-26b-a4b-it': This model isn't mapped yet. model=openrouter/google/gemma-4-26b-a4b-it, custom_llm_provider=openrouter. Add it here - https://github.com/BerriAI/litellm/blob/main/model_prices_and_context_window.json.. Using fallback context limit: 1000000
Parser warnings: - Extra text detected before JSON object
- Extra text detected after JSON object
Trajectory dumped to /var/essdata/s_chumakov/automl-journal/runs/autods-tabred/jobs/terminus-tabred-Msmall-20260829-175356/maps-routing__pS9LTfD/agent/trajectory.json
Failed to retrieve model info for 'openrouter/google/gemma-4-26b-a4b-it': This model isn't mapped yet. model=openrouter/google/gemma-4-26b-a4b-it, custom_llm_provider=openrouter. Add it here - https://github.com/BerriAI/litellm/blob/main/model_prices_and_context_window.json.. Using fallback context limit: 1000000
Parser warnings: - Extra text detected before JSON object
- Extra text detected after JSON object
Trajectory dumped to /var/essdata/s_chumakov/automl-journal/runs/autods-tabred/jobs/terminus-tabred-Msmall-20260829-175356/maps-routing__pS9LTfD/agent/trajectory.json
Failed to retrieve model info for 'openrouter/google/gemma-4-26b-a4b-it': This model isn't mapped yet. model=openrouter/google/gemma-4-26b-a4b-it, custom_llm_provider=openrouter. Add it here - https://github.com/BerriAI/litellm/blob/main/model_prices_and_context_window.json.. Using fallback context limit: 1000000
Parser warnings: - Extra text detected before JSON object
- Extra text detected after JSON object
Trajectory dumped to /var/essdata/s_chumakov/automl-journal/runs/autods-tabred/jobs/terminus-tabred-Msmall-20260829-175356/maps-routing__pS9LTfD/agent/trajectory.json
Failed to retrieve model info for 'openrouter/google/gemma-4-26b-a4b-it': This model isn't mapped yet. model=openrouter/google/gemma-4-26b-a4b-it, custom_llm_provider=openrouter. Add it here - https://github.com/BerriAI/litellm/blob/main/model_prices_and_context_window.json.. Using fallback context limit: 1000000
Parser warnings: - Extra text detected before JSON object
- Extra text detected after JSON object
Trajectory dumped to /var/essdata/s_chumakov/automl-journal/runs/autods-tabred/jobs/terminus-tabred-Msmall-20260829-175356/maps-routing__pS9LTfD/agent/trajectory.json
Failed to retrieve model info for 'openrouter/google/gemma-4-26b-a4b-it': This model isn't mapped yet. model=openrouter/google/gemma-4-26b-a4b-it, custom_llm_provider=openrouter. Add it here - https://github.com/BerriAI/litellm/blob/main/model_prices_and_context_window.json.. Using fallback context limit: 1000000
Trajectory dumped to /var/essdata/s_chumakov/automl-journal/runs/autods-tabred/jobs/terminus-tabred-Msmall-20260829-175356/homecredit-default__AY6RvUF/agent/trajectory.json
Failed to retrieve model info for 'openrouter/google/gemma-4-26b-a4b-it': This model isn't mapped yet. model=openrouter/google/gemma-4-26b-a4b-it, custom_llm_provider=openrouter. Add it here - https://github.com/BerriAI/litellm/blob/main/model_prices_and_context_window.json.. Using fallback context limit: 1000000
Parser warnings: - Extra text detected before JSON object
- Extra text detected after JSON object
Trajectory dumped to /var/essdata/s_chumakov/automl-journal/runs/autods-tabred/jobs/terminus-tabred-Msmall-20260829-175356/maps-routing__pS9LTfD/agent/trajectory.json
Failed to retrieve model info for 'openrouter/google/gemma-4-26b-a4b-it': This model isn't mapped yet. model=openrouter/google/gemma-4-26b-a4b-it, custom_llm_provider=openrouter. Add it here - https://github.com/BerriAI/litellm/blob/main/model_prices_and_context_window.json.. Using fallback context limit: 1000000
Parser warnings: - Extra text detected before JSON object
- Extra text detected after JSON object
Sending keys: [''] min_timeout_sec: 60.0 max_timeout_sec: 180.0
Parser warnings: - Extra text detected before JSON object
- Extra text detected after JSON object
Trajectory dumped to /var/essdata/s_chumakov/automl-journal/runs/autods-tabred/jobs/terminus-tabred-Msmall-20260829-175356/maps-routing__pS9LTfD/agent/trajectory.json
Failed to retrieve model info for 'openrouter/google/gemma-4-26b-a4b-it': This model isn't mapped yet. model=openrouter/google/gemma-4-26b-a4b-it, custom_llm_provider=openrouter. Add it here - https://github.com/BerriAI/litellm/blob/main/model_prices_and_context_window.json.. Using fallback context limit: 1000000
Parser warnings: - Extra text detected before JSON object
- Extra text detected after JSON object
Trajectory dumped to /var/essdata/s_chumakov/automl-journal/runs/autods-tabred/jobs/terminus-tabred-Msmall-20260829-175356/maps-routing__pS9LTfD/agent/trajectory.json
Failed to retrieve model info for 'openrouter/google/gemma-4-26b-a4b-it': This model isn't mapped yet. model=openrouter/google/gemma-4-26b-a4b-it, custom_llm_provider=openrouter. Add it here - https://github.com/BerriAI/litellm/blob/main/model_prices_and_context_window.json.. Using fallback context limit: 1000000
Parser warnings: - Extra text detected before JSON object
- Extra text detected after JSON object
Trajectory dumped to /var/essdata/s_chumakov/automl-journal/runs/autods-tabred/jobs/terminus-tabred-Msmall-20260829-175356/maps-routing__pS9LTfD/agent/trajectory.json
Failed to retrieve model info for 'openrouter/google/gemma-4-26b-a4b-it': This model isn't mapped yet. model=openrouter/google/gemma-4-26b-a4b-it, custom_llm_provider=openrouter. Add it here - https://github.com/BerriAI/litellm/blob/main/model_prices_and_context_window.json.. Using fallback context limit: 1000000
Sending keys: ['ls -l /app/predictions.csv\n'] min_timeout_sec: 0.1 max_timeout_sec: 180.0
Trajectory dumped to /var/essdata/s_chumakov/automl-journal/runs/autods-tabred/jobs/terminus-tabred-Msmall-20260829-175356/homesite-insurance__wtnTg5H/agent/trajectory.json
Failed to retrieve model info for 'openrouter/google/gemma-4-26b-a4b-it': This model isn't mapped yet. model=openrouter/google/gemma-4-26b-a4b-it, custom_llm_provider=openrouter. Add it here - https://github.com/BerriAI/litellm/blob/main/model_prices_and_context_window.json.. Using fallback context limit: 1000000
Parser warnings: - Extra text detected before JSON object
- Extra text detected after JSON object
Trajectory dumped to /var/essdata/s_chumakov/automl-journal/runs/autods-tabred/jobs/terminus-tabred-Msmall-20260829-175356/maps-routing__pS9LTfD/agent/trajectory.json
Failed to retrieve model info for 'openrouter/google/gemma-4-26b-a4b-it': This model isn't mapped yet. model=openrouter/google/gemma-4-26b-a4b-it, custom_llm_provider=openrouter. Add it here - https://github.com/BerriAI/litellm/blob/main/model_prices_and_context_window.json.. Using fallback context limit: 1000000
Parser warnings: - Extra text detected before JSON object
- Extra text detected after JSON object
Trajectory dumped to /var/essdata/s_chumakov/automl-journal/runs/autods-tabred/jobs/terminus-tabred-Msmall-20260829-175356/homesite-insurance__wtnTg5H/agent/trajectory.json
Failed to retrieve model info for 'openrouter/google/gemma-4-26b-a4b-it': This model isn't mapped yet. model=openrouter/google/gemma-4-26b-a4b-it, custom_llm_provider=openrouter. Add it here - https://github.com/BerriAI/litellm/blob/main/model_prices_and_context_window.json.. Using fallback context limit: 1000000
Parser warnings: - Extra text detected before JSON object
- Extra text detected after JSON object
Trajectory dumped to /var/essdata/s_chumakov/automl-journal/runs/autods-tabred/jobs/terminus-tabred-Msmall-20260829-175356/maps-routing__pS9LTfD/agent/trajectory.json
Parser warnings: - Extra text detected before JSON object
- Extra text detected after JSON object
Failed to retrieve model info for 'openrouter/google/gemma-4-26b-a4b-it': This model isn't mapped yet. model=openrouter/google/gemma-4-26b-a4b-it, custom_llm_provider=openrouter. Add it here - https://github.com/BerriAI/litellm/blob/main/model_prices_and_context_window.json.. Using fallback context limit: 1000000
Trajectory dumped to /var/essdata/s_chumakov/automl-journal/runs/autods-tabred/jobs/terminus-tabred-Msmall-20260829-175356/homesite-insurance__wtnTg5H/agent/trajectory.json
Trajectory dumped to /var/essdata/s_chumakov/automl-journal/runs/autods-tabred/jobs/terminus-tabred-Msmall-20260829-175356/homesite-insurance__wtnTg5H/agent/trajectory.json
Collecting main service artifacts
Parser warnings: - Extra text detected before JSON object
- Extra text detected after JSON object
Trajectory dumped to /var/essdata/s_chumakov/automl-journal/runs/autods-tabred/jobs/terminus-tabred-Msmall-20260829-175356/maps-routing__pS9LTfD/agent/trajectory.json
Failed to retrieve model info for 'openrouter/google/gemma-4-26b-a4b-it': This model isn't mapped yet. model=openrouter/google/gemma-4-26b-a4b-it, custom_llm_provider=openrouter. Add it here - https://github.com/BerriAI/litellm/blob/main/model_prices_and_context_window.json.. Using fallback context limit: 1000000
Parser warnings: - Extra text detected before JSON object
- Extra text detected after JSON object
Trajectory dumped to /var/essdata/s_chumakov/automl-journal/runs/autods-tabred/jobs/terminus-tabred-Msmall-20260829-175356/maps-routing__pS9LTfD/agent/trajectory.json
Failed to retrieve model info for 'openrouter/google/gemma-4-26b-a4b-it': This model isn't mapped yet. model=openrouter/google/gemma-4-26b-a4b-it, custom_llm_provider=openrouter. Add it here - https://github.com/BerriAI/litellm/blob/main/model_prices_and_context_window.json.. Using fallback context limit: 1000000
Parser warnings: - Extra text detected before JSON object
- Extra text detected after JSON object
Trajectory dumped to /var/essdata/s_chumakov/automl-journal/runs/autods-tabred/jobs/terminus-tabred-Msmall-20260829-175356/maps-routing__pS9LTfD/agent/trajectory.json
Failed to retrieve model info for 'openrouter/google/gemma-4-26b-a4b-it': This model isn't mapped yet. model=openrouter/google/gemma-4-26b-a4b-it, custom_llm_provider=openrouter. Add it here - https://github.com/BerriAI/litellm/blob/main/model_prices_and_context_window.json.. Using fallback context limit: 1000000
Trajectory dumped to /var/essdata/s_chumakov/automl-journal/runs/autods-tabred/jobs/terminus-tabred-Msmall-20260829-175356/homecredit-default__AY6RvUF/agent/trajectory.json
Failed to retrieve model info for 'openrouter/google/gemma-4-26b-a4b-it': This model isn't mapped yet. model=openrouter/google/gemma-4-26b-a4b-it, custom_llm_provider=openrouter. Add it here - https://github.com/BerriAI/litellm/blob/main/model_prices_and_context_window.json.. Using fallback context limit: 1000000
Parser warnings: - Extra text detected before JSON object
- Extra text detected after JSON object
Sending keys: [''] min_timeout_sec: 30.0 max_timeout_sec: 180.0
Trajectory dumped to /var/essdata/s_chumakov/automl-journal/runs/autods-tabred/jobs/terminus-tabred-Msmall-20260829-175356/homecredit-default__AY6RvUF/agent/trajectory.json
Failed to retrieve model info for 'openrouter/google/gemma-4-26b-a4b-it': This model isn't mapped yet. model=openrouter/google/gemma-4-26b-a4b-it, custom_llm_provider=openrouter. Add it here - https://github.com/BerriAI/litellm/blob/main/model_prices_and_context_window.json.. Using fallback context limit: 1000000
Parser warnings: - Extra text detected before JSON object
- Extra text detected after JSON object
Sending keys: ['C-c\n'] min_timeout_sec: 0.1 max_timeout_sec: 180.0
Sending keys: ['head -n 5 /app/predictions.csv && wc -l /app/predictions.csv\n'] min_timeout_sec: 0.1 max_timeout_sec: 180.0
Trajectory dumped to /var/essdata/s_chumakov/automl-journal/runs/autods-tabred/jobs/terminus-tabred-Msmall-20260829-175356/homecredit-default__AY6RvUF/agent/trajectory.json
Failed to retrieve model info for 'openrouter/google/gemma-4-26b-a4b-it': This model isn't mapped yet. model=openrouter/google/gemma-4-26b-a4b-it, custom_llm_provider=openrouter. Add it here - https://github.com/BerriAI/litellm/blob/main/model_prices_and_context_window.json.. Using fallback context limit: 1000000
Parser warnings: - Extra text detected before JSON object
- Extra text detected after JSON object
Sending keys: [''] min_timeout_sec: 2.0 max_timeout_sec: 180.0
Trajectory dumped to /var/essdata/s_chumakov/automl-journal/runs/autods-tabred/jobs/terminus-tabred-Msmall-20260829-175356/homecredit-default__AY6RvUF/agent/trajectory.json
Failed to retrieve model info for 'openrouter/google/gemma-4-26b-a4b-it': This model isn't mapped yet. model=openrouter/google/gemma-4-26b-a4b-it, custom_llm_provider=openrouter. Add it here - https://github.com/BerriAI/litellm/blob/main/model_prices_and_context_window.json.. Using fallback context limit: 1000000
Parser warnings: - Extra text detected before JSON object
- Extra text detected after JSON object
Sending keys: [''] min_timeout_sec: 2.0 max_timeout_sec: 180.0
Trajectory dumped to /var/essdata/s_chumakov/automl-journal/runs/autods-tabred/jobs/terminus-tabred-Msmall-20260829-175356/homecredit-default__AY6RvUF/agent/trajectory.json
Failed to retrieve model info for 'openrouter/google/gemma-4-26b-a4b-it': This model isn't mapped yet. model=openrouter/google/gemma-4-26b-a4b-it, custom_llm_provider=openrouter. Add it here - https://github.com/BerriAI/litellm/blob/main/model_prices_and_context_window.json.. Using fallback context limit: 1000000
Parser warnings: - Extra text detected before JSON object
- Extra text detected after JSON object
Sending keys: ['pkill -9 python3\n'] min_timeout_sec: 0.1 max_timeout_sec: 180.0
Sending keys: ['head -n 5 /app/predictions.csv && wc -l /app/predictions.csv\n'] min_timeout_sec: 0.1 max_timeout_sec: 180.0
Trajectory dumped to /var/essdata/s_chumakov/automl-journal/runs/autods-tabred/jobs/terminus-tabred-Msmall-20260829-175356/homecredit-default__AY6RvUF/agent/trajectory.json
Failed to retrieve model info for 'openrouter/google/gemma-4-26b-a4b-it': This model isn't mapped yet. model=openrouter/google/gemma-4-26b-a4b-it, custom_llm_provider=openrouter. Add it here - https://github.com/BerriAI/litellm/blob/main/model_prices_and_context_window.json.. Using fallback context limit: 1000000
Parser warnings: - Extra text detected before JSON object
- Extra text detected after JSON object
Sending keys: [''] min_timeout_sec: 2.0 max_timeout_sec: 180.0
Trajectory dumped to /var/essdata/s_chumakov/automl-journal/runs/autods-tabred/jobs/terminus-tabred-Msmall-20260829-175356/homecredit-default__AY6RvUF/agent/trajectory.json
Failed to retrieve model info for 'openrouter/google/gemma-4-26b-a4b-it': This model isn't mapped yet. model=openrouter/google/gemma-4-26b-a4b-it, custom_llm_provider=openrouter. Add it here - https://github.com/BerriAI/litellm/blob/main/model_prices_and_context_window.json.. Using fallback context limit: 1000000
Parser warnings: - Extra text detected before JSON object
- Extra text detected after JSON object
Sending keys: [''] min_timeout_sec: 2.0 max_timeout_sec: 180.0
Trajectory dumped to /var/essdata/s_chumakov/automl-journal/runs/autods-tabred/jobs/terminus-tabred-Msmall-20260829-175356/homecredit-default__AY6RvUF/agent/trajectory.json
Failed to retrieve model info for 'openrouter/google/gemma-4-26b-a4b-it': This model isn't mapped yet. model=openrouter/google/gemma-4-26b-a4b-it, custom_llm_provider=openrouter. Add it here - https://github.com/BerriAI/litellm/blob/main/model_prices_and_context_window.json.. Using fallback context limit: 1000000
Parser warnings: - Extra text detected before JSON object
- Extra text detected after JSON object
Sending keys: ['ls -l /app/predictions.csv\n'] min_timeout_sec: 0.1 max_timeout_sec: 180.0
Trajectory dumped to /var/essdata/s_chumakov/automl-journal/runs/autods-tabred/jobs/terminus-tabred-Msmall-20260829-175356/homecredit-default__AY6RvUF/agent/trajectory.json
Failed to retrieve model info for 'openrouter/google/gemma-4-26b-a4b-it': This model isn't mapped yet. model=openrouter/google/gemma-4-26b-a4b-it, custom_llm_provider=openrouter. Add it here - https://github.com/BerriAI/litellm/blob/main/model_prices_and_context_window.json.. Using fallback context limit: 1000000
Parser warnings: - Extra text detected before JSON object
- Extra text detected after JSON object
Sending keys: ['cat /app/predictions.csv | head -n 5\n'] min_timeout_sec: 0.1 max_timeout_sec: 180.0
Trajectory dumped to /var/essdata/s_chumakov/automl-journal/runs/autods-tabred/jobs/terminus-tabred-Msmall-20260829-175356/homecredit-default__AY6RvUF/agent/trajectory.json
Failed to retrieve model info for 'openrouter/google/gemma-4-26b-a4b-it': This model isn't mapped yet. model=openrouter/google/gemma-4-26b-a4b-it, custom_llm_provider=openrouter. Add it here - https://github.com/BerriAI/litellm/blob/main/model_prices_and_context_window.json.. Using fallback context limit: 1000000
Parser warnings: - Extra text detected before JSON object
- Extra text detected after JSON object
Sending keys: ['killall -9 python3\n'] min_timeout_sec: 0.1 max_timeout_sec: 180.0
Sending keys: ['head -n 5 /app/predictions.csv && wc -l /app/predictions.csv\n'] min_timeout_sec: 0.1 max_timeout_sec: 180.0
Trajectory dumped to /var/essdata/s_chumakov/automl-journal/runs/autods-tabred/jobs/terminus-tabred-Msmall-20260829-175356/homecredit-default__AY6RvUF/agent/trajectory.json
Failed to retrieve model info for 'openrouter/google/gemma-4-26b-a4b-it': This model isn't mapped yet. model=openrouter/google/gemma-4-26b-a4b-it, custom_llm_provider=openrouter. Add it here - https://github.com/BerriAI/litellm/blob/main/model_prices_and_context_window.json.. Using fallback context limit: 1000000
Parser warnings: - Extra text detected before JSON object
- Extra text detected after JSON object
Sending keys: ['C-c\nC-c\n'] min_timeout_sec: 0.1 max_timeout_sec: 180.0
Sending keys: ['head -n 5 /app/predictions.csv && wc -l /app/predictions.csv\n'] min_timeout_sec: 0.1 max_timeout_sec: 180.0
Trajectory dumped to /var/essdata/s_chumakov/automl-journal/runs/autods-tabred/jobs/terminus-tabred-Msmall-20260829-175356/homecredit-default__AY6RvUF/agent/trajectory.json
Failed to retrieve model info for 'openrouter/google/gemma-4-26b-a4b-it': This model isn't mapped yet. model=openrouter/google/gemma-4-26b-a4b-it, custom_llm_provider=openrouter. Add it here - https://github.com/BerriAI/litellm/blob/main/model_prices_and_context_window.json.. Using fallback context limit: 1000000
Parser warnings: - Extra text detected before JSON object
- Extra text detected after JSON object
Sending keys: ['ls /app/predictions.csv\n'] min_timeout_sec: 1.0 max_timeout_sec: 180.0
Trajectory dumped to /var/essdata/s_chumakov/automl-journal/runs/autods-tabred/jobs/terminus-tabred-Msmall-20260829-175356/homecredit-default__AY6RvUF/agent/trajectory.json
Failed to retrieve model info for 'openrouter/google/gemma-4-26b-a4b-it': This model isn't mapped yet. model=openrouter/google/gemma-4-26b-a4b-it, custom_llm_provider=openrouter. Add it here - https://github.com/BerriAI/litellm/blob/main/model_prices_and_context_window.json.. Using fallback context limit: 1000000
Parser warnings: - Extra text detected before JSON object
- Extra text detected after JSON object
Sending keys: ['ls -l /app/predictions.csv\n'] min_timeout_sec: 0.1 max_timeout_sec: 180.0
Trajectory dumped to /var/essdata/s_chumakov/automl-journal/runs/autods-tabred/jobs/terminus-tabred-Msmall-20260829-175356/homecredit-default__AY6RvUF/agent/trajectory.json
Failed to retrieve model info for 'openrouter/google/gemma-4-26b-a4b-it': This model isn't mapped yet. model=openrouter/google/gemma-4-26b-a4b-it, custom_llm_provider=openrouter. Add it here - https://github.com/BerriAI/litellm/blob/main/model_prices_and_context_window.json.. Using fallback context limit: 1000000
Parser warnings: - Extra text detected before JSON object
- Extra text detected after JSON object
Failed to retrieve model info for 'openrouter/google/gemma-4-26b-a4b-it': This model isn't mapped yet. model=openrouter/google/gemma-4-26b-a4b-it, custom_llm_provider=openrouter. Add it here - https://github.com/BerriAI/litellm/blob/main/model_prices_and_context_window.json.. Using fallback context limit: 1000000
Parser warnings: - Extra text detected before JSON object
- Extra text detected after JSON object
Trajectory dumped to /var/essdata/s_chumakov/automl-journal/runs/autods-tabred/jobs/terminus-tabred-Msmall-20260829-175356/homecredit-default__AY6RvUF/agent/trajectory.json
Failed to retrieve model info for 'openrouter/google/gemma-4-26b-a4b-it': This model isn't mapped yet. model=openrouter/google/gemma-4-26b-a4b-it, custom_llm_provider=openrouter. Add it here - https://github.com/BerriAI/litellm/blob/main/model_prices_and_context_window.json.. Using fallback context limit: 1000000
Parser warnings: - Extra text detected before JSON object
- Extra text detected after JSON object
Trajectory dumped to /var/essdata/s_chumakov/automl-journal/runs/autods-tabred/jobs/terminus-tabred-Msmall-20260829-175356/homecredit-default__AY6RvUF/agent/trajectory.json
Trajectory dumped to /var/essdata/s_chumakov/automl-journal/runs/autods-tabred/jobs/terminus-tabred-Msmall-20260829-175356/homecredit-default__AY6RvUF/agent/trajectory.json
Collecting main service artifacts
Output length exceeded: Model openrouter/google/gemma-4-26b-a4b-it hit max_tokens limit. Response was truncated. Consider increasing max_tokens if possible.
Failed to retrieve model info for 'openrouter/google/gemma-4-26b-a4b-it': This model isn't mapped yet. model=openrouter/google/gemma-4-26b-a4b-it, custom_llm_provider=openrouter. Add it here - https://github.com/BerriAI/litellm/blob/main/model_prices_and_context_window.json..
Parser warnings: - Extra text detected before JSON object
- Extra text detected after JSON object
Trajectory dumped to /var/essdata/s_chumakov/automl-journal/runs/autods-tabred/jobs/terminus-tabred-Msmall-20260829-175356/maps-routing__pS9LTfD/agent/trajectory.json
Failed to retrieve model info for 'openrouter/google/gemma-4-26b-a4b-it': This model isn't mapped yet. model=openrouter/google/gemma-4-26b-a4b-it, custom_llm_provider=openrouter. Add it here - https://github.com/BerriAI/litellm/blob/main/model_prices_and_context_window.json.. Using fallback context limit: 1000000
Parser warnings: - Extra text detected before JSON object
- Extra text detected after JSON object
Trajectory dumped to /var/essdata/s_chumakov/automl-journal/runs/autods-tabred/jobs/terminus-tabred-Msmall-20260829-175356/maps-routing__pS9LTfD/agent/trajectory.json
Failed to retrieve model info for 'openrouter/google/gemma-4-26b-a4b-it': This model isn't mapped yet. model=openrouter/google/gemma-4-26b-a4b-it, custom_llm_provider=openrouter. Add it here - https://github.com/BerriAI/litellm/blob/main/model_prices_and_context_window.json.. Using fallback context limit: 1000000
Parser warnings: - Extra text detected before JSON object
- Extra text detected after JSON object
Trajectory dumped to /var/essdata/s_chumakov/automl-journal/runs/autods-tabred/jobs/terminus-tabred-Msmall-20260829-175356/maps-routing__pS9LTfD/agent/trajectory.json
Trajectory dumped to /var/essdata/s_chumakov/automl-journal/runs/autods-tabred/jobs/terminus-tabred-Msmall-20260829-175356/maps-routing__pS9LTfD/agent/trajectory.json
Collecting main service artifacts
