Index,GrainYield
11,213.29536212345752
16,209.3322326596216
434,90.31282221094622
435,89.36956111717735
436,92.5513492351063
437,92.46639243779282
438,104.61431686170785
439,95.92080061033244
440,94.95713536689739
441,108.96517417306674
442,95.16399480237885
443,108.02191307929787
444,106.83971457013182
445,107.32798787829303
446,103.38965119763391
447,109.21030168347012
448,106.10641325687774
449,113.06746209611293
450,106.48746934006137
451,118.4403193697865
452,118.86805802184227
453,104.44910143224817
454,129.34661063480584
455,127.98451323848886
456,118.98019959142651
457,119.92017341413113
458,121.49111271219012
459,130.30761511821228
460,124.9773814663452
461,118.50570686370882
462,103.0696240377344
463,118.86177089904145
464,127.94745959041524
465,129.19932261555456
466,128.46896160435017
505,152.69243311006065
506,153.9897377370719
507,122.0673100985666
508,132.08658193054038
541,198.297202143848
641,188.44026280133548
642,192.54234261930654
643,179.96470238519012
644,148.0733981216572
645,175.73261174768825
646,167.9978554939846
647,151.22766753683743
648,182.24863000151814
649,154.13390421431276
650,149.32418342248323
652,142.06967110972622
653,159.10283641155166
654,153.00675443045162
656,152.0608832135648
657,153.03346935573393
658,142.8416999216514
659,133.66110415718347
660,142.06967110972622
661,157.63461983216962
663,160.2969994195072
664,155.0363814176057
665,171.62083494881574
666,160.23358334965474
667,142.8416999216514
668,175.1543280313888
670,151.50666261769868
671,135.3921868135206
672,153.70340168019186
799,192.33190125693585
800,195.96966650920115
806,195.0448420195408
807,185.27434115744367
809,171.82140538203382
811,185.98660919549758
813,189.41257105514933
816,184.9696977968355
820,199.01351179135776
821,196.84499324393107
824,193.53512549252466
825,196.4447799801954
828,194.50393891059022
888,180.40737760453231
892,223.63107910747146
895,192.07229607542698
1018,88.616617097453
1019,89.52758030914443
1030,176.7720974421736
1031,175.84248688686057
1036,168.21328582965273
1047,177.21359961424776
1061,182.3287550814095
1126,154.8391624200112
1165,134.82457653739328
1166,130.49008454509482
1167,137.07913043110807
1168,130.805814571328
1179,117.8678324727177
1197,186.20005540099152
1320,92.26829790361431
1321,112.50490512364048
1350,169.31195593292884
1419,136.47051098551302
1420,142.52191162888494
1466,128.25040807058517
1468,134.06352299886225
1469,129.0775245210131
1482,120.73999722731084
1483,106.21396554983403
1484,109.5720089328964
1485,96.43461180996529
1502,161.68934628452
1505,199.33824961805166
1506,199.1836319068888
1509,178.56909585087467
1510,179.27768367011936
1650,86.90531256073696
1651,87.03442953100048
1678,173.77131304038267
1743,119.74398875090338
1744,126.5115767827538
1795,114.50904775444864
1796,121.21220641089498
1801,135.82019792251089
1813,119.03850012923807
1833,198.66812261320547
1834,179.55216250188968
1838,227.89450949111378
1839,203.91514097868014
1841,173.3076474955478
1973,112.80481817057418
1974,107.68229711030916
1977,124.77671104860579
1978,131.69762438841826
2063,138.4526816942963
2064,144.65064656479362
2065,129.5320503307932
2078,114.68045363063031
2091,168.66175123067703
2094,194.175594794658
2095,212.99511229607143
2098,195.66437569897235
2344,130.2293933322552
2369,188.45076477628217
2370,219.09416671831835
2373,250.2198678514716
2374,252.86476053009807
2376,210.897374895606
2500,102.17736365621418
2501,102.86739165374591
2526,171.6297919870843
2527,174.54383141810155
2593,149.28700189203673
2594,156.22817554165516
2648,151.9068262240693
2649,136.50497167550097
2662,143.9812791017099
2663,132.97201789164728
2681,205.50331601529106
2800,112.10020281779279
2801,118.64254848176574
2813,134.13263061932497
2815,155.27088676663206
2816,148.8755426524033
2819,193.77694363586275
2820,197.16729749006853
2835,200.53724646422123
2836,188.152438515925
2852,180.56780910579874
2921,148.3336514152174
2977,156.2613595584282
2991,160.16632327509703
2992,131.7999644427586
2993,163.9949946135632
3008,112.93202774565175
3013,136.35433372349462
3183,113.93235703888294
3208,84.32944689176912
3216,139.89411776678216
3217,145.17885398140947
3220,89.82828500004014
3223,185.27247793304508
3334,51.7832250490478
3335,61.02423396109043
3346,101.80370340603503
3347,114.20286470969795
3350,147.9681412460186
3351,140.46958499254973
3357,162.11457114397749
3366,129.94204742076485
3381,154.28702610176933
3455,131.38567585689523
3486,99.31929825687577
3488,99.61155986939718
3489,99.1208314555407
3495,196.75211818280658
3623,121.26805473179658
3624,135.3693922212868
3634,156.50913211743728
3635,148.77987811868448
3639,160.2438952957476
3640,181.6172946745925
3645,183.84948419430282
3654,190.21627095903744
3655,177.03140631350615
3668,190.4423749290547
3669,193.73074624629456
3739,135.33336845859034
3740,143.30898319560657
3789,122.33006384917756
3790,117.38826719121367
3791,145.09278829812445
3800,133.54682354908158
3802,125.25111510569059
3976,88.76091476749536
3977,92.89014156471411
3982,146.4123829970175
3983,120.45376525668385
4064,138.5969157286356
4111,125.48567863199862
4112,134.75211577793755
4124,118.27289746905822
4139,205.97768922962953
4140,198.89097053335118
4259,95.19340072224651
4260,101.09984592441705
4269,152.34266427218327
4273,154.54249223617902
4282,160.10887404185692
4358,151.0738829417983
4359,145.1766272425925
4412,128.44481268502824
4417,138.75789386214097
4430,115.8681457771126
4432,107.16200374630371
4444,208.3042748968989
4445,206.73903853291807
4644,157.76562064107108
4697,154.0029964078931
4698,152.52749404298902
4703,159.65591588282192
4704,155.30085205358716
4717,142.4635449166757
4719,119.563501458963
4720,129.28325750806178
4731,183.9414890836195
4732,173.7741198632733
4735,221.06273294683052
4736,225.42381639508622
4740,127.39673976494484
4864,108.03515786382816
4865,108.60517587129274
5030,130.554811807291
5034,132.84254409382254
5049,109.60455920013618
5050,103.14854515414362
5062,216.40311238286876
5070,172.96099342507594
5186,99.86884306400968
5187,113.96889339952385
5188,106.39957298988575
5189,105.945855533742
5206,162.20434702640242
5214,170.26167368073797
5215,170.86196244185393
5216,159.91944333246568
5217,167.52180704664235
5227,177.93269312556615
5248,165.59259909827486
5249,173.20940088145537
5250,176.95638294883256
5251,174.05881423853182
5253,184.11720746555483
5254,179.83218593930476
5255,198.47488894716636
5284,176.0891068581082
5401,160.46200770356577
5452,145.30565295921076
5456,154.69066536624752
5457,145.13030636541276
5468,129.81980391010603
5470,125.42202538568782
5471,111.11331139797063
5524,203.74629543567576
5563,217.33213911060545
5594,174.80411274817797
5716,102.69830106944629
5717,108.51016544674064
5722,149.3694227063403
5726,171.651878848301
5727,175.37326010524802
5793,132.18627386483627
5812,133.8013482555208
5822,120.62282456881434
5854,195.24091898133136
5932,201.68912229162984
6062,159.25032263028123
6067,198.9640937597155
6071,172.6750731880857
6176,96.50043151360141
6177,95.31127852256928
6191,126.79269359738802
6193,97.10321323768876
6197,135.25406514139243
6211,148.79045685997468
6212,151.93123244154003
6226,157.53959454727297
6290,118.7462176414987
6381,202.66827347044725
6443,228.4688587045106
6647,198.00834935214579
6821,182.73114494078564
6935,205.7519008679224
6978,181.58691266415585
7007,145.7167686327513
7091,187.37303922911823
7256,207.96095545683872
7260,216.18706212886636
7262,214.24454099034403
7378,111.43089685113166
7379,110.79061629739539
7393,182.22775523198865
7413,191.41289489097073
7414,191.12132022404168
7483,148.02281258252106
7484,123.18408186632584
7534,144.76145495878222
7540,148.21196220142338
7552,134.2561836134055
7553,144.26136532087517
7555,118.66360411106758
7890,212.27180083073554
8061,198.89154044581736
8253,203.60390797708732
8285,203.95024574688543
8316,219.388964649148
8704,221.25013113136436
9004,235.94940576871957
9103,214.30238540441516
9175,210.638498040096
9209,199.49843876648762
9220,202.65824006971187
9541,166.97800777816533
9701,197.75412769646914
9735,204.17716250726764
9816,200.64651752170496
9939,234.71050102348372
9965,218.59303149749846
10200,176.91733954962467
10272,218.9291224591232
10273,202.45857445822247
10349,168.42234685078753
10350,184.10685517308414
10353,177.86388519866156
10363,240.6000267885741
10364,240.46247270634402
10365,237.6795384017393
10367,216.25280128706743
10430,229.13819475979946
10431,228.45097789249184
10477,200.7182792232027
10480,237.2957422185189
10482,210.32424145618458
10548,205.95115535083698
10651,202.10624821893944
10655,214.85697782548186
10702,203.3720817789025
10754,183.1374093684555
10756,226.3742919791937
10825,206.06642452750992
10829,242.0894140177967
10878,242.7672732447049
10879,202.22463844552323
10926,211.6601928275364
10927,181.32258473062467
10929,234.634415780401
10931,218.9299859072674
10979,227.65329385232852
10981,211.4073987530309
11083,222.1254225745594
11084,219.06504226679496
11085,202.40344396994476
11139,166.10512208830977
11188,208.21056852825808
11346,171.95492644190347
11349,103.85104015992772
11350,204.44041340026703
11405,202.10746501012625
11406,198.6035102563867
11508,215.21647039328133
11558,174.69207470939932
11563,221.59663142104426
11611,189.4205468220202
11613,241.37251068957966
11667,209.5089925157249
11669,204.79677087400927
11670,200.14831138658383
11744,151.82217131861532
11748,196.4809567503254
11818,183.43629490165142
11823,196.96173347406963
11869,171.9513749817002
11872,206.28991390652453
11991,166.22985338716018
11994,239.14623141098124
12040,205.5273468979132
12043,240.95203954618975
12096,144.20653388223576
12268,214.86160438178985
12317,178.31179995496356
12398,226.57873770466207
12491,178.68379677949497
12493,227.58112489433452
12494,240.30008180000206
12544,195.0779309797771
12545,143.23413128797608
12598,165.98364266286256
12698,194.76866007771915
12771,188.42430283978769
12826,206.04702274799862
12948,198.66962372688863
12950,228.71614603861397
12951,225.70848324200776
12953,192.13599006178652
13092,105.14066757251487
13093,137.6742553927199
13102,154.00991488408485
13104,123.5117810788977
13105,111.72652309664086
13108,182.3543200547955
13114,173.0713580351052
13124,179.69053057765987
13139,185.59389338023593
13202,139.0429484241854
13245,240.27258507681887
13246,235.82484157325618
13299,212.71815432846222
13346,189.42507155499328
13477,188.94081381658032
13480,225.16304484082315
13531,172.9122723529745
13585,202.34025064401493
13586,176.8131507031876
13635,236.98876665831594
13636,217.14359122399028
13688,195.89036499311968
13689,191.2554399624565
13740,196.20116339023105
13787,175.7265615649355
13789,189.0808366111293
13842,209.33083075896585
13843,185.48110538581574
13846,239.76570884750396
13847,236.67581994087655
13976,158.78203095299932
13979,227.89114790328182
14089,177.2814768688461
14092,130.8624332850658
14144,180.00673620316414
14197,169.46198917914222
14248,171.07197520334196
14322,163.38307838784797
14325,183.92145995629562
14376,212.3649686407628
14440,202.38548914004076
14441,188.40796051191168
14490,186.84397260591945
14493,216.85354038910654
14494,206.19143040886897
14495,197.7871525111202
14568,174.33915054780417
14570,157.24688822901376
14571,236.26988340662166
14572,220.40915453133164
14619,234.0538855421672
14671,193.22149410055474
14674,241.73629626187963
14675,215.3026493716422
14722,188.57375110566193
14725,222.60219297968007
14726,207.13724244964888
14771,170.91655174241637
14775,183.93560581452238
14840,238.17440138562796
14842,209.34668650239544
14891,210.72470001867134
14940,177.4986054226598
14943,206.0008865506859
14988,190.7347596994185
15060,190.74650422456065
15064,242.58547593966264
15065,213.2453581106946
15114,173.74160059949892
15117,228.94076680925548
15226,174.96341669516968
15229,238.37547666754472
15230,216.71905830553717
15341,244.8155954427406
15343,204.72607152471
15390,228.82971615014685
15477,197.89581211200374
15529,189.48842361718948
15531,241.33733759042127
15532,241.91582021741425
15603,209.01337151018836
15653,173.47169349676332
15656,206.6048249521378
15658,174.85443822568777
15726,220.49085613169117
15773,180.35091265162893
15776,242.60506896499163
15845,217.08835383529933
15848,237.46601525307577
15898,187.97411351771717
16012,203.74423502162614
16015,238.3467563853595
16016,232.23735919712067
16094,208.6472309907711
16314,174.93448471592933
16316,225.68470318038533
16317,224.0008918785367
16386,162.4998275146172
16389,187.24518444988243
16390,176.9016430741825
16436,187.5561155577022
16483,179.99519701363576
16554,208.28100093223637
16557,243.46508429230067
16713,177.19812622267875
16797,205.23940258930986
16799,230.33225965214464
16801,193.3656757573305
16893,206.51554196866738
16944,245.65201790680536
16945,243.37485071831136
16993,208.74260540978054
17085,192.6347228757001
17138,192.60295541674705
17209,240.51734073555716
17259,158.8210113493391
17262,191.3533912872574
17311,207.9983928021675
17313,142.79125594656378
17384,212.8561137205407
17453,171.26761528520422
17455,223.8847908879479
17456,224.27926188939918
17506,220.28914635223848
17612,166.48147636329026
17615,240.66539933103175
17875,202.93086937267907
17880,214.15365390471052
18007,175.99743660182182
18008,167.2076660328047
18011,246.44745957874264
18014,215.6884046179568
18038,206.52119131226857
18040,210.98800756031076
18085,189.53367378351254
18087,241.2350837042265
18088,237.12994756801376
18130,165.26100248240328
18133,227.78598380141327
18135,204.3394192085779
18232,182.03120231479957
18234,241.9530672890513
18303,192.36730317632882
18306,222.80581630149547
18307,142.95839443936993
18451,184.02056495385003
18455,236.21708414802356
18500,183.5535365922697
18503,244.00975575040616
18571,238.86682842402962
18572,213.0100741964955
18616,162.19365982057587
18618,203.7237193621919
18619,195.58364859294815
18664,150.6934297859353
18757,202.66457649619701
18895,188.52098946571806
18898,230.58457631678655
19036,172.16554709585037
19041,183.29512963534728
19159,192.7695519725258
19288,204.54965374835658
19292,212.92826803922824
19405,184.48675853236816
19407,239.82806109832248
19410,216.5327405296456
19478,204.58303623211052
19580,199.03279299307675
19632,225.20875024716946
19677,182.01039567301
19680,218.34873019820517
19681,191.23783967983243
19750,192.6424508866235
19803,240.15050507488468
19804,199.70402396763583
19848,173.66972433428896
19919,244.133686421414
19920,242.3576901519854
19921,193.9504718120142
19988,202.17595616587528
19993,235.58143472296203
20087,192.75982725622242
20235,183.3744369706392
20238,243.62195596082663
20403,180.70984773558567
20452,172.9122723529745
20506,186.6107101975405
20554,236.00015420443358
20602,198.9118088431082
20648,239.87621058187875
20705,204.07666718553898
20752,180.7462333716615
20804,189.46076276874288
20807,242.43429329616805
20906,161.52857557851192
20909,88.15733460699279
20910,200.35953047373798
20957,199.31142670369695
21010,231.60998168553115
21011,220.2185698430351
21058,244.1821609139453
21106,181.17231640510897
21162,206.7430529301065
21165,239.8414483557224
21233,187.28559736582514
21282,144.0800470988232
21337,240.39210024182634
21339,209.58764061398574
21406,203.88432230508883
21458,204.6257380671041
21502,168.55100564916873
21506,228.8956648436136
21508,184.74115853332466
21555,191.7746656972532
21701,206.3849823769968
21704,242.78483879998043
21750,180.47530802501515
21753,233.52275498536798
21800,171.6387914015352
22024,194.09703887231993
22076,152.0566917758615
22078,210.10104865967168
22127,226.40419047748392
22180,236.0997553336803
22230,228.666426725059
22302,210.43042259770934
22408,173.00092758639772
22411,186.96231450751165
22462,246.53113229218482
22463,245.53455171553227
22464,226.79663102424715
22585,180.88076223151273
22588,208.35155630426468
22653,206.3849823769968
22655,240.31039406788256
22656,240.94545098353495
22708,221.55713875153413
22753,169.33972537533492
22806,176.42703486937668
22808,218.19208981173853
22811,174.9114429976959
22856,180.02207563353326
22860,216.85259983957093
22908,175.0449492576743
22911,193.08265786338438
22960,193.68161906835095
23014,240.61448121002633
23064,236.6629546639826
23113,184.07135181730382
23163,241.88944213729206
23164,245.36320733714
23212,174.15370651002954
23301,182.87403526136137
23353,212.0915024524236
23399,189.13619654285654
23451,182.9980614967049
23553,238.1383432623691
23599,185.12939255782595
23600,193.8343481234394
23604,229.95563508881014
23605,198.89423623052488
23652,196.77003135851473
23700,186.4214116028609
23704,207.8110191107715
23755,214.05666369020244
23818,152.79758028354098
23822,186.9964258625197
23873,243.15126094332857
23923,210.20010077914947
23978,171.60778337524403
23981,220.31627144238513
24077,159.7352881989381
24236,167.47697234193168
24241,194.40432153810704
24310,244.03358036119988
24399,195.62585563956773
24454,203.36870942838158
24505,242.797520565233
24549,160.31784839024994
24598,171.86323452552426
24601,224.45573819576822
24673,240.68961829773667
24719,182.89086358637553
24766,203.3275140118851
24769,240.33490770787972
24816,208.7152099995751
24870,238.67307672681764
24871,237.69632699740023
24916,200.6085711037511
24919,241.9200621084137
24962,239.4282798383436
24964,223.8286943850121
25008,179.84690626833586
25059,196.14579528348565
25063,216.13465241903626
25113,224.7446302069579
25290,196.7941446998825
25334,196.8744791203464
25402,175.7802442676757
25497,181.9290135377099
25500,204.08802983224257
25545,173.54475681101096
25549,212.1771476367692
25671,201.47924186931579
25734,210.55285701295887
25737,244.94223022013614
25738,218.4712106643868
25789,220.97121087710474
25836,194.22767590642172
25838,237.04139190405903
25839,237.54360114753254
25840,215.635453488464
25885,180.7462333716615
25888,234.6220721252968
25932,170.0300312086986
25936,183.48516243003084
25980,194.11183039198198
26010,237.61256211334765
26012,222.84465795135299
26055,178.65290768336396
26059,200.88477291089845
26105,223.53059752167383
26203,214.25602383349747
26253,181.4856263759642
26420,184.1634212593223
26424,210.61064065508728
26519,213.17653965200725
26538,193.01806519906182
26578,198.36351848967314
26642,190.35576276018455
26773,216.17852953192852
26848,233.97142321844308
26947,229.25969601929438
27108,219.38209776314577
27129,173.76055154818852
27319,203.7026402585112
27489,197.6857460411951
27516,167.84901338543435
27617,202.7451728939393
27659,190.10621703893682
27679,203.5379595790482
27844,204.12764121029613
27866,211.71567040334617
27908,218.87090247209255
27932,205.4998578825868
27979,224.27187764278392
28172,194.12870255079415
28213,174.75024461620742
28360,205.68546728613137
28491,204.9263984021707
28542,211.72936104927896
28604,216.07867381176334
28951,151.49496588200847
29065,233.00232689317608
29254,205.26882027780823
30001,195.66006398797919
30134,206.5226063830652
30166,197.95986234957215
30368,209.20845307751574
30430,187.17568966137665
30545,163.89827843493796
30807,219.04193955406595
30956,204.93956300476614
31122,191.02039021993858
31145,201.0952510355782
31207,234.68377506063976
31696,206.07130905547237
31738,183.8954496257609
31783,178.45266600539358
31835,188.86995790770558
31895,203.25372931852075
31944,170.53350742930422
31998,173.78881971096223
32000,229.6006015563632
32049,180.7824171605665
32050,179.69410300376123
32055,188.46770685301198
32104,229.21561173548693
32156,137.8763276487322
32158,176.6675811618214
32246,173.7214385816551
32335,241.80059890552513
32382,187.69892549565787
32384,234.86177517545858
32386,205.45474580231527
32455,225.43559206835667
32456,231.16301276665467
32457,182.75159648857988
32506,170.52868862751774
32578,241.97910227352233
32626,165.75114397111724
32676,168.22916140709458
32678,188.4602106204821
32679,206.69941352744854
32727,209.20747980377402
32771,184.73834214396155
32860,179.17795451591064
32863,238.15852524077965
32910,201.28137661085495
32914,226.93305425505287
32958,194.07725340384545
32959,191.48635190180474
32962,239.4122973150577
33008,204.25256289938386
33061,166.18420722402567
33062,153.74028844245223
33107,202.78478529134455
33125,205.75300454383876
33209,205.062649883431
33310,170.16079859579918
33313,240.2057401881507
33362,163.53642776915416
33365,228.33827279714728
33366,220.69659297224496
33367,206.03017883243294
33411,186.966717951022
33415,218.9921352882275
33505,198.67874050218313
33530,173.06961034296705
33533,237.56859907237015
33581,206.8656103856216
33675,203.43274094596327
33777,180.12126579094246
33780,190.98470814851436
33832,241.5473702530848
33919,217.87286773435605
33965,195.76341177755887
33966,173.89855674540564
33970,214.83486196244314
34020,181.21413193446332
34022,213.56178297534152
34023,237.610544113603
34074,182.0529909453265
34127,126.01914172017555
34129,209.1611572679578
34179,196.53310339821655
34276,176.29351079618522
34278,179.1538756159531
34279,215.92003173324795
34281,205.79871502846999
34329,200.95496238076421
34381,201.7286791826677
34430,164.23123447682073
34473,168.77227444776523
34476,189.27024172888892
34620,168.86860679519228
34622,184.08722119383341
34623,180.26926398120224
34704,173.83954550006627
34706,191.83035569311446
34709,158.31656322302416
34753,169.01593833960447
34757,236.06693754458792
34856,167.87878586708987
34958,242.66450280712766
35008,228.56312180385703
35009,165.3963394195098
35114,203.85974751029212
35117,221.86089161497546
35169,204.0166463818153
35234,183.461086379837
35238,200.02083056625284
35312,241.7301035829404
35313,222.23247480723882
35393,221.67143263958638
35437,180.69249854988607
35439,243.1952254818013
35440,235.4712637697621
35525,202.15461489854798
35529,244.00211248908306
35575,207.26774407368632
35742,175.56980158652527
35790,201.69128083653138
35794,208.3760603416102
35930,209.9313910481534
35935,211.68950130370203
36005,239.45360397323338
36113,243.1112128801423
36114,242.80681947793923
36115,212.99230640628022
36200,236.19941758529697
36202,211.957026604862
36299,232.01972501481475
36300,207.47303325880088
36345,178.3603860422092
36347,189.23613953747176
36394,180.3156593890542
36396,228.82441366021487
36446,161.43111974012825
36449,206.42003383245535
36450,205.5978301865519
36499,171.10096130987688
36553,214.83472552420963
36640,202.5775520124005
36687,240.40609856009698
36731,168.67664161007306
36735,180.23771977381278
36776,167.077975196159
36779,200.64744274036372
36781,204.5939771359648
36827,177.27292516221902
36931,182.6711226357724
36934,238.96079048255373
36935,244.94811536745007
36979,195.36908766761596
36982,235.12520258501542
36983,211.41164414879287
37031,180.45186616491443
37033,241.18620504236173
37034,238.3962536900235
37036,216.3822755411638
37081,210.367286946799
37130,190.88185078470835
37233,246.46210983077128
37350,219.48451833794297
37435,208.333697853981
37439,238.67166930053108
37485,198.48932605669677
37489,241.90340137433049
37490,220.7383300400105
37537,196.84800995607432
37585,241.30757298540382
37586,241.79593678459216
37632,169.05394401512908
37688,212.81136251557996
37735,181.63549920533563
37738,221.3800035819383
37790,219.41630090864217
37834,195.6530992837239
37837,216.85587164180697
37889,215.93191303220698
37936,169.19001944617156
37938,220.69619826937594
37985,181.39667538079263
37987,225.8147492130333
38039,243.76379738167435
38229,161.33906815827578
38232,109.84452313669559
38281,164.6038706391098
38284,240.19044434328424
38327,158.64746117038266
38330,192.7296720727137
38376,174.4234640821618
38431,213.48012799674234
38525,160.77175277872175
38574,173.28733510811432
38576,88.28872841983865
38730,174.8915948029214
38734,186.11504666601738
38800,162.20764032534152
38804,190.33950186216492
38870,178.14603998438545
38874,187.4984054344719
38919,199.8174432843172
38922,233.67391531706252
38967,173.16399576115242
38970,237.6935918973554
39059,169.2027325967709
39060,164.21617702544089
39113,233.8666014929125
39179,196.23998942375158
39182,230.69634017989773
39276,188.5674884970202
39377,177.82941537381834
39380,232.55580639114177
39382,204.9920436183748
39425,188.64871560214434
39429,241.30867036547806
39430,237.54092109849984
39494,183.2024370212364
39497,242.7349825208927
39638,240.90616023518942
39690,231.84759601343274
39743,220.34394142962125
39805,179.17795451591064
39853,186.61574068568018
39855,240.9515865316026
39900,178.64307717254252
39903,238.17730579524294
39952,192.3091963366621
39955,245.16200044155482
40028,205.44904436826207
40073,192.00419533594058
40074,193.95332170075034
40118,201.4647909382269
40169,194.7897729563056
40217,164.61413503164766
40220,180.27731610540812
40312,165.72619550776375
40316,200.15819258795705
40317,213.10810070846205
40396,176.60231500842104
40397,188.298920896474
40443,224.056419556859
40444,179.59399100218707
40494,230.36783067630108
40560,226.69780335271398
40795,150.3048468229263
40798,186.82674608623262
40866,229.45725092263496
40913,182.45048755958413
40917,155.6805359500522
40982,194.21179901114579
40986,193.20316764327217
41053,178.8900771091104
41057,191.2337017258622
41213,195.36571842255847
41331,212.03335298218585
41353,152.11998629667028
41567,206.2373692288496
41568,200.99705812523135
41595,207.8954169528898
41767,196.554330718463
41800,201.3629860092837
41801,197.91549824961228
41824,184.7156254431333
41901,195.59114907809857
41928,209.63504857410447
42008,151.67472413371553
42009,149.1739404389785
42014,115.28683092503523
42015,133.82537614309015
42075,213.6813071561177
42076,217.9238644869819
42110,210.09395932078675
42135,76.40225873869838
42136,79.58737863065285
42145,153.56626428192448
42146,147.29387239553907
42147,115.9542650595261
42151,158.76579514288505
42152,156.37179978391944
42157,161.85526329423996
42167,146.46516636788982
42182,161.55845870125054
42319,200.8200371364076
42452,213.16708171783915
42497,208.80608827883043
42671,212.9792535181322
42698,210.3103458225143
42726,202.2606869663076
42795,194.80403971004966
42812,211.32216938129173
42840,173.8499893003041
42922,214.5999403415482
42949,210.28078596633904
43036,218.35903483718218
43058,233.38776705812722
43174,206.6161967650167
43175,211.0729284817615
43358,178.2997629981608
43467,202.97583812832323
43468,201.99904794292053
43510,216.38574400590582
43533,215.2896244943626
43550,210.8271300680079
43585,230.33009223936315
43729,222.76647891519244
43744,197.08591339025517
44041,193.95998670379663
44095,201.3060620790865
44125,172.90599119335496
44171,195.61091356674524
44172,197.17827398963894
44889,98.55292365236727
44890,117.64832282045359
44891,113.49674143660752
44892,116.22841936546936
44905,159.47025479750286
44906,171.54831715466761
44916,160.74941566605563
44917,165.66260311464572
44940,161.47890911846454
44943,142.7740690106065
45042,137.33093310584115
45079,132.18915318452466
45080,137.53500412350684
45089,162.62303712206779
45090,170.9099642910699
45091,120.14445858870533
45095,178.13374040149887
45096,172.52245206852848
45124,181.37060467430854
45385,161.300437743956
45386,159.08701280935603
45387,132.20319048263573
45397,163.79235015249705
45410,163.05560452431874
45411,164.97008473852216
45412,122.21766932053565
45413,123.21612840573441
45422,185.68181330150742
45423,178.49295790701618
45455,107.06411740527025
45498,145.37992556871345
45538,165.20232709674153
45539,154.9538342521207
45540,133.8619997019459
45585,170.25601773552123
45586,166.21427414302352
45587,152.95690832663666
45629,148.4503379848111
45631,135.72254474653337
45664,150.66400823314018
45686,154.00618373371643
45687,159.50532410913488
45698,180.48297878130845
45728,165.67752949755678
45729,148.88470903201937
45730,115.85114624845913
45731,147.6060286288647
45740,192.31759271855017
45750,104.47815742825154
45751,119.53226026745145
45771,138.2268232827023
45773,133.9908742015964
45774,118.91668827973565
45777,159.87436619695762
45778,162.4131310760947
45791,171.43433019614042
45793,172.98468220596754
45810,159.45197789941793
45812,167.62899158251582
45813,173.0832311283285
45814,155.53692391663566
45815,152.97250286510518
45832,176.2872057666609
45833,176.78915177358462
45839,177.38045134590226
45966,129.60039982489903
45967,147.93570518903644
46014,141.01489990165894
46015,145.23068042284066
46054,158.50380672417594
46056,101.47988810325415
46057,110.12996339335372
46066,179.3318585479509
46122,112.41978381671501
46123,110.3921026530631
46138,155.34275976250925
46139,155.255661227738
46148,194.05699402033235
46149,185.6484576051343
46180,163.2326790803917
46181,166.15956332864047
46183,140.1959871034433
46224,144.53298094562265
46226,99.585806493727
46236,103.72666494466814
46267,152.45117194345323
46269,128.16431781269188
46270,148.57386289929212
46279,189.14406273483112
46310,140.62868568141815
46311,134.60545477115886
46312,134.00399312417633
46321,175.018622288145
46322,163.09444720255274
46357,152.74938451016607
46358,165.58556493561034
46359,129.07140021139568
46360,142.5982250633194
46369,143.10577150392498
46405,166.92869169624257
46448,156.25087556284717
46449,142.38225623083827
46450,114.04923076919182
46451,132.66371151989657
46482,134.00052827666983
46500,153.52069653236427
46501,141.3218269059003
46551,144.86096669434485
46552,137.14680726168396
46600,167.19908675988984
46601,153.52181329936724
46603,151.62003374319477
46612,188.19925970554442
46643,137.21066242122484
46644,140.4430851494162
46645,112.4907748854797
46684,159.25419653465454
46685,181.42762123002035
46686,156.77974795859726
46694,195.53914144586287
46725,173.6315257143668
46727,124.01066823148996
46728,148.1203102270498
46765,50.99755003520861
46766,60.223939091573804
46781,105.87438253139159
46782,105.56567805768285
46783,116.27798916658114
46784,118.51010718510727
46787,92.87328331656201
46789,106.8615457742729
46790,103.14021411535674
46799,119.09166186946359
46826,104.04788202205256
46905,98.7604542233627
46948,169.31179441391942
46950,134.13560641647342
46951,141.75863551018324
47033,142.1964528538191
47034,155.03642837790505
47035,105.67488421607726
47045,149.66614104430204
47079,130.10497278305178
47089,186.7988991498901
47123,133.22302746464845
47124,150.13678241944785
47133,180.55647144912837
47168,118.90148925981752
47177,139.18754945720593
47206,116.13890870440181
47224,161.84491062839746
47227,133.18744856250498
47236,188.05544736854816
47272,136.63221383852272
47285,178.6154551823634
47320,145.43991522185812
47322,110.72398846551678
47368,149.8592475561421
47369,142.63396963000238
47370,111.42603228574627
47371,112.94343091913822
47380,161.56958422582423
47381,154.23262097585277
47412,140.93456600203373
47413,165.6056560525026
47415,138.92113414387217
47504,164.59086358906944
47505,164.6337243867878
47506,131.13048805728235
47516,168.22915942652227
47548,148.28179979107207
47549,154.01986357167138
47550,100.78771643053146
47551,123.64246230954313
47560,161.1243299437431
47561,153.0213199104129
47592,149.67522291970334
47603,171.50413913051113
47604,175.87384973447828
47641,126.68549504480207
47642,125.42996561503541
47684,183.06491150355703
47685,152.81173833805937
47733,142.9363791820228
47734,131.22606610125823
47736,201.0256222645358
47737,183.40621928705428
47746,179.77565502665445
47754,180.89538923377916
47822,137.9644835669375
47823,153.83713563023593
47833,167.90790221839165
47847,177.5937277458677
47850,157.48244921706282
47859,195.54826322149785
47889,161.30133889537674
47890,165.89921540572695
47891,142.1762044911345
47892,142.60983673914333
47901,167.51737770368442
47933,174.76900956767153
47934,155.0423964518771
47936,144.39252206486228
47945,195.2351306865612
47946,178.80997092405312
47977,161.21853240149767
47980,153.28052555075385
47989,180.31229032734677
48030,127.18930997957325
48082,164.5641393844852
48083,171.67829333698893
48084,117.59400984733266
48128,128.6075809611981
48144,144.73494918561386
48154,179.37260428734658
48155,188.40321526642168
48185,154.55147026561437
48186,163.49229630083056
48188,147.73301648378342
48244,136.6428548714871
48247,123.34281952104908
48289,173.6051730194973
48291,155.54001988919785
48332,180.54388917151277
48333,173.29452620448023
48335,156.96652688139557
48374,160.9691172289456
48376,145.41476454632044
48377,147.42012589799637
48386,188.52237067979388
48387,179.3588577407012
48429,115.44897499018535
48430,119.00329714143409
48432,93.46711931604698
48475,129.04279199641087
48519,143.74721480767107
48521,114.63834846769022
48522,120.42117857616448
48559,163.58762040121223
48560,167.33607231786863
48565,118.54676986300824
48566,116.75099874051054
48616,164.28277904499785
48618,135.09716015628933
48619,146.23456507075457
48629,152.65877025339682
48664,122.61123339166053
48666,113.71166987276524
48667,115.17031409363192
48707,166.03398301612793
48749,181.54060970867604
48750,180.28334680985623
48752,149.3400793566269
48761,193.16300937265484
48801,174.63527090705054
48802,178.17724430299282
48803,143.3847429227523
48804,149.85127205130706
48814,171.35399372567036
48826,180.15824479287681
48896,168.5123685953872
48897,169.16913913168332
48898,143.09985408866783
48899,142.88559671775892
48909,164.6420226928338
48938,140.9826384985645
48963,145.38396498288873
48964,149.69580113869233
48965,123.74046720754839
48966,127.03256410198155
48975,182.93881291596728
48976,165.53765315905895
49007,157.0587166053019
49017,162.33927691672517
49018,171.0938375997256
49053,163.66659796237107
49054,169.41619477449066
49055,142.93072054857865
49065,192.73488103279016
49105,156.10051820746924
49106,146.62144699234227
49107,148.61190513927977
49148,158.6914129498648
49149,126.61511397069324
49160,152.96665183306715
49192,136.76611347350413
49194,118.7961700484577
49195,109.81600394920582
49204,140.34579437286166
49239,154.93615240096298
52310,85.11705027386056
52311,81.99982566652808
52316,146.93014274153816
52331,152.7961405269873
52343,150.91030758400962
52344,170.10639969936256
52472,114.91088402396528
52476,120.24040563814715
52483,163.49065831690513
52525,182.00252290861556
52543,107.49438452644232
52545,141.82670920223245
52548,168.09426950993623
52562,160.65580070580205
52563,159.42192637542365
52565,155.76899345302675
52574,157.7768046852013
52575,160.6399420623938
52578,171.2615809352396
52663,104.62285132176386
52664,124.05571887528693
52672,152.7346527972984
52673,153.36479591832438
52674,102.20660665289756
52675,130.0975765466154
52678,177.81880315533286
52684,173.23091578331432
52685,173.23091578331432
52694,173.64525843133194
52695,159.26329358513001
52705,165.54476811482965
52759,120.56396812933208
52760,106.70851709784212
52774,121.6452760424075
52777,176.043020504024
52778,178.83854727344698
52784,177.13749590431698
52808,187.14572043140046
52888,125.14928774119014
52996,120.39134154260371
53034,180.0136416158267
53039,203.52819561981008
53075,168.28657957606595
53080,175.01295955451855
53118,162.72102775671243
53123,169.35086261088452
53124,176.9305868825893
53160,132.65213659796336
53171,140.3467362423839
53204,158.24374273037134
53212,174.93655853918938
53228,84.81152849876165
53229,87.34226445951239
53238,151.09282287911012
53239,146.3205305397495
53240,118.41160895477479
53241,116.05977364827872
53244,153.93896840877733
53245,159.64081361801672
53250,166.70538274860917
53251,168.37162078919621
53260,147.6983459766503
53261,148.5418642140487
53274,159.038092828651
53275,162.08583191815538
53504,147.2438070476514
53516,150.53300979411242
53517,157.8713626638816
53524,162.32633397094236
53525,162.73663960888828
53561,175.30766629518345
53562,161.46984930536055
53598,89.0614792162183
53599,95.30534340006449
53608,149.92641420133856
53609,147.76013347587994
53724,147.0639329602464
53725,165.02652219601168
53737,183.55019658773924
53774,172.67308192486325
53779,180.22461989842202
53780,175.15372116562338
53784,183.66317119161252
53820,74.32409616852011
53821,81.85959702741897
53905,132.3559766654374
53906,120.0408458442666
53953,100.95812774382145
53971,131.41051407953444
53974,96.48041667570567
53991,131.342005939287
54036,123.60626369002816
54041,144.6648667457668
54070,83.26702064752432
54071,92.7866873256697
54181,88.90773271414996
54182,76.9020455453105
54260,119.18800232907122
54290,108.75116298873043
54291,114.41313267594694
54304,164.28425652368492
54305,144.95503886309632
54306,145.44252287177667
54311,188.8531638596602
54312,172.22986280972194
54320,170.02137339417374
54322,171.41176608977554
54336,172.62352142189982
54337,178.30236080774944
54340,177.64835336268732
54341,172.22891749902246
54456,153.7255848333416
54457,153.1395087497538
54494,164.1067034603555
54498,152.0517341922144
54536,170.8210876662436
54543,179.88216480885984
54548,196.46212268269247
54549,191.9302868662108
54582,145.80907897421827
54583,146.84498340071573
54589,159.12778025627
54615,179.4942041417326
54620,117.02912234716712
54621,131.1693288495179
54673,87.19987956232019
54674,94.38492427721864
54689,105.5792635217726
54690,118.87984139222885
54693,139.99125281150828
54709,131.88192029774663
54722,151.28754747835717
54725,153.82051638225
54796,194.47819772552882
54801,154.2800437889578
54802,179.00441360015049
54843,126.90514720729121
54869,90.46039654717562
54870,90.96787588502025
54994,160.88639280276584
55035,177.51658364598552
55054,148.2375525250528
55066,162.42673835867794
55098,138.13867364859883
55108,128.61192567325827
55109,148.29471520648318
55129,88.90471658979428
55130,131.42446778205996
55139,159.81336606682558
55140,168.41306683771373
55142,138.9828312071658
55151,167.21571075486526
55161,190.20181392043833
55162,184.58854466534157
55268,140.51546599674273
55270,138.7730038782968
55284,136.7235292439868
55287,107.12651234335304
55301,150.02536735698885
55331,76.11712663047916
55332,96.94021275870773
55345,158.40936684321636
55346,150.080810021423
55351,163.2467636955733
55352,153.60507601010067
55368,150.1735049975877
55443,125.50561637813678
55444,144.05853987076884
55478,172.67308192486325
55483,177.62454263192302
55489,184.3609706687875
55552,171.2865909728026
55558,177.13732009402113
55575,80.09103977132422
55576,97.85468922762334
55590,134.17811977866702
55592,101.52653125456604
55595,117.82342368733215
55596,166.46103279115698
55611,167.34467515209272
55626,165.89929312892917
55674,183.58813244169625
55712,155.26996749449435
55713,157.4661886920587
55718,157.2195796709947
55738,114.9104769356356
55739,134.36140000329283
55760,165.38682956795478
55761,188.75435950480153
55766,170.17241682652485
55768,173.11180587332012
55783,152.64844049723382
55785,182.1536286641141
55804,189.86667982117544
55806,175.95857866206137
55807,185.3750365182821
55927,164.16911458008218
55928,150.65634773733848
55932,124.58745799914227
55933,119.33318127950083
55956,138.02461940291693
55957,145.46101995945534
56009,125.083155007365
56010,116.05490395886235
56028,100.48857202253107
56029,100.43636438575444
56030,121.44659214068061
56038,110.88318939286565
56039,102.28892808287648
56052,150.31493329925564
56053,142.71708404215423
56054,140.12284113232792
56055,154.46031376022933
56058,177.96231936669608
56059,186.30088988616555
56064,172.44914561367713
56065,174.89485584329287
56074,170.2733455574166
56089,173.5060305355672
56098,106.54297517743903
56099,113.44222374750024
56108,168.9396522870556
56109,173.011303498877
56110,152.8770964219383
56111,151.4759518768289
56114,146.98406202343637
56115,169.39669560597193
56121,172.45752035502574
56145,182.61332862860036
56173,172.2510961980125
56184,190.6088830729096
56185,191.21848403990646
56201,97.20215965026509
56202,117.25050468347415
56215,153.49760513667317
56218,121.17504302684583
56221,171.793127402173
56227,173.05794901239267
56228,175.09440075820248
56237,148.27963400963168
56238,172.37661427946844
56252,157.27259356274305
56346,159.85822745317412
56353,149.53416011825738
56380,172.07756352703254
56381,173.92471319983386
56484,172.96726031569898
56491,159.85316899039418
56497,177.81349094031486
56521,178.8298326932076
56522,178.8298326932076
56564,99.57767893147357
56565,112.00601492743442
56591,171.82847674414535
56592,171.82847674414535
56654,143.41443983741246
56655,160.7017266271853
56678,92.35571714570034
56679,99.2419676183791
56682,105.70500454267204
56689,137.00435291030368
56715,81.30347256654541
56716,79.7234858957149
56743,68.71478402521177
56744,104.78184267592879
56748,139.4147508188707
56753,133.89884796836213
56793,94.58501835966443
56794,89.00815664017458
56805,157.9431093991213
56806,154.70338978546354
56811,164.84107456833493
56824,166.24750413634197
56826,184.90159305974382
56827,171.69645979890433
56840,190.25407916528218
56841,182.66513080604864
56886,83.57826503334915
56887,116.61889897823129
56923,75.84742745023061
56924,79.02489452898496
56934,156.0225556637022
56935,170.96514533843845
56944,177.55788210468953
56945,177.7455496648724
57018,94.60616250544942
57019,118.54116365666812
57025,163.7124257738327
57026,163.7124257738327
57031,172.9254652129596
57032,188.9694236148825
57038,85.52474870502647
57039,90.65711803254997
57064,173.4792572957772
57104,73.00506211902687
57105,74.8994602862797
57114,127.89730028239359
57140,79.53960578683393
57141,106.15681980246472
57150,161.60072579022673
57151,159.511186537663
57177,71.91251808571118
57178,98.56895952705098
57182,155.49268555277993
57188,140.17442708380906
57214,68.74945106472363
57215,71.2986471539934
57251,69.0829031568343
57252,98.89427762925528
57255,152.18309701033942
57325,92.2202444567071
57326,104.72983944108493
57329,171.2119273156678
57336,178.28306937894163
57345,76.38164660603982
57346,79.1139782568819
57357,158.8380032137841
57358,145.44056177611614
57363,154.59995528354244
57365,156.66864301411823
57377,152.69603653036876
57379,145.1090535318401
57380,165.86034579576597
57393,160.4513535439604
57440,92.84271979719576
57441,126.5421623205817
57444,175.5159706526447
57445,176.00964946982424
57498,90.36627453966204
57499,103.49279043603416
57502,162.85995897447427
57508,161.61153080605382
57613,79.40816237935374
57614,90.17170075907087
57617,138.55456868196853
57618,140.22080672255558
57623,130.3632194593605
57624,135.2257761195036
57650,103.91100425976542
57651,126.27580458811708
57665,197.17312808176837
57714,101.9777310610021
57715,106.30878800334753
57718,165.4140781889655
57724,170.17452680621565
57734,99.62855044027822
57735,117.19076347425776
57738,174.04218507773953
57744,188.87094743895503
57770,84.46768412643338
57771,93.91086619821394
57776,122.04171862833779
57783,156.18154985920083
57788,163.65171242550798
57790,80.13132699321731
57791,85.62858761221108
57794,148.01366934723737
57801,139.79382830414883
57901,91.85245464926624
57902,119.4763099610386
57910,147.32648912148792
57915,102.66058607900469
57916,114.00205719557482
57919,142.81962023122693
57925,146.398351499178
57926,169.68342121627478
57951,93.46105561909415
57952,96.41935867870755
57965,124.05919806832726
57966,134.42721416837568
57970,150.1287861868352
57972,148.81556829665044
57977,171.5478755866468
57980,180.19758729122327
57991,155.1338507312678
57993,148.54156640794125
57994,149.7046942756601
57996,159.98420986704184
58011,166.48932765730905
58112,105.66328504824483
58113,123.75476647306247
58129,162.32680278965304
58131,164.93247233349408
58141,165.7730521240021
58143,170.89663270417714
58144,176.91505071713274
58145,174.9999652044842
58159,194.75327044343817
58215,132.07112917993055
58249,95.03473563525662
58250,108.21979851737403
58264,160.23128628692768
58276,83.26344969755822
58277,101.45729319361284
58280,135.28505445668455
58287,141.48281389488403
58312,83.6366069544785
58313,105.80053564951474
58323,159.110390423276
58349,101.04029835541319
58350,102.73548058161617
58355,162.29531415056871
58360,166.6152170122831
58369,163.09753094617454
58451,125.10690709729539
58486,103.42766416898424
58487,144.1401287565446
58503,176.61419950490253
58505,182.03529702178406
58516,194.52236421752957
58517,185.8559299413844
58518,190.58633854951609
58519,185.0273919206491
58520,156.05591072734896
58521,149.23387216259843
58534,202.38559998018894
58535,199.00841388963295
58581,99.75452359372376
58582,102.0707958198136
58583,111.82270392893177
58588,167.24864275826016
58589,168.93943768464774
58598,175.2932377750785
58600,188.0568076991312
58626,104.4317342194575
58627,117.7816439930714
58636,166.71346903265527
58663,94.09342635409077
58664,133.48716198766914
58668,171.6922395666571
58699,85.58952567477316
58700,93.34220319530198
58703,159.19044195288188
58704,160.1841874302833
58710,146.63081753632338
58737,99.84755441183022
58738,130.72962063828922
58742,175.07915333940818
58747,169.47298214593496
58748,172.77625870084543
58757,101.50857589230593
58758,117.80129928261245
58762,172.19924017010774
58767,191.55650315612687
58793,92.18892199712595
58794,95.54384766802089
58797,137.84591209641573
58803,133.14466174700615
58830,83.74228152676115
58831,110.56674827388295
58835,160.44833310339044
58840,143.3784052504141
58841,152.6094893037036
58867,79.94128303074338
58868,87.14279936674676
58872,104.87760816371599
58877,103.99404339430214
58878,108.25031123069841
58904,90.76586396409839
58905,101.86506421077279
58908,145.64109329320198
58975,114.07752565467224
58976,129.13399026162926
58979,169.50498644906352
58980,171.1957813754511
58985,164.53510904193348
59012,102.34496446076025
59013,115.88622131447548
59024,168.2538847632255
59025,166.13594711949315
59031,175.82048011420014
59032,175.82048011420014
59033,177.3694764653936
59042,172.13833462293536
59044,166.61997286224874
59046,152.98910163909957
59047,142.1673433658516
59060,189.23408190707733
59108,113.9126324023076
59109,96.65904405179401
59121,176.5864574300431
59127,175.6882240197222
59129,179.31295898333522
59138,181.45786098322512
59142,152.52466884656369
59156,200.3759566665881
59205,129.76364744896867
59206,156.0895066407405
59209,174.06639014142266
59216,194.41388922526082
59299,104.77767105170551
59300,113.3432232700539
59303,173.13391359693966
59304,176.918607874778
59335,92.64590093507961
59336,91.11902804844405
59339,141.55005083994877
59340,146.79323008293147
59345,136.0316591544149
59346,143.3469579631702
59488,102.74128546035567
59489,104.48103793099048
59500,151.91078332175516
59507,163.2803220376975
59509,168.19049547547934
59518,162.91607747956672
59522,177.6206481121009
59523,179.43575899399545
59622,113.26565405653963
59623,99.62993923402007
59638,161.70513663765757
59639,165.64038020972038
59690,130.28109412909404
59691,140.7702743524719
59726,105.71851560170506
59727,119.40295257890696
59738,186.67813119690504
59739,186.5680452497
59744,190.05779963787444
59763,103.67627602199441
59791,99.78941344544545
59792,97.66109388627811
59803,133.02078745047763
59822,136.53955813635667
59823,139.37024602965582
59824,139.01037962045703
59825,148.81533885593308
59886,110.76900568003566
59887,127.24811505977823
59890,173.8016990972319
59891,179.90340890038755
59923,119.80475761038669
59924,100.31786595875852
59927,165.58138098834823
59960,100.57116997587335
59961,100.31038678526515
59996,119.728935970254
59997,128.46144869276932
60007,177.03672445997955
60032,121.21268121121102
60033,139.12212723204817
60036,174.05351830077174
60042,186.46625258945537
60043,185.96196031101366
60069,97.57204473212366
60070,92.65332562073677
60074,141.6044532421916
60079,146.46310031262794
60080,134.7525976726428
60106,117.0668455600889
60107,143.9064876943807
60110,168.2797612828672
60111,173.93755737472867
60153,103.39610984632179
60154,97.90777662151658
60163,158.70219381709308
60190,102.56337311036899
60191,109.08789744076357
60194,167.3925336904285
60200,160.94545334752826
60201,167.18291761802752
60228,90.57341933090181
60229,97.08516017722268
60265,97.84831567546398
60266,104.75602524107474
60269,158.0526016813236
60276,152.70983298162037
60339,114.71590426695965
60340,121.10602279631696
60351,206.43519621062188
60352,190.5214553395116
60369,188.83138367662875
60370,187.8556022837037
60379,201.08845872024534
60381,180.9402277384898
60463,105.20582398014562
60464,121.39694322350869
60468,166.3505068171294
60500,96.7793246079178
60501,104.50544258966698
60504,144.94669805050773
60510,143.66145623121244
60511,135.6608537291121
60557,116.22408562992972
60558,121.08715177670257
60567,130.96190848963005
60568,141.46172369309772
60571,161.2488879073135
60572,149.4701680097299
60573,172.03674874211075
60581,175.81082241181826
60655,159.24107859718063
60656,163.22697124994747
60691,95.4991984831276
60692,92.99562356718563
60696,153.94726270989918
60702,154.2596490294561
60728,117.12937439493375
60729,118.58042006670384
60733,165.6248931374
60738,177.72932655253044
60764,122.85849029135827
60765,125.1078677721895
60778,115.89351233804834
60779,149.04682362364747
60782,181.6162011329855
60784,176.56863244746887
60812,188.76886528974902
60813,178.79164081063817
60814,191.6249312112982
60815,175.55267427428984
60832,195.5890049925291
60834,190.7092926826403
60878,120.14861332171304
60879,109.86311675890228
60884,119.16307342435347
60962,132.415484974171
60963,145.01415113857522
61025,126.80598293273661
61026,145.47300606828978
61035,178.25022228909404
61062,117.92300419355959
61063,132.62030893679486
61075,153.61464101039283
61080,165.7728748311657
61082,173.0969089636142
61093,171.0309972179478
61094,173.19410741155798
61096,161.14551883135567
61097,164.00307076747342
61111,178.4385666650825
61196,143.9502983668144
61202,157.74064668866808
61284,147.7138161607499
61285,157.24097987644097
61287,111.34662303011595
61288,153.48517834067397
61289,162.74635531696018
61296,148.66187516493628
61306,166.03995250726223
61348,139.64159903200846
61349,139.5596611164714
61350,110.87017644493717
61352,125.72552774887139
61401,114.74468384268248
61445,180.76720651088232
61451,175.0522543076464
61460,167.83079220825144
61465,195.9346219890924
61503,144.67280522706986
61504,147.37983544974418
61506,128.9818577285682
61507,121.95932385364083
61515,143.3926158774019
61516,140.4501475371535
61567,186.41388077037223
61580,178.89815180211494
61581,141.65161840573094
61586,197.21771240778418
61625,170.1025845317836
61626,195.42256497826972
61631,178.35619810249568
61637,177.3694197854131
61639,150.27909104915878
61640,194.66314120409075
61645,190.76389135861166
61646,204.68423217032029
61681,133.48849264464522
61682,137.80020396051106
61683,102.57567988258923
61686,140.7816022509186
61693,133.2170663959533
61694,143.85564163653353
61701,149.4092227306338
61702,158.68845088209318
61744,150.044335212541
61750,159.94184262934843
61751,165.7377770321216
61757,149.74517080488897
61758,123.94027932844394
61759,132.5013460759599
61764,159.57831889330103
61823,168.09192068983992
61824,163.76426893129562
61829,172.29088629839868
61830,172.7845651155782
61837,169.05447722260084
61838,164.93771873996928
61885,141.78078428748893
61886,143.2734404834983
61887,127.63903700030197
61888,140.01694832170853
61890,109.24408849492136
61891,110.99808640663993
61892,99.67001694274343
61894,133.0729311746128
61906,113.24216521603483
61912,143.92502944436305
61913,141.8043046160324
61976,151.7637033696472
61977,139.5326817743276
61978,127.55523957215912
61980,174.04634280470142
61982,175.02410010719336
62000,193.54762739636024
62097,138.82541900719772
62098,139.87306303814202
62099,109.57094472997024
62148,144.85035878797316
62160,154.21927066614313
62204,179.7539542280157
62205,162.16567496464438
62216,185.79000417194408
62218,161.44187424229625
62219,176.58846727120266
62262,148.59157622899144
62263,155.82581179913362
62269,171.45224206406945
62276,133.83984397773563
62277,129.05671153515718
62283,182.7422231644359
62320,150.73293413696496
62322,126.94734166200007
62324,165.650491697632
62325,173.34112415687108
62332,168.60471418372495
62333,162.47588746095488
62343,181.1346905547436
62385,170.75473212806534
62391,175.56515365207363
62392,179.18988861568664
62406,182.84225988576597
62443,159.103427325713
62444,163.3708065816994
62449,166.59488630548952
62450,177.91233595647577
62455,157.71907520806627
62457,172.5018659214889
62458,146.60115813588948
62501,166.8943279654588
62502,167.47724897440173
62507,163.5579263572256
62513,160.55693787790963
62514,174.46787621360215
62515,173.12256724044508
62516,172.57304451120086
62521,192.718315627152
62522,190.36836884350566
62556,151.1429315871564
62557,141.29998226339
62558,100.91668821789605
62559,113.32213745470133
62576,170.0430285732138
62620,162.4633841201656
62621,159.13899972046846
62626,174.6982157924659
62627,174.58232976170598
62633,162.22855705775
62634,162.57070551133125
62635,172.67695148361736
62680,158.32015154731323
62686,170.1684726768146
62691,150.55809897742915
62692,146.30072183303417
62693,168.59201989864198
62694,166.654668262033
62700,168.50258027106258
62738,151.29122458067354
62739,171.6344151046089
62752,167.68563113130128
62753,163.31270284429374
62758,172.51630053741084
62793,166.46364877255544
62795,120.95686113684997
62796,144.6894629680612
62797,161.51979904616732
62798,167.5369411450437
62799,175.57001815873755
62805,164.34732319399117
62859,109.41994214554931
62860,122.54263680901619
62871,104.8340579146648
62873,127.94628376247168
62879,122.82657428197956
62918,119.60790257278795
62919,164.3195162694197
62931,167.48133132331714
62932,166.60109092736948
62933,146.57015398710777
62976,116.97254592737623
62977,131.52618887546927
62979,197.15999921783396
62981,167.36331718764342
62983,192.0922868448874
63030,157.6694986812719
63031,164.9228096072511
63044,167.6303623261786
63045,152.7510770613505
63050,193.64091097062175
63090,129.43621740222326
63095,144.96118712828667
63102,133.49589870063053
63103,146.06275283560308
63150,166.00635017375092
63155,171.3138631607286
63162,168.11097985114503
63163,156.62867501547646
63164,140.67694792653757
63169,194.3142919670827
63207,151.18655601109248
63208,150.7083966190884
63209,98.9973098027607
63210,112.14658720844207
63211,155.35448994232485
63212,155.2939323643944
63219,142.34343221400385
63220,156.08556883448503
63229,170.07219607852522
63273,90.61525457645818
63274,99.25506449043867
63275,136.20732732754396
63278,138.34465620819287
63283,130.41552197859815
63284,126.43300202114608
63334,154.2356110965062
63335,110.52522196216259
63336,127.15213831913093
63338,158.27895003963403
63404,126.49996991327626
63407,124.04363439122876
63408,120.3363931531174
63409,122.06382575096046
63415,125.60943700304318
63422,144.0079742455013
63465,109.50176282405522
63466,87.97287965139347
63469,142.0602103973569
63471,143.1610943769465
63476,126.90052791574968
63477,125.6501184066627
63526,166.7355091122907
63527,177.90289187102036
63532,157.77916919020555
63533,163.43696528206704
63540,176.280379148587
63547,193.06127062417912
63586,122.98846607642693
63588,164.22731986616984
63590,171.75793207223802
63595,155.53666174635694
63596,168.36014691066202
63605,171.64166734369257
63683,175.64101715254318
63695,173.50323140814058
63696,180.47869229891847
63697,117.60568726688572
63698,148.1955274748303
63749,176.28068581246112
63755,176.68844826028783
63756,185.27051259439554
63757,197.14344551717352
63758,194.59090400043218
63763,192.4331783122145
63802,182.95170779490843
63807,168.18051873656967
63813,158.46707550920704
63815,155.33011185718522
63816,175.34139970967396
63821,172.54289031662117
63856,159.05731449902
63857,156.73511508139103
63858,107.80642398200669
63859,108.76679090795028
63861,162.11216610896574
63906,167.78652316990548
63908,112.9142290301872
63909,147.6670384207438
63910,161.11699813930798
63911,175.24217526032842
63974,115.14169331419616
63975,154.62476094450304
63980,173.28447310377973
63981,174.95071114436678
63986,165.178564474133
63989,145.99714893339632
64030,93.21565278803521
64031,90.49447700259732
64032,80.07349641175595
64033,106.39449314268886
64034,111.22716755665047
64051,135.21612049150684
64088,163.1241237567215
64090,130.14459438224677
64092,139.72868333450353
64142,159.66874924817603
64143,161.04028536538488
64148,172.476294885487
64154,151.30000166905742
64155,127.83539188947411
64156,125.30713279039846
64161,183.1146703450757
64201,157.03405830868218
64206,170.70095480218563
64207,170.70095480218563
64213,155.8406455793985
64262,187.9844923668542
64268,184.6692668974871
64269,184.6692668974871
64274,176.0891903921131
64276,187.5758240388383
64277,177.16416053493538
64283,200.85963510191314
64292,168.0433923966573
64293,150.97820923990366
64294,118.82861219248646
64295,136.90152755195484
64296,186.90749737056862
64297,175.02789157670864
64299,178.26123691371652
64303,167.28881165941613
64358,91.43553185494282
64359,106.31783325984243
64362,137.5544620471818
64363,137.5544620471818
64369,154.0493219853477
64379,154.72273159915278
64420,158.3333365105878
64422,121.95004924277387
64423,162.0542942290182
64424,168.79059934028177
64429,164.44798391775527
64472,171.66532226855972
64473,142.21857549989286
64474,148.2390316515825
64475,132.07584823965664
64476,161.7616158354475
64477,125.2346812893872
64478,167.36331718764342
64481,162.37998447991387
64482,157.57764229811667
64488,191.30132194434714
64534,150.00760492194803
64535,143.78384801250837
64541,172.57175431123716
64546,153.43655227787474
64547,188.71819063292173
64553,163.8122970542433
64593,155.84618084552093
64594,173.13018040611462
64605,166.37093229410118
64608,178.37788784564933
64650,123.85415436860993
64694,139.16008330134267
64695,106.9615378360965
64696,123.39900245650183
64698,165.8244368193628
64699,159.9970421187312
64700,162.71990593963343
64761,152.09255162689152
64775,178.5690809988276
64781,194.0531232060731
64782,183.33408092802026
64817,131.03971326499436
64818,129.638711398929
64822,136.5474681025483
64870,103.37369728239116
64873,158.7501862203455
64881,139.83194828748975
64890,159.77342221031162
64996,155.99803388309584
65002,169.3022853078684
65007,154.1574657870195
65008,159.60040079990347
65009,151.63242349896885
65010,157.5307256129856
65016,193.8162684765186
65050,160.50166049152966
65051,160.2542880004868
65053,104.34129165294216
65056,167.85655221301153
65063,154.28154415323996
65073,184.51818057912172
65113,156.41032989359786
65115,138.69806433295048
65116,143.99071833818073
65160,160.55238443443895
65161,129.13935378780366
65165,153.66197432734194
65182,168.01603665569579
65227,157.73299467078138
65228,152.67509147511632
65229,166.6091291822917
65245,177.29979968817395
65289,143.0342401779689
65291,98.53588963834335
65293,133.4331360664319
65311,147.93634459122453
65355,175.96853942575646
65366,155.4270878538318
65367,156.9557750888452
65368,176.88668533995025
65369,178.44698601831658
65411,124.48445882450504
65413,98.98270622462584
65416,130.73644673404453
65473,122.79929600216482
65474,135.75422470973174
65523,102.94196396000758
65524,101.68588985002069
65530,111.0475689074893
65535,118.51395726038955
65537,91.47725123464849
65538,99.25041508489777
65544,121.07050135678672
65577,169.71068252959932
65579,117.07898108303544
65580,151.39941327558304
65625,160.3341893999955
65626,147.21227985154104
65628,105.38277625358519
65629,139.58902136031503
65630,160.78104436682898
65636,157.18044592766148
65641,176.51981706715117
65684,159.40866833022446
65685,144.75499717939186
65686,124.58862552787733
65687,132.51042163663217
65688,119.70250830514387
65689,159.50754394593
65690,164.06736118769294
65691,164.06736118769294
65697,154.83637838167328
65706,170.0867553499125
65749,163.52137459693014
65750,155.79374571343723
65756,178.80895106874436
65762,165.05069284324946
65763,170.33857109370112
65764,158.42907582575822
65769,189.4400080206212
65770,185.53662476392395
65804,191.61538144307966
65805,186.51989160435775
65817,186.56690783426222
65818,180.75702291613192
65819,183.6834624782559
65824,203.64071281880217
65825,204.0163290805954
65836,151.6188707311698
65842,163.0018585675844
65843,164.15664682002105
65849,146.91520482710158
65850,164.6345575185889
65895,130.98366346056966
65896,140.20829028943706
65901,166.59858889896958
65907,150.0744905500696
65909,157.40716597201444
65910,155.495877029336
65953,154.77468994235397
65954,158.04528300155232
65955,126.88237394424114
65956,133.0607592163591
65960,171.75793207223802
65964,162.63710524799328
66020,178.36503214250126
66027,175.2772221846065
66032,157.02683985985092
66033,168.03068591995802
66034,174.10084854681492
66035,171.35323115955242
66040,193.69589802206525
66079,158.54401328657127
66080,130.46208042733113
66081,134.4192933066494
66083,145.43909470578393
66085,169.91108870658394
66090,162.5519092125631
66091,162.26761551336676
66145,147.36216776312526
66151,164.43372211730275
66152,172.9125445021879
66159,139.66179592147577
66160,148.1688144585086
66205,172.63548871431905
66206,179.92258485823646
66218,173.06409976496562
66219,174.93418276670096
66220,185.54200779281018
66265,193.75287918836617
66271,176.63244052874182
66278,176.65045001075075
66279,154.50252352779748
66280,155.07904561497242
66325,129.22981514464632
66327,192.13385462588005
66328,176.79534852084552
66335,188.58358772719055
66345,184.20988560667368
66390,143.9299873199795
66391,153.74068617215167
66396,168.0763899441341
66402,159.6434185990803
66405,167.37730214080815
66410,174.51844501412285
66411,165.73542666383085
66450,169.24043067631672
66451,153.26437067610834
66453,159.51345228121113
66455,136.52487947564558
66456,124.52469960092765
66458,174.19689812742016
66459,181.0633535573315
66465,177.73962001281865
66472,168.6560355318859
66473,171.036903223835
66539,154.83357355586034
66541,121.70202735550987
66542,97.59013845271603
66585,152.29134302685893
66587,133.85131237337814
66588,159.00166878032854
66589,161.6242339490037
66591,170.78900529800214
66647,147.45324697060926
66648,135.92401162171885
66650,104.53261060434775
66651,138.7203826567822
66698,142.78283316452504
66699,143.03754601660927
66700,117.27634738663404
66701,124.13910398757925
66702,157.662819934984
66703,169.40081127471436
66705,157.816249773667
66711,158.8829058579665
66766,152.2154713723261
66767,157.21346248836645
66772,160.52777567703106
66781,142.2837743904098
66786,183.4728727777352
66822,104.90221762829214
66823,80.64441142089586
66824,81.41623151993896
66825,110.25213903598579
66826,111.96634294223752
66831,112.02428729596383
66877,165.93641636001095
66878,135.37547627130485
66879,122.11400329842368
66881,188.1601659445608
66882,171.2526474355678
66884,169.054112114031
66890,182.8004056051163
66899,194.9441920704298
66941,142.59402226160603
66944,126.73749421821975
66945,195.97689030959165
66946,193.98320025773222
66954,182.3270998845024
66964,159.2672834388222
67009,161.74538926711142
67010,159.5472816635852
67016,173.28055475716565
67023,133.30596338679956
67024,159.17977019669235
67066,156.43427337123597
67068,124.10225985987803
67071,155.69117681654677
67072,161.9478344979559
67073,164.06736118769294
67079,156.275245363687
67089,162.58320309729834
67131,164.8476672058199
67132,155.50643428263206
67185,120.05495080088488
67186,129.03818445993707
67187,91.62996502709099
67189,130.2715168907402
67190,145.87704515295684
67191,149.5569306965791
67248,169.83062083560074
67249,175.2993600325065
67250,136.34169136139715
67260,165.31378468985747
67268,192.38824329701865
67309,152.89810782583103
67310,161.42431721884284
67313,162.54689646751092
67314,156.55022365825877
67315,165.73668289359458
67316,172.7267063342752
67319,163.6965446165455
67328,181.1373916390986
67369,134.12124993710384
67370,99.72565367085173
67372,133.2754709352485
67373,133.13634223837093
67376,128.11376632290163
67421,138.55303755160242
67423,104.45425465741755
67425,145.8848343494994
67426,138.57562572636064
67428,149.5569306965791
67486,154.6179514552092
67493,172.81737940658482
67499,146.9094890538019
67500,157.3755890408227
67542,114.61281809237296
67543,123.17955818199438
67545,89.83400687472495
67546,143.98058038900163
67547,149.25754363941658
67548,132.65080588121538
67549,137.5544620471818
67564,132.7310391686687
67609,154.06579771788847
67610,144.65745371152744
67615,157.30310378359658
67616,160.9675927146801
67622,158.71706049866026
67623,155.33307456135148
67624,138.61358163108235
67629,166.13778078585835
67630,174.86492948828527
67681,165.7969015549573
67682,163.61346440033697
67683,174.92758872611614
67684,178.33013497045525
67689,179.25196785023553
67728,162.5313888821759
67729,152.35901828251835
67742,165.37576277450384
67743,140.2466065353928
67787,165.69609157456856
67788,172.4813293638801
67800,169.50817874371458
67802,168.19315704484876
67845,188.7664653843216
67846,173.83820852097855
67852,184.9427878525897
67859,151.86762665571618
67860,155.5613649023519
67865,197.20464003001402
67899,153.07808222145906
67900,153.179190256845
67904,169.27435751684723
67905,169.5473471393991
67906,173.87780139165497
67958,163.8362852305978
67964,171.78558988732294
67965,174.391259431164
67970,166.85352558091515
67972,172.27273560618323
67973,179.7104050617173
67978,193.9762277907439
68017,159.4653728736458
68030,165.2600410485191
68031,177.09030570912248
68032,176.84167252716338
68061,107.99822044551651
68066,104.65232003429071
68072,104.57549525758385
68074,117.10105700082843
68080,132.8854628771694
68115,146.77938737802975
68117,99.68202872877282
68118,102.64265662002532
68163,169.81749116644193
68164,168.39343584613613
68170,177.00030514003478
68175,149.8203365674659
68176,146.68636888410902
68177,177.96698173373747
68178,182.92796083098185
68183,173.53609126023696
68222,164.92024562723046
68229,174.44327354081855
68234,167.96085722458363
68236,155.44606916466722
68237,150.17578057131533
68242,184.8729837628101
68278,148.64233692070255
68280,140.62502005258872
68289,169.70909894563755
68341,183.49595579179893
68352,159.92810406372078
68354,150.31088210636526
68355,132.07708308733834
68410,151.50357882829246
68416,173.24266312267227
68422,150.32117588963
68423,154.89629229825144
68424,167.91852341677182
68425,120.53354682021711
68430,174.12329221444995
68466,162.19001130068426
68468,150.44872209868151
68469,173.67223253126994
68470,173.09391257464978
68471,173.1342113151713
68475,168.2507506175246
68476,157.17558203219858
68524,139.19067511738479
68525,140.48455556115087
68526,141.2475893760168
68527,158.6082011389643
68530,175.2485998920271
68536,171.09132613274102
68545,185.99688247597547
68590,183.71050286932865
68591,191.99245231325727
68602,178.8430015284516
68604,168.49110560637982
68605,177.04670304829648
68650,183.00846742064917
68656,175.4004240765826
68663,148.94433155802977
68664,173.86243511194664
68705,163.33702172687836
68711,183.68376959499497
68717,173.18359794522596
68718,172.978288527717
68719,186.4366996436906
68725,190.02593972351582
68736,138.262661657701
68737,150.99740333122156
68750,140.96702557346234
68751,171.17133033157927
68756,179.3555777576009
68757,184.42984510119928
68791,113.82492576970631
68792,116.56773449681391
68793,79.66759613625882
68794,83.96289838079397
68795,132.63458866053747
68796,139.17091967220074
68800,130.17316535305665
68848,160.95623448730697
68849,150.26889807073806
68851,150.3494542086417
68853,166.27329819668046
68855,173.24685822908089
68861,161.06768661467254
68870,188.8607010097083
68916,192.33309802745674
68917,199.8132159400271
68922,189.02583164732252
68923,190.2048563813198
68930,186.78857092147388
68931,185.4837517317487
68974,168.04613354071154
68980,169.19258595791692
68981,172.13653567245365
68986,168.21269598844532
68988,137.32797287659707
68989,168.96397261736718
69034,179.6977633492846
69040,170.50401759565725
69045,182.64348069676018
69047,166.12723906922525
69048,156.0989639505987
69053,192.9647244551562
69092,151.37469173557017
69098,161.78183068547364
69104,148.4383215075813
69106,178.70767685830108
69107,185.22442329011466
69112,166.21802763101041
69151,168.8474616758696
69158,169.45960205120153
69163,178.53866538701436
69164,169.39227927829154
69165,175.04844505644664
69166,174.39240882214838
69172,180.975190756433
69211,160.99264629591002
69212,165.4446092922844
69217,171.250881456541
69225,150.94250321767475
69231,174.51844501412285
69269,145.86168490402534
69270,165.75051499625036
69275,163.6025973616068
69281,177.963680499265
69283,178.88043745231562
69288,190.16814784220645
69329,174.43367603657697
69335,167.01521554447402
69336,173.5533710911896
69341,165.71559969112693
69342,163.69529686306086
69343,151.64066745201387
69344,136.790236754495
69350,194.74464783241262
69389,164.6690637518786
69394,175.23252393616812
69395,176.4115486701654
69400,167.02233199305843
69402,180.8831180576006
69447,168.16580925251415
69448,210.97457279211085
69460,194.50769937908976
69461,185.86813781468118
69462,200.91841696852336
69467,205.60622498583243
69507,162.9193945172806
69519,163.91310969373336
69521,141.85068040231627
69558,159.81968126611207
69559,170.1441283687276
69561,115.80781719965557
69564,121.61655473238321
69566,86.19551263719428
69602,137.59345574203633
69603,127.21362552205035
69641,102.8632797564059
69642,97.2890852687891
69676,148.03589332454686
69677,136.46066990524255
69678,114.5954291759305
69679,102.58038188918849
69713,132.06378899318608
69714,124.83879716808781
69715,101.04320013726023
69716,100.54852148981087
69751,129.4252315311164
69786,145.50218514189527
69787,147.15400961230566
69821,127.55380289023078
69822,126.44942474388623
69823,86.05876010240671
69824,101.5950669597386
69862,132.31908957367838
69863,131.76342752539875
69865,121.31320187875198
69902,151.97217181400526
69903,147.70071972310222
69904,124.74854300155715
69905,148.90175012672177
69943,124.59928817144096
69982,148.69346093782875
69983,119.70479275450013
69984,102.40349068700438
69985,106.28968899697226
70023,142.39333461722785
70025,126.9050553110298
70026,115.6638099134796
70065,97.22148285410617
70066,76.19416899308142
70067,77.23105986700749
70101,152.50894704796497
70102,123.3752973103388
70103,107.34037656801787
70141,112.75263219746515
70142,114.44647084369652
70174,147.04449141639205
70176,113.15405522152695
70177,112.94735037309597
70221,159.04413990732502
70223,137.18416671260943
70232,171.96499735435563
70259,131.857973981608
70260,168.38572254739685
70261,125.16797273723247
70295,141.42168811048836
70296,175.09491255911476
70298,147.8365369614809
70308,202.1738496389429
70333,154.8626822847046
70335,124.01034797714611
70344,171.65131587337115
70372,128.14895341259
70373,145.87499905958487
70374,105.31565734043214
70388,163.38228231378434
70389,168.31850460823847
70396,172.02262369831817
70424,126.1155134712221
70425,117.31395334174518
70426,102.44773588925102
70427,104.10173813922798
70463,168.06269132627585
70464,164.35732683345284
70465,129.4770751805769
70466,151.0433370916357
70502,161.00312654303337
70504,156.14038202445167
70514,193.64329613355073
70524,155.18215173575012
70525,123.43083536248673
70526,109.30554326910747
70527,127.4436025836735
70545,153.18112235561773
70546,155.88697702085165
70548,146.95089524620977
70637,142.61693014325783
70638,126.19416144041391
70682,200.09955649764441
70709,151.9414031189833
70710,137.23674250657234
70712,147.5702493666426
70731,171.99729500911297
70732,165.57612202872772
70771,164.98571055027884
70772,165.31439209091047
70773,138.5479770384141
70774,154.9098906474097
70784,175.489498779689
70809,147.0833119778695
70811,163.00578494165129
70812,127.83378479497449
70851,142.05841358506822
70852,110.21849995742416
70853,120.16903939274084
70863,135.05001268813567
70876,181.73714026542532
70877,179.50784802313856
70878,141.76725184496766
70917,172.62078107038528
70918,173.40025325941397
70921,183.3011227515581
70922,175.36009743848268
70925,193.94732919111053
70953,170.70171691017933
70957,189.45815489325338
70982,174.15790076756988
70985,143.0641326983048
70986,140.48937273915087
70989,195.76555973488897
71001,159.61242399931203
71002,125.56717932822589
71028,178.8298326932076
71029,180.03548398354238
71032,142.81988501123843
71033,140.30054398130494
71064,160.8336953880093
71065,121.1514260475046
71068,177.87852865988017
71090,169.18676182593157
71091,172.81149678954458
71094,189.6086758023302
71095,128.1659625941185
71098,186.2999177678729
71099,170.6692631833511
71126,171.23651067735213
71129,125.34219913294918
71130,132.38811921670552
71133,183.01597772356578
71156,164.51714120348777
71160,193.913191902812
71184,174.83319841448704
71188,180.42552967066246
71189,180.1834945320162
71212,170.45452126054857
71213,171.84491395615038
71216,133.92989065805102
71217,128.57776521078563
71247,166.31613184194813
71251,185.7448210014481
71252,187.5575508489611
71255,196.0390724141477
71277,171.65727534759276
71278,174.6891239927399
71281,161.71758878484184
71286,187.23743745580688
71309,137.83982025066985
71310,178.7242944376773
71337,179.5630646511068
71341,176.9123853401265
71342,194.0146650714236
71345,199.6127159081335
71377,159.3116805422546
71378,155.12455050647952
71406,155.99282774705895
71407,158.88527110297028
71433,181.2713209679459
71436,173.46138385226186
71437,175.84579810360069
71440,202.49932954553182
71468,173.5780476002991
71469,170.18744144642523
71472,193.4304168814549
71497,170.45452126054857
71501,136.69127823684587
71529,170.37135994594902
71532,139.32002205088784
71533,130.56867239929537
71536,171.31738408289564
71562,182.57712031586996
71563,185.5210700304067
71566,139.39527143759926
71571,191.18008701395638
71594,179.89402431677178
71598,173.3408639392711
71599,183.9220275233452
71634,170.17716700893044
71635,141.78491566805997
71663,177.24019548571383
71664,182.89799157757528
71667,162.66614289803118
71694,168.22245501258897
71695,169.888693053176
71698,148.22808180671802
71699,169.5583251984023
71732,146.66906818383788
71733,155.35688096996938
71736,191.5056854655251
71763,169.18676182593157
71764,169.18676182593157
71768,136.34201123773042
71772,193.86730864489795
71797,186.32877596930797
71800,169.65068042650233
71801,152.755353374844
71813,135.92293354894127
71831,176.48579167220694
71854,183.99177820825335
71855,181.53989962605672
71869,157.1169373802936
71870,158.70801312182533
71901,154.1397107828401
71904,192.10294666662855
71928,165.23973752382315
71929,167.13657111027618
71939,161.5714302797904
71940,145.98592144193165
71954,167.11296213652787
71958,152.95333021895445
71963,181.73177007821243
71985,160.12618566706655
71995,179.5941584036939
71996,179.5941584036939
71999,183.68109516173968
72000,171.57765950717337
72004,188.5991842240153
72015,168.33173120719374
72016,174.35298038583718
72019,145.20463084546813
72020,147.99782977802187
72048,181.17745082464037
72051,139.59434358478447
72054,191.23359349063236
72055,181.65706967388005
72075,171.32554647058956
72076,176.02951249630382
72087,168.88064723426479
72090,174.31576810898233
72091,182.13365035250027
72094,192.62615699679944
72106,169.33441949268942
72118,173.02240374270403
72121,165.65503003771366
72122,166.0679765300165
72125,178.8183210297543
72149,130.2028554396316
72150,138.06229426925503
72159,170.33193876477185
72170,158.89460205151332
72171,158.88355386533823
72190,127.67083488777895
72191,128.1999828181498
72227,139.96239566219828
72228,136.66859954242508
72229,103.59512012053794
72280,89.43409537671971
72282,93.6270618648302
72283,81.01015315552334
72347,82.082921522953
72826,127.24198971766742
72863,139.6292626228052
72864,138.93223570659111
72869,149.54011128550528
72870,145.15345614153196
72883,136.50068417238504
72884,132.280746773632
72889,173.57404334606764
72908,155.96991507818785
72965,137.72711299043306
72971,156.9207946825636
72987,147.8269908043678
72988,167.7701238513097
72989,123.06900988973898
72994,173.42231652179169
72995,174.97131287298515
73069,148.86851099468538
73070,151.20017038296072
73081,140.00919103885204
73083,134.18592620957554
73088,147.11343894497944
73089,147.11343894497944
73121,122.74947157477803
73129,114.04535259527115
73136,177.6164859243222
73153,155.11061536692904
73206,139.4815039326312
73211,148.0310714340331
73212,137.56799980074004
73225,145.97384895452515
73227,107.77691307358067
73653,152.7354381546789
73654,146.26915532936545
73655,152.36180812005693
73667,142.83554435997493
73668,112.90791124515312
73669,110.26087014991249
73772,144.62284340797476
73773,145.61547357185907
74183,132.14597283363028
74221,139.06981195305102
74222,135.38008012826003
75684,134.76172091660692
75685,142.97074036111593
75686,143.23870874850087
75692,106.35595678851755
75741,111.76798457388003
75756,164.52594722075443
75765,136.7687437091808
75766,138.26390080845707
75801,154.24244949879736
75802,152.46336726755152
75807,136.4435051139774
75836,129.7552321432331
75841,131.04810592458367
75880,105.09283038367397
75892,138.86091216222158
75969,135.69262764771946
75980,146.91416921179365
75986,124.54912513474183
76007,143.7645864512706
76016,149.33581106371506
76017,144.55122401934776
76020,108.38759022973036
76021,107.65842913498692
76035,117.06807152105198
76049,153.4328709242486
76050,151.79374125758048
76053,134.00999128855076
76054,139.39880598320767
76082,108.8454475497125
76123,110.57007443410639
76239,146.1221549702401
76262,154.90971714905632
76265,126.57724893568462
76266,112.82761017784652
76302,141.22117362171187
76353,108.64739361843598
76368,166.36377960758287
76369,147.79213522771076
76374,126.16065778808006
76375,127.1072891153426
76390,150.20933230742403
76413,152.88755438108007
76414,161.4270229356274
76468,148.11583271832498
76473,151.74643450226594
76474,143.93271407413778
76487,148.06441067428992
76490,113.3330768760644
76575,157.25730264783417
76577,128.76914047791362
76589,119.89497894053876
76625,132.6224946609766
76655,104.87687230017744
76656,102.50072988987655
76683,115.77131462626032
76684,118.6961439679754
76731,93.75299320151407
76747,86.33358848682695
76818,159.08120623658826
76891,135.02145133919421
76937,80.70761469456413
76962,160.28216854138554
77041,145.97438495400533
77042,123.75927484032232
77077,78.96544824929948
77104,114.71906515258212
77119,147.7414475882742
77168,124.54521115460305
77170,148.09746016482188
77171,127.88240242927547
77177,111.83154322356228
77191,128.1544627819859
77192,124.1345476640172
77228,138.56390352140536
77248,140.16460249276642
77249,131.34432861329597
77252,126.11935565508962
77292,93.66606465903487
77338,141.70441815758673
77340,110.30367931252836
77361,138.29337685833957
77425,119.9774916262872
77454,155.70642391926026
77455,149.23459198957102
77538,138.20205828149355
77539,151.9893065222599
77542,150.32373033596568
77543,143.53948200372176
77559,116.35123479324702
77595,108.68492942082084
77665,133.02335190873146
77739,121.18390555667845
77744,124.373696588325
77745,113.27613839941426
77851,84.45920957905496
77940,134.65055913476533
77997,133.14569320365533
77998,117.73626254896078
78006,139.60234116177412
78038,133.9085065347991
78095,108.63569003396272
78144,151.9205709587526
78162,137.44434025718533
78210,125.01115945231138
78290,113.66807777035018
78342,158.15366440944123
78391,146.5222242368479
78392,134.18064311054823
78395,152.2405000737812
78396,148.85660148502754
78409,139.7216707978026
78411,116.19886585734177
78444,140.95125877588728
78510,171.53614056187035
78516,134.8752857073524
78539,139.72613498507127
78540,138.89074083287642
78613,84.23418847380697
78726,121.92020279092205
78727,132.6124108866399
78734,100.40044073085285
78800,95.71360611064775
78839,148.7208520043927
78840,156.99130760997429
78862,135.68182792617026
78871,154.08219614543967
78872,153.24552639588285
78875,132.5282848204332
78878,140.08836881915394
78908,140.7002953249212
78931,118.76884416799292
78958,111.4454511823829
78980,142.42777602879642
78992,129.7838835830301
78993,143.8568017314196
79036,158.49939744022774
79056,145.93925804806037
79057,130.2653709657517
79059,152.85258412222692
79064,122.12324423374896
79089,158.58965783096883
79103,131.46702691408046
79111,147.30770760130355
79133,135.87041312111714
79136,108.72812984642015
79143,119.93202431875936
79159,127.85312344360212
79196,101.31031664779364
79209,111.53116787264247
79247,145.66795684923224
79269,178.5651860685199
79275,146.54107079331553
79338,148.2020611327298
79339,145.29832251610821
79343,127.67131163152847
79344,103.91209831788221
79363,131.9319827366655
79386,143.29158102497283
79447,132.88491395170823
79465,122.98079829615118
79571,145.60605649691357
79587,150.7448697419042
79592,114.21565990651116
79593,118.53005983470946
79623,138.90372402133158
79628,125.13861232853249
79629,113.88829410825372
79716,169.05567262999082
79717,162.7051790160914
79722,140.43024484866135
79723,143.04185616269723
79741,133.14444361388018
79742,156.31858221334303
79748,131.74911090343704
79749,121.51413455827085
79881,114.8298854386215
79887,118.4948325516186
79926,120.95352133739567
79957,158.7091683392376
79967,155.5510671756626
79968,131.93212930079662
79969,153.15637186281842
79970,140.95461633240262
79974,126.60649356290553
79983,126.98233970768135
80042,125.11350616239966
80046,109.95780093017754
80162,152.63004437349633
80171,104.24586934830444
80186,138.2616832576424
80191,114.95348001328058
80192,102.74009812847466
80222,129.96057663336413
80252,131.6081607836877
80253,123.64432012184476
80280,152.52545886276212
80281,155.1587038198044
80286,128.4456378284116
80319,133.3139726446451
80321,147.95056736811378
80327,120.72445748756573
80334,109.22760044693253
80347,145.48533818985317
80373,153.19293350614322
80374,138.02429465596148
80379,120.85761431833348
80380,109.09585924462226
80400,104.42872383545183
80517,155.98274880328114
80528,113.81685330241915
80586,130.1241549748951
80606,148.17929724306737
80611,146.50127122095486
80625,157.77749346327556
80644,136.6752596557875
80645,128.28979388273913
80646,147.69264940591398
80647,143.29507727710754
80652,119.91729571505716
80653,117.58701173098636
80665,104.8295080457109
80741,140.54009869845976
80770,129.81628994635983
80771,140.0785578208129
80786,133.29017159771809
80790,98.6974758882725
80805,133.03224114746877
80828,143.02442461631773
80869,98.57481062933245
80948,118.71730062581945
80949,103.56629916527443
81001,154.9610488279856
81006,126.88836907336035
81007,127.7997246333755
81015,129.572479059377
81049,139.8075611742664
81091,157.16693536806702
81191,123.742032579318
81192,106.90105653277396
81215,116.76855973191061
81260,109.89994510822129
81354,144.6572165972986
81361,150.21548818389172
81454,135.38296196537055
81480,155.60292524868532
81481,149.59682134628346
81546,147.13744849729147
81551,124.74463265938705
81556,133.32512998770352
81570,142.70781441187557
81573,112.16758499751217
81581,120.76769577034904
81707,119.51316791644746
81816,74.64354455030629
81817,73.04647265360069
81923,89.22651337201215
81968,102.08304626737745
82023,133.13847498277528
82035,126.61798131462758
82128,109.98001248898302
82171,124.06939556507919
82241,138.15752772026138
82423,104.21276240728614
82425,98.11726391534263
82482,116.27442880668185
82483,120.27412932622967
82496,84.14097385713248
82497,90.20818014596328
82515,103.84981130626086
82538,126.67848243320036
82570,133.6396385051383
82596,106.81971287983296
82636,85.132587090486
82650,134.50402881639394
82775,146.41050536462407
82860,119.70612964573503
83176,95.2554546415139
83179,83.33002042761662
83188,83.27162007452222
83189,83.17093776738628
83190,84.12955009456608
83233,108.18514749597117
83234,105.81533075515063
83236,93.2579387895591
83258,88.60798261855547
83317,104.70572879221001
83353,136.53189668147454
83364,129.980440581748
83365,123.2814085045901
83367,98.66275578605833
83378,129.88940010887526
83379,112.37480420662105
83533,138.6512503824893
83534,127.29409726186046
83537,138.34995283705246
83547,122.55264278592306
83550,118.00840115187286
83710,129.77872369191167
83747,124.15103649079131
83771,81.01456024234548
83792,124.96575911494438
83810,100.16334845166027
83837,154.53819765202235
83842,126.24284999705311
83851,133.27620544661465
83852,124.53090894924111
84018,147.55394541603644
84077,107.5086710091065
84113,154.00119411971525
84114,156.6575046198043
84151,132.04249665585527
84166,139.78195058497096
84208,135.14272404354207
84236,125.77296329449739
84256,109.15090663691622
84273,116.4325179836413
84274,107.7817435859489
84283,120.01434715742818
84310,134.53770867992412
84357,101.63718896680463
84358,99.79118348714003
84374,154.38686741273239
84409,153.47984096302497
84453,141.60186254435823
84494,149.6288852688401
84501,130.92534377941905
84511,134.20276954384485
84584,156.52484133922746
84588,135.0075955776223
84610,128.0873460977309
84630,90.60739960385148
84635,101.47520440316606
84653,132.24126574221657
84664,146.11489575763724
84686,152.85829533635834
84687,142.1707582669305
84693,110.22658848717141
84697,129.88556324637867
84722,99.36500166135289
84723,89.1589426770867
84743,106.26084506808813
84780,148.63523792390515
84787,119.81205480941033
84788,115.23596214795076
84811,135.46919307544096
84812,120.20154654305463
84813,151.08251026806622
84819,120.1825039638546
84820,125.37804447377165
84823,131.2339904135033
84850,175.03493996031585
84862,159.39995834471895
84868,140.16773315601696
84869,141.8152212427695
84890,125.36414059371185
84908,143.63898508540692
84909,127.4275627752732
84911,140.44366146180346
84915,113.87485439902001
84929,74.97143372152587
84960,101.94596975174399
85011,116.74736628498646
85064,144.67673599878037
85070,107.30362506898037
85080,111.99429959812343
85111,173.84098594720484
85116,144.14824057644086
85143,90.57480352518726
85146,121.80259853554865
85170,118.97534220255798
85171,125.93224001252055
85208,120.35492064562736
85218,127.45674593167385
85233,131.98992449007358
85253,138.60052549461167
85300,111.76413505507853
85310,100.4111636537556
85328,140.9123806363004
85329,122.41604545065269
85332,107.73992554934279
85333,110.8050117829823
85345,165.4430615104786
85379,113.74321111255487
85422,144.5288628215378
85423,113.51444876276999
85430,123.73043427145952
85449,80.89823129261487
85456,124.33776638405413
85457,128.76167400109358
85494,130.78726532112915
85519,110.7886784139453
85637,134.39973416865416
85685,106.24721759286845
85701,130.00660926131815
85765,113.70342826015562
85799,94.38548183127529
85807,135.83718325685376
85819,125.7179206281003
85859,108.52361452872086
85871,152.22063175631845
85872,137.5533190124275
85879,101.66357960827291
85891,116.60410288349112
85904,133.47820059000273
85945,156.4102033679227
85950,122.04660952538805
85951,116.03015049430009
86003,161.5827762584094
86004,159.48061653749406
86009,128.64111120393613
86030,106.06498730071527
86073,111.16377261836887
86111,120.07397623466345
86121,112.23120186752837
86144,137.65910623058812
86160,154.829325823461
86176,125.90515328407746
86234,92.55700993810052
86237,94.57000059775058
86360,165.67423926215244
86369,153.1410859907729
86396,113.69642112684602
86397,104.55454403784572
86447,130.76376835413774
86488,144.18256776165873
86489,123.42311993568947
86500,154.48283019618856
86506,116.0254401434856
86533,129.67496642132886
86534,118.749284052832
86586,125.88806388381585
86604,130.83712062810216
86625,88.07600621765141
86665,122.09367759660167
86667,145.94411862617108
86668,139.5689156641734
86703,147.55119192826982
86731,114.50005315748733
86736,146.35281736310247
86755,138.2994221193768
86757,148.61627378887587
86762,135.61473154171512
86768,143.2897023789865
86779,138.91813624554345
86833,136.49979792085946
86834,132.22170731577958
86835,146.8645014710142
86836,140.89049864612832
86842,117.69352594431197
86855,131.68084578969385
86856,128.49288345016876
86857,128.91915142724747
86866,119.53833218784115
86871,156.48317700695623
86926,157.96909339464764
86928,155.42014139267437
86983,140.98349343945708
86984,140.9200994422504
86989,94.28072541212195
86993,121.34421123212644
87024,139.07489534242367
87029,105.90055533914109
87047,152.11313998875107
87053,118.60876047258286
87054,138.87108717251485
87129,156.98263319766792
87156,137.01549580707652
87157,124.12037464463891
87179,128.54694086345597
87225,127.88852549666737
87244,150.95374918364803
87245,141.84096999296023
87250,118.41081471893334
87251,103.73172984051915
87274,136.3626891374283
87297,123.93828797549092
87316,132.30036742711317
87345,121.89814964737892
87389,145.8100911050077
87407,148.4222562284872
87413,109.86203001887606
87414,112.3810292121316
87442,144.1438195168129
87480,139.2532337662577
87481,123.36442770196462
87503,133.94092590228018
87504,123.48989077571918
87509,98.9625883422731
87514,100.49505167211301
87558,132.7008964154808
87614,129.5488707716281
87648,133.03176108326332
87649,137.87396393624127
87685,143.44077048542263
87690,122.33294812493395
87691,119.0441727297339
87693,121.91438723971307
87726,107.33085704144848
87730,124.72365686980973
87755,153.54254318533881
87756,150.97787449150343
87801,117.66375027720935
87804,104.67743764055754
87877,154.47891427934948
87878,154.88216159784344
87884,116.90176262443185
87923,137.47007166016638
87924,132.22998541549995
87928,98.84112684379923
87938,132.1425269763924
87978,111.71441753146908
87986,128.3252987122193
87993,133.90872370509388
87999,117.18348059322255
88011,109.89346165340773
88024,156.5530211233388
88044,146.0605306086395
88045,142.86475010440694
88048,145.10945197104633
88063,114.90527879303961
88111,141.74454959139095
88112,142.33970399085158
88118,121.94572398214615
88144,126.2905455291702
88161,152.49904187107873
88167,121.27983059273367
88168,124.24380297529932
88200,114.50669396995531
88239,139.78737806848102
88240,124.39068316746695
88262,126.69753951644624
88263,121.23859279053497
88297,113.9358532046478
88339,134.31690984800449
88359,105.14957142259904
88389,98.93271962764652
88390,91.97946332483158
88398,112.25952047248346
88433,139.30362303875327
88434,135.74558405460147
88456,94.98168942755848
88457,95.07781533640959
88479,121.9443244562864
88481,114.26416624620452
88515,114.59297223990995
88538,138.1771736641183
88539,138.40841501661507
88544,101.95542943243579
88568,128.71340740386057
88577,105.96151159067712
88588,167.1374305674177
88594,136.64190581894562
88599,118.91112692753556
88608,115.83935597431748
88625,82.69876050029309
88646,92.71720768787465
88672,93.81306865282554
88674,98.48682297462895
88681,123.38652564919583
88684,130.1578853951101
88702,98.15382928699495
88721,103.4571775819527
88729,119.48194283334526
88759,106.94860165611941
88760,129.493088592539
88766,102.53920843797482
88775,140.05300886739766
88790,82.76343156738373
88797,132.6372126926541
88805,151.92446196331946
88824,112.22428362460614
88834,102.57761153774956
88835,98.70616499993639
88839,87.54924200544595
88840,84.30066145448984
88843,124.52306881806999
88862,100.00524290366626
88904,128.4454512006188
88931,114.98627073006931
88932,125.93978738867976
88933,156.15746142703858
88950,128.73170787727304
88953,131.49505730394887
88966,129.51232226689498
88981,127.9544086574465
88993,132.90097901016424
88996,114.97057424371154
89000,137.90633512458282
89015,157.35147786551266
89034,130.9117037752639
89036,148.89029263248798
89048,98.53941259168147
89070,133.72877076483078
89083,127.30489729763798
89084,123.87771135190484
89090,112.92580492471293
89095,120.73329194924325
89102,157.42309356627936
89118,161.0089192169755
89153,112.43894136878993
89167,130.2326395162849
89197,122.48043936468999
89229,127.60175087918566
89230,138.59126272599138
89243,148.92024568874677
89249,95.11382697095445
89300,115.36828166853255
89303,143.37199692075828
89310,137.84455791530857
89311,111.42888678858566
89312,112.20706470972621
89320,155.22434125409907
89321,152.6646297824919
89325,134.16399573302664
89326,114.0809310393307
89340,132.03368404584353
89341,137.02064544268592
89362,103.73175004018663
89375,126.82772910839797
89381,101.77295563565681
89387,146.4277783526021
89391,120.20203044389471
89392,119.21047253710245
89407,150.72926783465232
89507,101.01448026679172
89557,96.70510567390974
89558,97.43896542526349
89630,98.86733921199516
89631,99.68579082304646
89662,135.53592918043663
89673,144.97456905225764
89678,105.53450976075338
89679,100.84919466553443
89690,115.40623972494416
89691,112.15028905693147
89715,111.63720997504583
89725,72.62792340908248
89726,72.18442932441354
89772,161.69855501074306
89773,152.63071775878885
89866,97.19507987745361
89911,104.952577113984
89922,105.97594604196122
89923,101.81244217411977
89942,136.20944732832174
89962,124.61491571106599
89998,100.08293036389016
89999,97.1544139731762
90013,119.50628140477909
90014,110.78038901423315
90015,109.36776211119165
90047,95.4381849494166
90057,106.19107768735068
90058,106.06521780923838
90059,87.75571559488783
90060,88.96585057386024
90077,119.38380757825506
90078,111.55590906191028
90125,120.26607582498931
90133,111.1070700373078
90162,94.6642407779477
90181,114.97892016404667
90210,112.27264583286782
90229,134.02772931799467
90234,137.87881613632194
90242,103.38342171896504
90259,124.43475653165312
90266,117.98605261796291
90283,136.24269869156504
90311,140.30065790256364
90312,133.90319459412774
90319,107.63412887339513
90320,109.16304111100223
90321,103.0096829182873
90322,97.26080852646045
90343,159.78503430289308
90344,136.48923358198505
90353,156.7143427907916
90370,123.4767043108269
90371,122.26239029969148
90415,99.26942018453524
90443,134.79527990014634
90444,136.37687397802398
90453,119.7421822520651
90456,100.81023994479662
90485,119.27406239907305
90567,116.49256526125426
90603,130.42507138081976
90604,105.27613592996644
90606,121.0971230539223
90654,100.12882395519205
90678,111.97796439428433
90681,134.78916550084313
90689,99.49640699979011
90690,112.95077114256289
90709,163.43764350382628
90715,167.5781406197596
90742,133.066563129833
90782,130.9240551947653
90788,120.64451803725575
90820,102.34432902285502
90821,105.73958550746825
90846,152.29772665704576
90870,108.63475481725521
90871,102.60505058368317
90879,104.81350001852478
90905,96.33036237573468
90918,82.85240014491131
90919,113.65206693870407
90921,83.15569423614191
90942,123.58288140110602
90947,126.07709647928854
90959,117.92145831758268
90960,125.18188629719312
90983,80.67556856124607
90990,92.4556945485346
90999,89.51847983727443
91000,83.95640421220355
91002,66.03946019149457
91022,127.20359053782647
91032,113.54379097383135
91033,96.22134798631768
91057,176.52894292424392
91162,116.94334989540984
91163,115.49982332912674
91181,99.09935737582299
91182,91.11704982152824
91187,98.89503154366852
91302,113.51382929952554
91334,149.57459319363338
91395,114.96989317766966
91403,96.41682096948514
91420,101.48387787202309
91421,109.89022383765032
91448,127.95030971630439
91449,128.0486334115506
91458,102.47310022257808
91520,119.78202350629661
91521,104.54018429132287
91538,129.46078462217628
91546,126.69214649147982
91585,95.47866165223746
91586,91.19943066710901
91591,111.50011985605313
91592,106.23163727891858
91599,110.1356339663822
91600,105.4154656603529
91614,102.12215032579124
91615,93.57541462368964
91654,145.51502784087495
91686,97.24566208171635
91687,94.23459322264519
91772,103.73732292384926
91795,118.00948811133262
91808,110.11774373327205
91809,110.11774373327205
91811,102.31478724859785
91990,122.47864741059942
92016,106.91200549077688
92033,88.14079803384847
92040,97.88297790230486
92041,95.449823589279
92074,127.5864963706457
92090,112.17989992610435
92091,100.39503348701162
92130,106.27806565039779
92192,113.45202513291338
92264,98.3941839641401
92273,57.64739814398322
92274,79.85560757138991
92275,82.23056679077278
92341,86.2634101777432
92342,98.03828895271626
92372,83.41301832212054
92381,78.5290962991165
92395,104.65230600749061
92402,77.25153363857035
92420,106.64487770180001
92438,128.3098659111236
92439,121.885710520306
92445,121.0616386311469
92446,131.83464448688372
92461,122.84914696939708
92473,134.29531943813882
92484,133.11586375914854
92507,115.45810651758508
92508,125.65678013622546
92519,94.3137535518288
92582,99.04467276992357
92583,91.54497523335125
92630,111.75002077074967
92642,118.08344949752166
92704,133.3235804803602
92716,116.81341089671876
92728,114.85246350441275
92729,113.54996849643909
92751,121.50717584470684
92752,125.20378418550158
92763,81.08563650987212
92775,117.12443645346741
92787,110.3622181775031
92811,125.98143094607204
92830,117.87608329381808
92842,79.07274129947274
92854,110.60565612877944
92922,95.56662563794863
92934,125.60195959829765
92960,86.74146568917178
92979,93.89965933703276
93011,92.99432100325875
93022,111.42134090459503
93023,98.53644746065306
93034,99.86992715304558
93046,133.13738380200047
93057,74.8044424252611
93058,69.1218714541682
93111,93.83055989769561
93123,133.0258839167707
93147,99.90380883069196
93171,103.36940117355928
93183,104.38462453982437
93184,94.21717115889813
93204,114.34363344085004
93243,109.128477440313
93266,108.34613547619307
93267,113.39355552303213
93279,85.76095138258155
93302,145.67754780458483
93303,147.59641238998674
93315,89.31274936752443
93358,93.31309412297475
93359,82.1522394654143
93406,99.4603840281611
93407,97.91175050229377
93426,104.16492607384085
93427,94.90088434340771
93446,110.36131396079124
93447,95.05037163698871
93465,102.06540401212347
93466,106.46438928868547
93477,114.53110612594644
93478,110.36887911990313
93488,135.23255409336065
93489,133.87682516274504
93510,115.07415576373735
93511,95.42461698879522
93531,72.65803846352325
93542,129.1513184239344
93604,119.75291813584012
93605,120.86654186624499
93616,87.131561335426
93662,85.0966737729824
93663,79.0982023546666
93702,85.9739964012593
93703,81.95719159300458
93715,115.56079430164357
93726,71.16550903294555
93749,115.04110916619362
93750,110.32774191989026
93774,121.21058846519652
93784,97.43135779560683
93814,89.73107715483235
93815,87.89429349426055
93849,68.09304895222184
93850,70.84973124973943
93873,83.93794402674591
93874,91.44355020499589
93917,125.19773347096493
93918,119.2125841603349
93926,166.45622676421183
93943,142.84630602626797
93944,164.94635822045714
93951,139.54294476273785
93952,139.90751107219182
93957,109.48639603659525
93958,96.15954353423703
93963,152.5721928002302
93964,148.59323035589756
93969,135.82154898004595
93970,117.07571156049578
93974,123.77207935774425
93977,115.2358162904306
93978,107.9026276010806
93988,111.12201710035849
94002,131.0588225252169
94003,108.54147093898408
94024,127.9819650563128
94025,132.8163066280077
94035,138.29870101299025
94036,144.15684846583295
94039,113.89161475954747
94040,118.06265230152532
94045,155.51112588523938
94046,154.61488107138302
94048,134.07691633093523
94049,113.35935034313985
94058,104.80513247939521
94059,96.29410229032487
94064,92.41200624349827
94065,108.57066577955673
94078,103.2996008422408
94103,132.18236258052698
94110,124.588455294826
94118,148.64094426894604
94119,157.86919036534826
94121,128.38751069528666
94130,162.10730275593525
94136,139.00226888243242
94143,156.6525408549418
94144,158.66282512264465
94147,118.6004130668737
94148,108.0615072130826
94156,150.7100360380324
94159,117.93639108085092
94160,107.70473234377657
94171,134.80057171644305
94176,161.91863853200658
94177,158.09125431235267
94183,122.3112407262106
94190,151.45973047074145
94197,117.25099180532214
94209,142.17005683524897
94210,153.0919010231752
94224,104.34828765747011
94238,147.27131096808054
94245,160.94800223482716
94252,143.33906678924072
94259,166.32336164370784
94264,124.87756958830231
94265,116.80066118504254
94271,161.95046411112787
94276,139.51783627613165
94293,130.7493107849363
94300,126.54468119529662
94312,121.45688649001434
94318,131.46056635965905
94439,160.89789624748988
94445,140.78614703083772
94446,133.6893558975633
94459,103.62983280025513
94474,123.54412670230654
94480,167.5616011799877
94486,137.12169075436833
94487,123.42354996821875
94500,133.86032936538493
94501,128.47721639567078
94514,122.24768485185172
94515,133.2451393846704
94540,143.06289697178076
94543,107.00785266678443
94551,144.81686638025417
94554,121.81843975819288
94558,162.10888304417193
94559,160.5751976649809
94575,136.52173086610853
94583,145.92637215275374
94584,137.6886725942787
94596,125.70594223984472
94606,153.05840554527376
94607,145.7333863415802
94610,114.74689965669387
94639,94.13729312023939
94654,144.01537236852627
94655,124.03908136229364
94669,136.02532969111508
94670,139.98374243432016
94681,92.03759397812418
94682,97.14795247162031
94686,107.62823116131217
94687,101.62012152479188
94703,136.0763887584634
94715,114.3804091985603
94725,140.75888746701537
94738,144.0723621462696
94748,117.01197930096767
94749,118.75270024724367
94760,109.7809684389434
94771,145.11178625162574
94785,135.34305418153326
94786,122.65729215171757
94791,132.71438083448834
94792,131.55208509752552
94801,143.83453494808066
94802,151.84158994690307
94809,110.22033975686622
94810,115.087807678415
94826,106.53097002653983
94842,134.01027156969096
94843,137.7764881983568
94851,160.12204681595043
94852,153.65075129442494
94856,119.92345642083455
94868,96.82254620084049
94880,120.25838548042083
94890,152.2793762314561
94893,135.83292116658558
94908,163.60487164305817
94919,136.45473632323515
94920,138.67727663724543
94928,148.0535690278483
94933,126.74186380578229
94942,121.72334261209693
94943,117.02105273961752
94949,103.92468669173229
94961,88.60841809579549
94968,173.91119894842626
94977,151.24350968120422
94978,163.2832578795313
94982,127.86079640118405
94983,120.50021382972497
94988,157.88010213550447
94993,141.3332563582114
95007,104.22026353531372
95014,168.11110887300717
95021,134.4897805165926
95034,125.84936151591076
95043,160.63666221956595
95044,146.1107337185816
95048,134.00322062986024
95056,142.44117554645166
95062,130.9901467124397
95063,136.0291151301874
95076,143.6089541071535
95077,143.03386040114495
95092,153.7940738232994
95093,178.36815030390852
95117,135.33936704785208
95132,137.56262283323508
95142,157.35661400736635
95143,154.05950779658772
95146,130.87646454826117
95147,116.09969655391546
95152,158.73204418989408
95153,147.54565496695884
95174,131.65980290548782
95192,134.18419084140496
95215,165.63406957519365
95216,173.74465776404983
95221,140.09181914080202
95236,131.18102060211802
95241,111.76531338987854
95242,102.0306910840263
95253,105.6741312279365
95264,156.60888036990937
95267,124.20282882446973
95268,122.27650485840174
95275,149.51403787350395
95276,141.3901718642568
95285,127.785983352931
95298,131.57170556017834
95302,103.44195143043578
95309,160.02142409839018
95310,155.2535869626052
95316,132.9894289193167
95327,98.89957757999707
95332,113.76154089028437
95333,141.0569096666213
95337,111.24773407227524
95351,135.27310866021648
95352,109.98667807470297
95358,171.7669200482302
95364,147.90155302473536
95374,128.663106043106
95379,123.73693329809377
95394,134.30465881640214
95395,116.71129100126198
95404,138.4835587590032
95405,104.5786051364987
95409,108.4768843464427
95410,94.08880094634806
95414,171.925857196039
95420,133.2247287508563
95426,146.07056579421624
95427,133.7769314111978
95432,115.60868791992847
95433,118.02653608969666
95452,130.27557791014547
95459,119.38655934614685
95474,116.54175252108868
95479,136.17156610288617
95480,119.7932369302859
95482,124.66731368406667
95483,114.84598023725668
95487,152.62455032847714
95504,100.54463978200084
95505,100.40311424179698
95515,108.90309433188138
95516,103.97018609195209
95547,131.47135030770104
95548,116.88618894826509
95560,128.33052516383884
95561,114.96043854356087
95568,155.06968432085412
95571,129.41880815933715
95580,105.69707351417573
95581,112.20485056206338
95591,122.42464659633909
95601,102.94690884477177
95610,162.08144175928882
95611,131.6517142013813
95616,128.96885691763762
95623,86.1688675934804
95624,71.8852439980955
95638,114.66021708971586
95644,174.7042962327838
95645,164.0068727065941
95649,133.71874682330622
95655,142.24734549431994
95659,119.70950216125847
95668,140.31316480270166
95669,128.3737918858848
95675,103.84755324564455
95698,112.93961403149073
95701,106.40019469063071
95705,120.70929593424894
95709,123.56003298934874
95719,111.60550248301381
95720,120.841268894431
95725,77.20451267868917
95728,67.93255695006852
95737,128.96796498053394
95740,154.1830143038796
95741,154.27479727381444
95744,140.3272253040373
95761,72.12857611434104
95762,67.24520103850725
95774,125.62130813962983
95776,132.76276253848496
95777,115.02819166961712
95781,130.08078522834688
95797,126.40437816156351
95809,145.57071531252825
95813,128.45877239500996
95817,123.12665806116476
95818,119.68221008267871
95829,153.90646521308022
95842,110.83175729019803
95845,154.57333750828366
95854,148.17067942843698
95857,136.45021524708844
95858,141.50665270953624
95864,127.29306901119138
95865,125.0931909154868
95867,105.12951010516655
95870,142.16568111066644
95884,117.03237499844187
95885,115.78365430081598
96004,97.80661648153003
96041,114.61213507318409
96044,131.85984076784692
96051,126.34850172344491
