Skipping image OS validation for hb__fe87ed56be4ccc47d6527e641c3270f3: docker inspect returned 1
Skipping image OS validation for hb__bedbcf202e03f615e42812f0f64f327f: docker inspect returned 1
Skipping image OS validation for hb__cdeb1b31d9d574133ed516844dac0264: docker inspect returned 1
Skipping image OS validation for hb__510af71948abf0411e34a4fffcdcc268: docker inspect returned 1
Installing: tmux, asciinema
Detected system: {'os': 'debian-based', 'package_manager': 'apt-get', 'update_command': None}
Installing tools using apt-get: DEBIAN_FRONTEND=noninteractive apt-get update && DEBIAN_FRONTEND=noninteractive apt-get install -y tmux asciinema
Installing: tmux, asciinema
Detected system: {'os': 'debian-based', 'package_manager': 'apt-get', 'update_command': None}
Installing tools using apt-get: DEBIAN_FRONTEND=noninteractive apt-get update && DEBIAN_FRONTEND=noninteractive apt-get install -y tmux asciinema
Installing: tmux, asciinema
Installing: tmux, asciinema
Detected system: {'os': 'debian-based', 'package_manager': 'apt-get', 'update_command': None}
Installing tools using apt-get: DEBIAN_FRONTEND=noninteractive apt-get update && DEBIAN_FRONTEND=noninteractive apt-get install -y tmux asciinema
Detected system: {'os': 'debian-based', 'package_manager': 'apt-get', 'update_command': None}
Installing tools using apt-get: DEBIAN_FRONTEND=noninteractive apt-get update && DEBIAN_FRONTEND=noninteractive apt-get install -y tmux asciinema
Starting recording.
Sending keys: ['asciinema rec --stdin /logs/agent/recording.cast', 'Enter'] min_timeout_sec: 1.0 max_timeout_sec: 180.0
Sending keys: ['clear', 'Enter'] min_timeout_sec: 0.0 max_timeout_sec: 180.0
Failed to retrieve model info for 'openrouter/google/gemma-4-31b-it': This model isn't mapped yet. model=openrouter/google/gemma-4-31b-it, custom_llm_provider=openrouter. Add it here - https://github.com/BerriAI/litellm/blob/main/model_prices_and_context_window.json.. Using fallback context limit: 1000000
Starting recording.
Sending keys: ['asciinema rec --stdin /logs/agent/recording.cast', 'Enter'] min_timeout_sec: 1.0 max_timeout_sec: 180.0
Sending keys: ['clear', 'Enter'] min_timeout_sec: 0.0 max_timeout_sec: 180.0
Failed to retrieve model info for 'openrouter/google/gemma-4-31b-it': This model isn't mapped yet. model=openrouter/google/gemma-4-31b-it, custom_llm_provider=openrouter. Add it here - https://github.com/BerriAI/litellm/blob/main/model_prices_and_context_window.json.. Using fallback context limit: 1000000
Starting recording.
Sending keys: ['asciinema rec --stdin /logs/agent/recording.cast', 'Enter'] min_timeout_sec: 1.0 max_timeout_sec: 180.0
Starting recording.
Sending keys: ['asciinema rec --stdin /logs/agent/recording.cast', 'Enter'] min_timeout_sec: 1.0 max_timeout_sec: 180.0
Parser warnings: - Extra text detected before JSON object
- Extra text detected after JSON object
Sending keys: ['ls -la /app/data\n'] min_timeout_sec: 0.1 max_timeout_sec: 180.0
Sending keys: ['head -n 5 /app/data/train.csv\n'] min_timeout_sec: 0.1 max_timeout_sec: 180.0
Sending keys: ['clear', 'Enter'] min_timeout_sec: 0.0 max_timeout_sec: 180.0
Sending keys: ['cat /app/data/schema.json\n'] min_timeout_sec: 0.1 max_timeout_sec: 180.0
Trajectory dumped to /var/essdata/s_chumakov/automl-journal/runs/autods-tabred/jobs/terminus-tabred-Mmid-20260829-185941/ecom-offers__3y2cCzf/agent/trajectory.json
Sending keys: ['clear', 'Enter'] min_timeout_sec: 0.0 max_timeout_sec: 180.0
Failed to retrieve model info for 'openrouter/google/gemma-4-31b-it': This model isn't mapped yet. model=openrouter/google/gemma-4-31b-it, custom_llm_provider=openrouter. Add it here - https://github.com/BerriAI/litellm/blob/main/model_prices_and_context_window.json.. Using fallback context limit: 1000000
Failed to retrieve model info for 'openrouter/google/gemma-4-31b-it': This model isn't mapped yet. model=openrouter/google/gemma-4-31b-it, custom_llm_provider=openrouter. Add it here - https://github.com/BerriAI/litellm/blob/main/model_prices_and_context_window.json.. Using fallback context limit: 1000000
Failed to retrieve model info for 'openrouter/google/gemma-4-31b-it': This model isn't mapped yet. model=openrouter/google/gemma-4-31b-it, custom_llm_provider=openrouter. Add it here - https://github.com/BerriAI/litellm/blob/main/model_prices_and_context_window.json.. Using fallback context limit: 1000000
Parser warnings: - Extra text detected before JSON object
- Extra text detected after JSON object
Sending keys: ['ls -la /app/data\n'] min_timeout_sec: 0.1 max_timeout_sec: 180.0
Sending keys: ['cat /app/data/schema.json\n'] min_timeout_sec: 0.1 max_timeout_sec: 180.0
Trajectory dumped to /var/essdata/s_chumakov/automl-journal/runs/autods-tabred/jobs/terminus-tabred-Mmid-20260829-185941/weather__8w2DgV8/agent/trajectory.json
Failed to retrieve model info for 'openrouter/google/gemma-4-31b-it': This model isn't mapped yet. model=openrouter/google/gemma-4-31b-it, custom_llm_provider=openrouter. Add it here - https://github.com/BerriAI/litellm/blob/main/model_prices_and_context_window.json.. Using fallback context limit: 1000000
Parser warnings: - Extra text detected before JSON object
- Extra text detected after JSON object
Sending keys: ['ls -la /app/data\n'] min_timeout_sec: 0.1 max_timeout_sec: 180.0
Sending keys: ['head -n 5 /app/data/train.csv\n'] min_timeout_sec: 0.1 max_timeout_sec: 180.0
Sending keys: ['cat /app/data/schema.json\n'] min_timeout_sec: 0.1 max_timeout_sec: 180.0
Trajectory dumped to /var/essdata/s_chumakov/automl-journal/runs/autods-tabred/jobs/terminus-tabred-Mmid-20260829-185941/homecredit-default__UKJoM4Q/agent/trajectory.json
Failed to retrieve model info for 'openrouter/google/gemma-4-31b-it': This model isn't mapped yet. model=openrouter/google/gemma-4-31b-it, custom_llm_provider=openrouter. Add it here - https://github.com/BerriAI/litellm/blob/main/model_prices_and_context_window.json.. Using fallback context limit: 1000000
Parser warnings: - Extra text detected before JSON object
- Extra text detected after JSON object
Sending keys: ['ls -la /app/data\n'] min_timeout_sec: 0.1 max_timeout_sec: 180.0
Sending keys: ['cat /app/data/schema.json\n'] min_timeout_sec: 0.1 max_timeout_sec: 180.0
Trajectory dumped to /var/essdata/s_chumakov/automl-journal/runs/autods-tabred/jobs/terminus-tabred-Mmid-20260829-185941/cooking-time__iCAfTm6/agent/trajectory.json
Failed to retrieve model info for 'openrouter/google/gemma-4-31b-it': This model isn't mapped yet. model=openrouter/google/gemma-4-31b-it, custom_llm_provider=openrouter. Add it here - https://github.com/BerriAI/litellm/blob/main/model_prices_and_context_window.json.. Using fallback context limit: 1000000
Parser warnings: - Extra text detected before JSON object
- Extra text detected after JSON object
Sending keys: ["cat << 'EOF' > solution.py\nimport pandas as pd\nimport lightgbm as lgb\nfrom sklearn.metrics import roc_auc_score\n\n# Load data\ntrain = pd.read_csv('/app/data/train.csv')\nval = pd.read_csv('/app/data/val.csv')\ntest = pd.read_csv('/app/data/test.csv')\n\nX_train = train.drop(columns=['target'])\ny_train = train['target']\nX_val = val.drop(columns=['target'])\ny_val = val['target']\n\n# Initialize LightGBM model\n# Using a reasonable set of hyperparameters for a general binary classification task\nmodel = lgb.LGBMClassifier(\n    n_estimators=1000,\n    learning_rate=0.05,\n    num_leaves=31,\n    max_depth=-1,\n    objective='binary',\n    random_state=42,\n    n_jobs=-1\n)\n\n# Train the model with early stopping\nmodel.fit(\n    X_train, y_train,\n    eval_set=[(X_val, y_val)],\n    eval_metric='auc',\n    callbacks=[lgb.early_stopping(stopping_rounds=50)]\n)\n\n# Predict probabilities for the positive class\nprobs = model.predict_proba(test)[:, 1]\n\n# Save predictions\npred_df = pd.DataFrame({'target': probs})\npred_df.to_csv('/app/predictions.csv', index=False)\n\nprint(f'Validation ROC-AUC: {roc_auc_score(y_val, model.predict_proba(X_val)[:, 1])}')\nEOF\n"] min_timeout_sec: 0.1 max_timeout_sec: 180.0
Sending keys: ['python3 solution.py\n'] min_timeout_sec: 10.0 max_timeout_sec: 180.0
Trajectory dumped to /var/essdata/s_chumakov/automl-journal/runs/autods-tabred/jobs/terminus-tabred-Mmid-20260829-185941/ecom-offers__3y2cCzf/agent/trajectory.json
Failed to retrieve model info for 'openrouter/google/gemma-4-31b-it': This model isn't mapped yet. model=openrouter/google/gemma-4-31b-it, custom_llm_provider=openrouter. Add it here - https://github.com/BerriAI/litellm/blob/main/model_prices_and_context_window.json.. Using fallback context limit: 1000000
Parser warnings: - Extra text detected before JSON object
- Extra text detected after JSON object
Sending keys: ["cat << 'EOF' > solution.py\nimport pandas as pd\nimport lightgbm as lgb\nfrom sklearn.preprocessing import LabelEncoder\nfrom sklearn.metrics import roc_auc_score\nimport numpy as np\n\ndef solve():\n    train = pd.read_csv('/app/data/train.csv')\n    val = pd.read_csv('/app/data/val.csv')\n    test = pd.read_csv('/app/data/test.csv')\n\n    X_train = train.drop(columns=['target'])\n    y_train = train['target']\n    X_val = val.drop(columns=['target'])\n    y_val = val['target']\n    X_test = test\n\n    cat_cols = [col for col in X_train.columns if col.startswith('cat_')]\n    \n    for col in cat_cols:\n        le = LabelEncoder()\n        # Fit on all available data for the column to avoid unseen labels\n        all_data = pd.concat([X_train[col], X_val[col], X_test[col]]).astype(str)\n        le.fit(all_data)\n        X_train[col] = le.transform(X_train[col].astype(str))\n        X_val[col] = le.transform(X_val[col].astype(str))\n        X_test[col] = le.transform(X_test[col].astype(str))\n\n    # LightGBM dataset\n    train_data = lgb.Dataset(X_train, label=y_train)\n    val_data = lgb.Dataset(X_val, label=y_val, reference=train_data)\n\n    params = {\n        'objective': 'binary',\n        'metric': 'auc',\n        'verbosity': -1,\n        'boosting_type': 'gbdt',\n        'random_state': 42,\n        'learning_rate': 0.05,\n        'num_leaves': 31,\n        'feature_fraction': 0.8,\n        'bagging_fraction': 0.8,\n        'bagging_freq': 5\n    }\n\n    model = lgb.train(\n        params,\n        train_data,\n        num_boost_round=1000,\n        valid_sets=[val_data],\n        callbacks=[lgb.early_stopping(stopping_rounds=50)]\n    )\n\n    preds_val = model.predict(X_val)\n    print(f'Validation AUC: {roc_auc_score(y_val, preds_val)}')\n\n    preds_test = model.predict(X_test)\n    \n    # Save to CSV\n    output = pd.DataFrame({'target': preds_test})\n    output.to_csv('/app/predictions.csv', index=False)\n    print('Predictions saved to /app/predictions.csv')\n\nif __name__ == '__main__':\n    solve()\nEOF\n"] min_timeout_sec: 0.1 max_timeout_sec: 180.0
Sending keys: ['python3 solution.py\n'] min_timeout_sec: 60 max_timeout_sec: 180.0
Parser warnings: - Extra text detected before JSON object
- Extra text detected after JSON object
Sending keys: ["cat << 'EOF' > solution.py\nimport pandas as pd\nimport lightgbm as lgb\nimport numpy as np\n\n# Load data\ntrain = pd.read_csv('/app/data/train.csv')\nval = pd.read_csv('/app/data/val.csv')\ntest = pd.read_csv('/app/data/test.csv')\n\nx_train = train.drop(columns=['target'])\ny_train = train['target']\nx_val = val.drop(columns=['target'])\ny_val = val['target']\n\n# Identify feature types\ncat_cols = [col for col in x_train.columns if col.startswith('cat_') or col.startswith('bin_')]\nnum_cols = [col for col in x_train.columns if col.startswith('num_')]\n\n# Preprocess categories\nfor col in cat_cols:\n    x_train[col] = x_train[col].astype('category')\n    x_val[col] = x_val[col].astype('category')\n    test[col] = test[col].astype('category')\n\n# Train LightGBM model\nmodel = lgb.LGBMRegressor(\n    n_estimators=1000,\n    learning_rate=0.05,\n    num_leaves=31,\n    random_state=42,\n    n_jobs=-1\n)\n\nmodel.fit(\n    x_train, y_train,\n    eval_set=[(x_val, y_val)],\n    callbacks=[lgb.early_stopping(stopping_rounds=50)]\n)\n\n# Predict\npreds = model.predict(test)\n\n# Save predictions\noutput = pd.DataFrame({'target': preds})\noutput.to_csv('/app/predictions.csv', index=False)\nEOF\n"] min_timeout_sec: 0.1 max_timeout_sec: 180.0
Sending keys: ['python3 solution.py\n'] min_timeout_sec: 60.0 max_timeout_sec: 180.0
Parser warnings: - Extra text detected before JSON object
- Extra text detected after JSON object
Sending keys: ["cat << 'EOF' > solution.py\nimport pandas as pd\nimport lightgbm as lgb\nimport numpy as np\n\n# Load data\nprint('Loading data...')\ntrain = pd.read_csv('/app/data/train.csv')\nval = pd.read_csv('/app/data/val.csv')\ntest = pd.read_csv('/app/data/test.csv')\n\nX_train = train.drop(columns=['target'])\ny_train = train['target']\nX_val = val.drop(columns=['target'])\ny_val = val['target']\n\n# LightGBM can handle NaNs automatically\n# Using LightGBM's Dataset for efficiency\nprint('Training model...')\ndtrain = lgb.Dataset(X_train, label=y_train)\ndval = lgb.Dataset(X_val, label=y_val, reference=dtrain)\n\nparams = {\n    'objective': 'regression',\n    'metric': 'rmse',\n    'verbosity': -1,\n    'boosting_type': 'gbdt',\n    'random_state': 42,\n    'learning_rate': 0.05,\n    'num_leaves': 31,\n    'feature_fraction': 0.8,\n    'bagging_fraction': 0.8,\n    'bagging_freq': 5\n}\n\nmodel = lgb.train(\n    params,\n    dtrain,\n    num_boost_round=1000,\n    valid_sets=[dval],\n    callbacks=[lgb.early_stopping(stopping_rounds=50)]\n)\n\nprint('Generating predictions...')\ny_pred = model.predict(test, num_iteration=model.best_iteration)\n\n# Output to CSV\npred_df = pd.DataFrame({'target': y_pred})\npred_df.to_csv('/app/predictions.csv', index=False)\nprint('Predictions saved to /app/predictions.csv')\nEOF\n"] min_timeout_sec: 0.1 max_timeout_sec: 180.0
Sending keys: ['python3 solution.py\n'] min_timeout_sec: 60.0 max_timeout_sec: 180.0
Parser warnings: - Extra text detected before JSON object
- Extra text detected after JSON object
Sending keys: ['ls -la /app/predictions.csv\n'] min_timeout_sec: 0.1 max_timeout_sec: 180.0
Sending keys: ['wc -l /app/predictions.csv\n'] min_timeout_sec: 0.1 max_timeout_sec: 180.0
Trajectory dumped to /var/essdata/s_chumakov/automl-journal/runs/autods-tabred/jobs/terminus-tabred-Mmid-20260829-185941/ecom-offers__3y2cCzf/agent/trajectory.json
Failed to retrieve model info for 'openrouter/google/gemma-4-31b-it': This model isn't mapped yet. model=openrouter/google/gemma-4-31b-it, custom_llm_provider=openrouter. Add it here - https://github.com/BerriAI/litellm/blob/main/model_prices_and_context_window.json.. Using fallback context limit: 1000000
Parser warnings: - Extra text detected before JSON object
- Extra text detected after JSON object
Trajectory dumped to /var/essdata/s_chumakov/automl-journal/runs/autods-tabred/jobs/terminus-tabred-Mmid-20260829-185941/ecom-offers__3y2cCzf/agent/trajectory.json
Failed to retrieve model info for 'openrouter/google/gemma-4-31b-it': This model isn't mapped yet. model=openrouter/google/gemma-4-31b-it, custom_llm_provider=openrouter. Add it here - https://github.com/BerriAI/litellm/blob/main/model_prices_and_context_window.json.. Using fallback context limit: 1000000
Parser warnings: - Extra text detected before JSON object
- Extra text detected after JSON object
Trajectory dumped to /var/essdata/s_chumakov/automl-journal/runs/autods-tabred/jobs/terminus-tabred-Mmid-20260829-185941/ecom-offers__3y2cCzf/agent/trajectory.json
Trajectory dumped to /var/essdata/s_chumakov/automl-journal/runs/autods-tabred/jobs/terminus-tabred-Mmid-20260829-185941/ecom-offers__3y2cCzf/agent/trajectory.json
Collecting main service artifacts
Skipping image OS validation for hb__a68bb1b9a885efa968f3bdbbe5d805f3: docker inspect returned 1
Installing: tmux, asciinema
Detected system: {'os': 'debian-based', 'package_manager': 'apt-get', 'update_command': None}
Installing tools using apt-get: DEBIAN_FRONTEND=noninteractive apt-get update && DEBIAN_FRONTEND=noninteractive apt-get install -y tmux asciinema
Starting recording.
Sending keys: ['asciinema rec --stdin /logs/agent/recording.cast', 'Enter'] min_timeout_sec: 1.0 max_timeout_sec: 180.0
Sending keys: ['clear', 'Enter'] min_timeout_sec: 0.0 max_timeout_sec: 180.0
Failed to retrieve model info for 'openrouter/google/gemma-4-31b-it': This model isn't mapped yet. model=openrouter/google/gemma-4-31b-it, custom_llm_provider=openrouter. Add it here - https://github.com/BerriAI/litellm/blob/main/model_prices_and_context_window.json.. Using fallback context limit: 1000000
Parser warnings: - Extra text detected before JSON object
- Extra text detected after JSON object
Sending keys: ['ls -la /app/data\n'] min_timeout_sec: 0.1 max_timeout_sec: 180.0
Sending keys: ['head -n 5 /app/data/train.csv\n'] min_timeout_sec: 0.1 max_timeout_sec: 180.0
Sending keys: ['cat /app/data/schema.json\n'] min_timeout_sec: 0.1 max_timeout_sec: 180.0
Trajectory dumped to /var/essdata/s_chumakov/automl-journal/runs/autods-tabred/jobs/terminus-tabred-Mmid-20260829-185941/homecredit-default__UKJoM4Q/agent/trajectory.json
Failed to retrieve model info for 'openrouter/google/gemma-4-31b-it': This model isn't mapped yet. model=openrouter/google/gemma-4-31b-it, custom_llm_provider=openrouter. Add it here - https://github.com/BerriAI/litellm/blob/main/model_prices_and_context_window.json.. Using fallback context limit: 1000000
Trajectory dumped to /var/essdata/s_chumakov/automl-journal/runs/autods-tabred/jobs/terminus-tabred-Mmid-20260829-185941/delivery-eta__uiSAydK/agent/trajectory.json
Failed to retrieve model info for 'openrouter/google/gemma-4-31b-it': This model isn't mapped yet. model=openrouter/google/gemma-4-31b-it, custom_llm_provider=openrouter. Add it here - https://github.com/BerriAI/litellm/blob/main/model_prices_and_context_window.json.. Using fallback context limit: 1000000
Trajectory dumped to /var/essdata/s_chumakov/automl-journal/runs/autods-tabred/jobs/terminus-tabred-Mmid-20260829-185941/cooking-time__iCAfTm6/agent/trajectory.json
Failed to retrieve model info for 'openrouter/google/gemma-4-31b-it': This model isn't mapped yet. model=openrouter/google/gemma-4-31b-it, custom_llm_provider=openrouter. Add it here - https://github.com/BerriAI/litellm/blob/main/model_prices_and_context_window.json.. Using fallback context limit: 1000000
Trajectory dumped to /var/essdata/s_chumakov/automl-journal/runs/autods-tabred/jobs/terminus-tabred-Mmid-20260829-185941/weather__8w2DgV8/agent/trajectory.json
Failed to retrieve model info for 'openrouter/google/gemma-4-31b-it': This model isn't mapped yet. model=openrouter/google/gemma-4-31b-it, custom_llm_provider=openrouter. Add it here - https://github.com/BerriAI/litellm/blob/main/model_prices_and_context_window.json.. Using fallback context limit: 1000000
Parser warnings: - Extra text detected before JSON object
- Extra text detected after JSON object
Sending keys: [''] min_timeout_sec: 60 max_timeout_sec: 180.0
Parser warnings: - Extra text detected before JSON object
- Extra text detected after JSON object
Sending keys: ['ls -la /app/predictions.csv\n'] min_timeout_sec: 0.1 max_timeout_sec: 180.0
Sending keys: ['head -n 5 /app/predictions.csv\n'] min_timeout_sec: 0.1 max_timeout_sec: 180.0
Sending keys: ['wc -l /app/predictions.csv\n'] min_timeout_sec: 0.1 max_timeout_sec: 180.0
Trajectory dumped to /var/essdata/s_chumakov/automl-journal/runs/autods-tabred/jobs/terminus-tabred-Mmid-20260829-185941/cooking-time__iCAfTm6/agent/trajectory.json
Failed to retrieve model info for 'openrouter/google/gemma-4-31b-it': This model isn't mapped yet. model=openrouter/google/gemma-4-31b-it, custom_llm_provider=openrouter. Add it here - https://github.com/BerriAI/litellm/blob/main/model_prices_and_context_window.json.. Using fallback context limit: 1000000
Parser warnings: - Extra text detected before JSON object
- Extra text detected after JSON object
Sending keys: [''] min_timeout_sec: 60.0 max_timeout_sec: 180.0
Parser warnings: - Extra text detected before JSON object
- Extra text detected after JSON object
Trajectory dumped to /var/essdata/s_chumakov/automl-journal/runs/autods-tabred/jobs/terminus-tabred-Mmid-20260829-185941/cooking-time__iCAfTm6/agent/trajectory.json
Failed to retrieve model info for 'openrouter/google/gemma-4-31b-it': This model isn't mapped yet. model=openrouter/google/gemma-4-31b-it, custom_llm_provider=openrouter. Add it here - https://github.com/BerriAI/litellm/blob/main/model_prices_and_context_window.json.. Using fallback context limit: 1000000
Parser warnings: - Extra text detected before JSON object
- Extra text detected after JSON object
Trajectory dumped to /var/essdata/s_chumakov/automl-journal/runs/autods-tabred/jobs/terminus-tabred-Mmid-20260829-185941/cooking-time__iCAfTm6/agent/trajectory.json
Trajectory dumped to /var/essdata/s_chumakov/automl-journal/runs/autods-tabred/jobs/terminus-tabred-Mmid-20260829-185941/cooking-time__iCAfTm6/agent/trajectory.json
Collecting main service artifacts
Parser warnings: - Extra text detected before JSON object
- Extra text detected after JSON object
Sending keys: ["cat << 'EOF' > solution.py\nimport pandas as pd\nimport xgboost as xgb\nfrom sklearn.preprocessing import LabelEncoder\nimport numpy as np\n\n# Load data\ntrain = pd.read_csv('/app/data/train.csv')\nval = pd.read_csv('/app/data/val.csv')\ntest = pd.read_csv('/app/data/test.csv')\n\n# Identify feature types\nnum_cols = [col for col in train.columns if col.startswith('num_')]\nbin_cols = [col for col in train.columns if col.startswith('bin_')]\ncat_cols = [col for col in train.columns if col.startswith('cat_')]\n\ntarget_col = 'target'\n\n# Preprocess categorical features\nle = LabelEncoder()\nfor col in cat_cols:\n    # Combine train, val, and test to ensure consistent encoding\n    full_data = pd.concat([train[col], val[col], test[col]])\n    full_data = full_data.astype(str).fillna('nan')\n    le.fit(full_data)\n    train[col] = le.transform(train[col].astype(str).fillna('nan'))\n    val[col] = le.transform(val[col].astype(str).fillna('nan'))\n    test[col] = le.transform(test[col].astype(str).fillna('nan'))\n\nX_train = train.drop(columns=[target_col])\ny_train = train[target_col]\nX_val = val.drop(columns=[target_col])\ny_val = val[target_col]\n\n# Train XGBoost\nmodel = xgb.XGBRegressor(n_estimators=1000, learning_rate=0.05, max_depth=6, random_state=42, n_jobs=-1)\nmodel.fit(X_train, y_train, eval_set=[(X_val, y_val)], early_stopping_rounds=50, verbose=False)\n\n# Predict\npreds = model.predict(test)\n\n# Save predictions\npred_df = pd.DataFrame({'target': preds})\npred_df.to_csv('/app/predictions.csv', index=False)\nprint('Predictions saved to /app/predictions.csv')\nEOF\n"] min_timeout_sec: 0.1 max_timeout_sec: 180.0
Sending keys: ['python3 solution.py\n'] min_timeout_sec: 60 max_timeout_sec: 180.0
Trajectory dumped to /var/essdata/s_chumakov/automl-journal/runs/autods-tabred/jobs/terminus-tabred-Mmid-20260829-185941/homecredit-default__UKJoM4Q/agent/trajectory.json
Failed to retrieve model info for 'openrouter/google/gemma-4-31b-it': This model isn't mapped yet. model=openrouter/google/gemma-4-31b-it, custom_llm_provider=openrouter. Add it here - https://github.com/BerriAI/litellm/blob/main/model_prices_and_context_window.json.. Using fallback context limit: 1000000
Sending keys: ['ls -la /app/predictions.csv\n'] min_timeout_sec: 0.1 max_timeout_sec: 180.0
Trajectory dumped to /var/essdata/s_chumakov/automl-journal/runs/autods-tabred/jobs/terminus-tabred-Mmid-20260829-185941/weather__8w2DgV8/agent/trajectory.json
Failed to retrieve model info for 'openrouter/google/gemma-4-31b-it': This model isn't mapped yet. model=openrouter/google/gemma-4-31b-it, custom_llm_provider=openrouter. Add it here - https://github.com/BerriAI/litellm/blob/main/model_prices_and_context_window.json.. Using fallback context limit: 1000000
Parser warnings: - Extra text detected before JSON object
- Extra text detected after JSON object
Sending keys: [''] min_timeout_sec: 60 max_timeout_sec: 180.0
Skipping image OS validation for hb__1555665de9382897e5b671202cdfec67: docker inspect returned 1
Parser warnings: - Extra text detected before JSON object
- Extra text detected after JSON object
Sending keys: ['ls -la /app/predictions.csv\n'] min_timeout_sec: 0.1 max_timeout_sec: 180.0
Sending keys: ['wc -l /app/predictions.csv\n'] min_timeout_sec: 0.1 max_timeout_sec: 180.0
Sending keys: ['head -n 5 /app/predictions.csv\n'] min_timeout_sec: 0.1 max_timeout_sec: 180.0
Trajectory dumped to /var/essdata/s_chumakov/automl-journal/runs/autods-tabred/jobs/terminus-tabred-Mmid-20260829-185941/weather__8w2DgV8/agent/trajectory.json
Failed to retrieve model info for 'openrouter/google/gemma-4-31b-it': This model isn't mapped yet. model=openrouter/google/gemma-4-31b-it, custom_llm_provider=openrouter. Add it here - https://github.com/BerriAI/litellm/blob/main/model_prices_and_context_window.json.. Using fallback context limit: 1000000
Installing: tmux, asciinema
Detected system: {'os': 'debian-based', 'package_manager': 'apt-get', 'update_command': None}
Installing tools using apt-get: DEBIAN_FRONTEND=noninteractive apt-get update && DEBIAN_FRONTEND=noninteractive apt-get install -y tmux asciinema
Parser warnings: - Extra text detected before JSON object
- Extra text detected after JSON object
Sending keys: ['ps aux | grep python3\n'] min_timeout_sec: 0.1 max_timeout_sec: 180.0
Sending keys: ['ls -l /app/predictions.csv\n'] min_timeout_sec: 0.1 max_timeout_sec: 180.0
Sending keys: ['wc -l /app/predictions.csv\n'] min_timeout_sec: 0.1 max_timeout_sec: 180.0
Trajectory dumped to /var/essdata/s_chumakov/automl-journal/runs/autods-tabred/jobs/terminus-tabred-Mmid-20260829-185941/weather__8w2DgV8/agent/trajectory.json
Failed to retrieve model info for 'openrouter/google/gemma-4-31b-it': This model isn't mapped yet. model=openrouter/google/gemma-4-31b-it, custom_llm_provider=openrouter. Add it here - https://github.com/BerriAI/litellm/blob/main/model_prices_and_context_window.json.. Using fallback context limit: 1000000
Trajectory dumped to /var/essdata/s_chumakov/automl-journal/runs/autods-tabred/jobs/terminus-tabred-Mmid-20260829-185941/delivery-eta__uiSAydK/agent/trajectory.json
Failed to retrieve model info for 'openrouter/google/gemma-4-31b-it': This model isn't mapped yet. model=openrouter/google/gemma-4-31b-it, custom_llm_provider=openrouter. Add it here - https://github.com/BerriAI/litellm/blob/main/model_prices_and_context_window.json.. Using fallback context limit: 1000000
Parser warnings: - Extra text detected before JSON object
- Extra text detected after JSON object
Sending keys: ['ls /app/predictions.csv\n'] min_timeout_sec: 0.1 max_timeout_sec: 180.0
Sending keys: ['wc -l /app/predictions.csv\n'] min_timeout_sec: 0.1 max_timeout_sec: 180.0
Sending keys: ['head -n 5 /app/predictions.csv\n'] min_timeout_sec: 0.1 max_timeout_sec: 180.0
Trajectory dumped to /var/essdata/s_chumakov/automl-journal/runs/autods-tabred/jobs/terminus-tabred-Mmid-20260829-185941/weather__8w2DgV8/agent/trajectory.json
Failed to retrieve model info for 'openrouter/google/gemma-4-31b-it': This model isn't mapped yet. model=openrouter/google/gemma-4-31b-it, custom_llm_provider=openrouter. Add it here - https://github.com/BerriAI/litellm/blob/main/model_prices_and_context_window.json.. Using fallback context limit: 1000000
Starting recording.
Sending keys: ['asciinema rec --stdin /logs/agent/recording.cast', 'Enter'] min_timeout_sec: 1.0 max_timeout_sec: 180.0
Sending keys: ['clear', 'Enter'] min_timeout_sec: 0.0 max_timeout_sec: 180.0
Failed to retrieve model info for 'openrouter/google/gemma-4-31b-it': This model isn't mapped yet. model=openrouter/google/gemma-4-31b-it, custom_llm_provider=openrouter. Add it here - https://github.com/BerriAI/litellm/blob/main/model_prices_and_context_window.json.. Using fallback context limit: 1000000
Parser warnings: - Extra text detected before JSON object
- Extra text detected after JSON object
Sending keys: ['C-c\n'] min_timeout_sec: 0.1 max_timeout_sec: 180.0
Sending keys: ['ls -l /app/predictions.csv\n'] min_timeout_sec: 0.1 max_timeout_sec: 180.0
Sending keys: ['wc -l /app/predictions.csv\n'] min_timeout_sec: 0.1 max_timeout_sec: 180.0
Trajectory dumped to /var/essdata/s_chumakov/automl-journal/runs/autods-tabred/jobs/terminus-tabred-Mmid-20260829-185941/weather__8w2DgV8/agent/trajectory.json
Failed to retrieve model info for 'openrouter/google/gemma-4-31b-it': This model isn't mapped yet. model=openrouter/google/gemma-4-31b-it, custom_llm_provider=openrouter. Add it here - https://github.com/BerriAI/litellm/blob/main/model_prices_and_context_window.json.. Using fallback context limit: 1000000
Parser warnings: - Extra text detected before JSON object
- Extra text detected after JSON object
Sending keys: ['ls -la /app/data\n'] min_timeout_sec: 0.1 max_timeout_sec: 180.0
Sending keys: ['cat /app/data/schema.json\n'] min_timeout_sec: 0.1 max_timeout_sec: 180.0
Sending keys: ['head -n 5 /app/data/train.csv\n'] min_timeout_sec: 0.1 max_timeout_sec: 180.0
Trajectory dumped to /var/essdata/s_chumakov/automl-journal/runs/autods-tabred/jobs/terminus-tabred-Mmid-20260829-185941/maps-routing__xxF7ELi/agent/trajectory.json
Failed to retrieve model info for 'openrouter/google/gemma-4-31b-it': This model isn't mapped yet. model=openrouter/google/gemma-4-31b-it, custom_llm_provider=openrouter. Add it here - https://github.com/BerriAI/litellm/blob/main/model_prices_and_context_window.json.. Using fallback context limit: 1000000
Parser warnings: - Extra text detected before JSON object
- Extra text detected after JSON object
Sending keys: ["cat << 'EOF' > solution.py\nimport pandas as pd\nimport xgboost as xgb\nfrom sklearn.preprocessing import LabelEncoder\nimport numpy as np\n\n# Load data\ntrain = pd.read_csv('/app/data/train.csv')\nval = pd.read_csv('/app/data/val.csv')\ntest = pd.read_csv('/app/data/test.csv')\n\n# Identify feature types\nnum_cols = [col for col in train.columns if col.startswith('num_')]\nbin_cols = [col for col in train.columns if col.startswith('bin_')]\ncat_cols = [col for col in train.columns if col.startswith('cat_')]\n\ntarget_col = 'target'\n\n# Preprocess categorical features\nle = LabelEncoder()\nfor col in cat_cols:\n    # Combine train, val, and test to ensure consistent encoding\n    full_data = pd.concat([train[col], val[col], test[col]])\n    full_data = full_data.astype(str).fillna('nan')\n    le.fit(full_data)\n    train[col] = le.transform(train[col].astype(str).fillna('nan'))\n    val[col] = le.transform(val[col].astype(str).fillna('nan'))\n    test[col] = le.transform(test[col].astype(str).fillna('nan'))\n\nX_train = train.drop(columns=[target_col])\ny_train = train[target_col]\nX_val = val.drop(columns=[target_col])\ny_val = val[target_col]\n\n# Train XGBoost\nmodel = xgb.XGBRegressor(\n    n_estimators=1000, \n    learning_rate=0.05, \n    max_depth=6, \n    random_state=42, \n    n_jobs=-1, \n    early_stopping_rounds=50\n)\nmodel.fit(X_train, y_train, eval_set=[(X_val, y_val)], verbose=False)\n\n# Predict\npreds = model.predict(test)\n\n# Save predictions\npred_df = pd.DataFrame({'target': preds})\npred_df.to_csv('/app/predictions.csv', index=False)\nprint('Predictions saved to /app/predictions.csv')\nEOF\n"] min_timeout_sec: 0.1 max_timeout_sec: 180.0
Sending keys: ['python3 solution.py\n'] min_timeout_sec: 60 max_timeout_sec: 180.0
Parser warnings: - Extra text detected before JSON object
- Extra text detected after JSON object
Sending keys: ['ls -l /app/predictions.csv\n'] min_timeout_sec: 0.1 max_timeout_sec: 180.0
Sending keys: ['wc -l /app/predictions.csv\n'] min_timeout_sec: 0.1 max_timeout_sec: 180.0
Trajectory dumped to /var/essdata/s_chumakov/automl-journal/runs/autods-tabred/jobs/terminus-tabred-Mmid-20260829-185941/weather__8w2DgV8/agent/trajectory.json
Failed to retrieve model info for 'openrouter/google/gemma-4-31b-it': This model isn't mapped yet. model=openrouter/google/gemma-4-31b-it, custom_llm_provider=openrouter. Add it here - https://github.com/BerriAI/litellm/blob/main/model_prices_and_context_window.json.. Using fallback context limit: 1000000
Parser warnings: - Extra text detected before JSON object
- Extra text detected after JSON object
Trajectory dumped to /var/essdata/s_chumakov/automl-journal/runs/autods-tabred/jobs/terminus-tabred-Mmid-20260829-185941/weather__8w2DgV8/agent/trajectory.json
Failed to retrieve model info for 'openrouter/google/gemma-4-31b-it': This model isn't mapped yet. model=openrouter/google/gemma-4-31b-it, custom_llm_provider=openrouter. Add it here - https://github.com/BerriAI/litellm/blob/main/model_prices_and_context_window.json.. Using fallback context limit: 1000000
Parser warnings: - Extra text detected before JSON object
- Extra text detected after JSON object
Trajectory dumped to /var/essdata/s_chumakov/automl-journal/runs/autods-tabred/jobs/terminus-tabred-Mmid-20260829-185941/weather__8w2DgV8/agent/trajectory.json
Trajectory dumped to /var/essdata/s_chumakov/automl-journal/runs/autods-tabred/jobs/terminus-tabred-Mmid-20260829-185941/weather__8w2DgV8/agent/trajectory.json
Collecting main service artifacts
Parser warnings: - Extra text detected before JSON object
- Extra text detected after JSON object
Sending keys: ['cat << \'EOF\' > solution.py\nimport pandas as pd\nimport lightgbm as lgb\nimport numpy as np\n\ndef solve():\n    # Load data\n    train = pd.read_csv(\'/app/data/train.csv\')\n    val = pd.read_csv(\'/app/data/val.csv\')\n    test = pd.read_csv(\'/app/data/test.csv\')\n\n    # Separate target and features\n    X_train = train.drop(columns=[\'target\'])\n    y_train = train[\'target\']\n    X_val = val.drop(columns=[\'target\'])\n    y_val = val[\'target\']\n    X_test = test\n\n    # LightGBM can handle nans naturally. \n    # We identify categorical features based on \'cat_\' or \'bin_\' prefixes\n    cat_features = [col for col in X_train.columns if col.startswith(\'cat_\') or col.startswith(\'bin_\')]\n    for col in cat_features:\n        X_train[col] = X_train[col].astype(\'category\')\n        X_val[col] = X_val[col].astype(\'category\')\n        X_test[col] = X_test[col].astype(\'category\')\n\n    # Model parameters\n    params = {\n        \'objective\': \'regression\',\n        \'metric\': \'rmse\',\n        \'verbosity\': -1,\n        \'boosting_type\': \'gbdt\',\n        \'random_state\': 42,\n        \'learning_rate\': 0.05,\n        \'num_leaves\': 31,\n        \'feature_fraction\': 0.8,\n        \'bagging_fraction\': 0.8,\n        \'bagging_freq\': 5\n    }\n\n    # Create datasets\n    train_data = lgb.Dataset(X_train, label=y_train)\n    val_data = lgb.Dataset(X_val, label=y_val, reference=train_data)\n\n    # Train model\n    model = lgb.train(\n        params,\n        train_data,\n        num_boost_round=1000,\n        valid_sets=[train_data, val_data],\n        callbacks=[lgb.early_stopping(stopping_rounds=50)]\n    )\n\n    # Predict\n    preds = model.predict(X_test, num_iteration=model.best_iteration)\n    \n    # Save predictions\n    pred_df = pd.DataFrame({\'target\': preds})\n    pred_df.to_csv(\'/app/predictions.csv\', index=False)\n    print("Predictions saved to /app/predictions.csv")\n\nif __name__ == "__main__":\n    solve()\nEOF\n'] min_timeout_sec: 0.1 max_timeout_sec: 180.0
Sending keys: ['python3 solution.py\n'] min_timeout_sec: 10.0 max_timeout_sec: 180.0
Trajectory dumped to /var/essdata/s_chumakov/automl-journal/runs/autods-tabred/jobs/terminus-tabred-Mmid-20260829-185941/homecredit-default__UKJoM4Q/agent/trajectory.json
Failed to retrieve model info for 'openrouter/google/gemma-4-31b-it': This model isn't mapped yet. model=openrouter/google/gemma-4-31b-it, custom_llm_provider=openrouter. Add it here - https://github.com/BerriAI/litellm/blob/main/model_prices_and_context_window.json.. Using fallback context limit: 1000000
Skipping image OS validation for hb__c1e077a1b126740b5b97886b4c84a2bb: docker inspect returned 1
Trajectory dumped to /var/essdata/s_chumakov/automl-journal/runs/autods-tabred/jobs/terminus-tabred-Mmid-20260829-185941/maps-routing__xxF7ELi/agent/trajectory.json
Failed to retrieve model info for 'openrouter/google/gemma-4-31b-it': This model isn't mapped yet. model=openrouter/google/gemma-4-31b-it, custom_llm_provider=openrouter. Add it here - https://github.com/BerriAI/litellm/blob/main/model_prices_and_context_window.json.. Using fallback context limit: 1000000
Installing: tmux, asciinema
Detected system: {'os': 'debian-based', 'package_manager': 'apt-get', 'update_command': None}
Installing tools using apt-get: DEBIAN_FRONTEND=noninteractive apt-get update && DEBIAN_FRONTEND=noninteractive apt-get install -y tmux asciinema
Parser warnings: - Extra text detected before JSON object
- Extra text detected after JSON object
Sending keys: ['wc -l /app/predictions.csv\n'] min_timeout_sec: 0.1 max_timeout_sec: 180.0
Sending keys: ['head -n 5 /app/predictions.csv\n'] min_timeout_sec: 0.1 max_timeout_sec: 180.0
Trajectory dumped to /var/essdata/s_chumakov/automl-journal/runs/autods-tabred/jobs/terminus-tabred-Mmid-20260829-185941/homecredit-default__UKJoM4Q/agent/trajectory.json
Failed to retrieve model info for 'openrouter/google/gemma-4-31b-it': This model isn't mapped yet. model=openrouter/google/gemma-4-31b-it, custom_llm_provider=openrouter. Add it here - https://github.com/BerriAI/litellm/blob/main/model_prices_and_context_window.json.. Using fallback context limit: 1000000
Parser warnings: - Extra text detected before JSON object
- Extra text detected after JSON object
Sending keys: ['ls -l /app/predictions.csv\n'] min_timeout_sec: 0.1 max_timeout_sec: 180.0
Sending keys: ['head -n 5 /app/predictions.csv\n'] min_timeout_sec: 0.1 max_timeout_sec: 180.0
Parser warnings: - Extra text detected before JSON object
- Extra text detected after JSON object
Sending keys: ['wc -l /app/predictions.csv\n'] min_timeout_sec: 0.1 max_timeout_sec: 180.0
Trajectory dumped to /var/essdata/s_chumakov/automl-journal/runs/autods-tabred/jobs/terminus-tabred-Mmid-20260829-185941/homecredit-default__UKJoM4Q/agent/trajectory.json
Trajectory dumped to /var/essdata/s_chumakov/automl-journal/runs/autods-tabred/jobs/terminus-tabred-Mmid-20260829-185941/maps-routing__xxF7ELi/agent/trajectory.json
Failed to retrieve model info for 'openrouter/google/gemma-4-31b-it': This model isn't mapped yet. model=openrouter/google/gemma-4-31b-it, custom_llm_provider=openrouter. Add it here - https://github.com/BerriAI/litellm/blob/main/model_prices_and_context_window.json.. Using fallback context limit: 1000000
Failed to retrieve model info for 'openrouter/google/gemma-4-31b-it': This model isn't mapped yet. model=openrouter/google/gemma-4-31b-it, custom_llm_provider=openrouter. Add it here - https://github.com/BerriAI/litellm/blob/main/model_prices_and_context_window.json.. Using fallback context limit: 1000000
Parser warnings: - Extra text detected before JSON object
- Extra text detected after JSON object
Trajectory dumped to /var/essdata/s_chumakov/automl-journal/runs/autods-tabred/jobs/terminus-tabred-Mmid-20260829-185941/homecredit-default__UKJoM4Q/agent/trajectory.json
Trajectory dumped to /var/essdata/s_chumakov/automl-journal/runs/autods-tabred/jobs/terminus-tabred-Mmid-20260829-185941/homecredit-default__UKJoM4Q/agent/trajectory.json
Collecting main service artifacts
Starting recording.
Sending keys: ['asciinema rec --stdin /logs/agent/recording.cast', 'Enter'] min_timeout_sec: 1.0 max_timeout_sec: 180.0
Parser warnings: - Extra text detected before JSON object
- Extra text detected after JSON object
Sending keys: ['ls -l /app/predictions.csv\n'] min_timeout_sec: 0.1 max_timeout_sec: 180.0
Sending keys: ['wc -l /app/predictions.csv\n'] min_timeout_sec: 0.1 max_timeout_sec: 180.0
Trajectory dumped to /var/essdata/s_chumakov/automl-journal/runs/autods-tabred/jobs/terminus-tabred-Mmid-20260829-185941/maps-routing__xxF7ELi/agent/trajectory.json
Failed to retrieve model info for 'openrouter/google/gemma-4-31b-it': This model isn't mapped yet. model=openrouter/google/gemma-4-31b-it, custom_llm_provider=openrouter. Add it here - https://github.com/BerriAI/litellm/blob/main/model_prices_and_context_window.json.. Using fallback context limit: 1000000
Sending keys: ['clear', 'Enter'] min_timeout_sec: 0.0 max_timeout_sec: 180.0
Failed to retrieve model info for 'openrouter/google/gemma-4-31b-it': This model isn't mapped yet. model=openrouter/google/gemma-4-31b-it, custom_llm_provider=openrouter. Add it here - https://github.com/BerriAI/litellm/blob/main/model_prices_and_context_window.json.. Using fallback context limit: 1000000
Parser warnings: - Extra text detected before JSON object
- Extra text detected after JSON object
Sending keys: ['ls -la /app/data\n'] min_timeout_sec: 0.1 max_timeout_sec: 180.0
Sending keys: ['cat /app/data/schema.json\n'] min_timeout_sec: 0.1 max_timeout_sec: 180.0
Sending keys: ['pip install lightgbm pandas numpy scikit-learn\n'] min_timeout_sec: 10.0 max_timeout_sec: 180.0
Skipping image OS validation for hb__a17abc1fec03fe69f280527c03c41533: docker inspect returned 1
Trajectory dumped to /var/essdata/s_chumakov/automl-journal/runs/autods-tabred/jobs/terminus-tabred-Mmid-20260829-185941/delivery-eta__uiSAydK/agent/trajectory.json
Failed to retrieve model info for 'openrouter/google/gemma-4-31b-it': This model isn't mapped yet. model=openrouter/google/gemma-4-31b-it, custom_llm_provider=openrouter. Add it here - https://github.com/BerriAI/litellm/blob/main/model_prices_and_context_window.json.. Using fallback context limit: 1000000
Installing: tmux, asciinema
Detected system: {'os': 'debian-based', 'package_manager': 'apt-get', 'update_command': None}
Installing tools using apt-get: DEBIAN_FRONTEND=noninteractive apt-get update && DEBIAN_FRONTEND=noninteractive apt-get install -y tmux asciinema
Trajectory dumped to /var/essdata/s_chumakov/automl-journal/runs/autods-tabred/jobs/terminus-tabred-Mmid-20260829-185941/sberbank-housing__BaZHfLe/agent/trajectory.json
Failed to retrieve model info for 'openrouter/google/gemma-4-31b-it': This model isn't mapped yet. model=openrouter/google/gemma-4-31b-it, custom_llm_provider=openrouter. Add it here - https://github.com/BerriAI/litellm/blob/main/model_prices_and_context_window.json.. Using fallback context limit: 1000000
Parser warnings: - Extra text detected before JSON object
- Extra text detected after JSON object
Sending keys: ['ls -l /app/predictions.csv\n'] min_timeout_sec: 0.1 max_timeout_sec: 180.0
Sending keys: ['head -n 5 /app/predictions.csv\n'] min_timeout_sec: 0.1 max_timeout_sec: 180.0
Sending keys: ['wc -l /app/predictions.csv\n'] min_timeout_sec: 0.1 max_timeout_sec: 180.0
Trajectory dumped to /var/essdata/s_chumakov/automl-journal/runs/autods-tabred/jobs/terminus-tabred-Mmid-20260829-185941/delivery-eta__uiSAydK/agent/trajectory.json
Failed to retrieve model info for 'openrouter/google/gemma-4-31b-it': This model isn't mapped yet. model=openrouter/google/gemma-4-31b-it, custom_llm_provider=openrouter. Add it here - https://github.com/BerriAI/litellm/blob/main/model_prices_and_context_window.json.. Using fallback context limit: 1000000
Parser warnings: - Extra text detected before JSON object
- Extra text detected after JSON object
Sending keys: ['cat << \'EOF\' > solution.py\nimport pandas as pd\nimport lightgbm as lgb\nimport numpy as np\nimport os\n\ndef solve():\n    print("Loading train.csv...")\n    train = pd.read_csv(\'/app/data/train.csv\')\n    print("Loading val.csv...")\n    val = pd.read_csv(\'/app/data/val.csv\')\n    print("Loading test.csv...")\n    test = pd.read_csv(\'/app/data/test.csv\')\n\n    X_train = train.drop(columns=[\'target\'])\n    y_train = train[\'target\']\n    X_val = val.drop(columns=[\'target\'])\n    y_val = val[\'target\']\n    X_test = test\n\n    cat_features = [col for col in X_train.columns if col.startswith(\'cat_\') or col.startswith(\'bin_\')]\n    for col in cat_features:\n        X_train[col] = X_train[col].astype(\'category\')\n        X_val[col] = X_val[col].astype(\'category\')\n        X_test[col] = X_test[col].astype(\'category\')\n\n    params = {\n        \'objective\': \'regression\',\n        \'metric\': \'rmse\',\n        \'verbosity\': -1,\n        \'boosting_type\': \'gbdt\',\n        \'random_state\': 42,\n        \'learning_rate\': 0.1,\n        \'num_leaves\': 31,\n    }\n\n    print("Training model...")\n    train_data = lgb.Dataset(X_train, label=y_train)\n    val_data = lgb.Dataset(X_val, label=y_val, reference=train_data)\n\n    model = lgb.train(\n        params,\n        train_data,\n        num_boost_round=500,\n        valid_sets=[val_data],\n        callbacks=[lgb.early_stopping(stopping_rounds=20)]\n    )\n\n    print("Predicting test set...")\n    preds = model.predict(X_test, num_iteration=model.best_iteration)\n    \n    print("Saving predictions...")\n    pred_df = pd.DataFrame({\'target\': preds})\n    pred_df.to_csv(\'/app/predictions.csv\', index=False)\n    print(f"Done! Predictions saved to /app/predictions.csv. Rows: {len(preds)}")\n\nif __name__ == "__main__":\n    try:\n        solve()\n    except Exception as e:\n        print(f"Error: {e}")\nEOF\n'] min_timeout_sec: 0.1 max_timeout_sec: 180.0
Sending keys: ['python3 solution.py\n'] min_timeout_sec: 60.0 max_timeout_sec: 180.0
Starting recording.
Sending keys: ['asciinema rec --stdin /logs/agent/recording.cast', 'Enter'] min_timeout_sec: 1.0 max_timeout_sec: 180.0
Parser warnings: - Extra text detected before JSON object
- Extra text detected after JSON object
Trajectory dumped to /var/essdata/s_chumakov/automl-journal/runs/autods-tabred/jobs/terminus-tabred-Mmid-20260829-185941/delivery-eta__uiSAydK/agent/trajectory.json
Sending keys: ['clear', 'Enter'] min_timeout_sec: 0.0 max_timeout_sec: 180.0
Failed to retrieve model info for 'openrouter/google/gemma-4-31b-it': This model isn't mapped yet. model=openrouter/google/gemma-4-31b-it, custom_llm_provider=openrouter. Add it here - https://github.com/BerriAI/litellm/blob/main/model_prices_and_context_window.json.. Using fallback context limit: 1000000
Failed to retrieve model info for 'openrouter/google/gemma-4-31b-it': This model isn't mapped yet. model=openrouter/google/gemma-4-31b-it, custom_llm_provider=openrouter. Add it here - https://github.com/BerriAI/litellm/blob/main/model_prices_and_context_window.json.. Using fallback context limit: 1000000
Parser warnings: - Extra text detected before JSON object
- Extra text detected after JSON object
Trajectory dumped to /var/essdata/s_chumakov/automl-journal/runs/autods-tabred/jobs/terminus-tabred-Mmid-20260829-185941/delivery-eta__uiSAydK/agent/trajectory.json
Trajectory dumped to /var/essdata/s_chumakov/automl-journal/runs/autods-tabred/jobs/terminus-tabred-Mmid-20260829-185941/delivery-eta__uiSAydK/agent/trajectory.json
Collecting main service artifacts
Parser warnings: - Extra text detected before JSON object
- Extra text detected after JSON object
Sending keys: ['ls -la /app/data\n'] min_timeout_sec: 0.1 max_timeout_sec: 180.0
Sending keys: ['head -n 5 /app/data/train.csv\n'] min_timeout_sec: 0.1 max_timeout_sec: 180.0
Trajectory dumped to /var/essdata/s_chumakov/automl-journal/runs/autods-tabred/jobs/terminus-tabred-Mmid-20260829-185941/homesite-insurance__sAMsNrm/agent/trajectory.json
Failed to retrieve model info for 'openrouter/google/gemma-4-31b-it': This model isn't mapped yet. model=openrouter/google/gemma-4-31b-it, custom_llm_provider=openrouter. Add it here - https://github.com/BerriAI/litellm/blob/main/model_prices_and_context_window.json.. Using fallback context limit: 1000000
Parser warnings: - Extra text detected before JSON object
- Extra text detected after JSON object
Sending keys: ["cat << 'EOF' > solution.py\nimport pandas as pd\nimport numpy as np\nimport lightgbm as lgb\nfrom sklearn.metrics import mean_squared_error\n\n# Load data\ntrain_df = pd.read_csv('/app/data/train.csv')\nval_df = pd.read_csv('/app/data/val.csv')\ntest_df = pd.read_csv('/app/data/test.csv')\n\ntarget_col = 'target'\n\nX_train = train_df.drop(columns=[target_col])\ny_train = train_df[target_col]\n\nX_val = val_df.drop(columns=[target_col])\ny_val = val_df[target_col]\n\nX_test = test_df\n\n# Identify categorical features\ncat_cols = [col for col in X_train.columns if col.startswith('cat_')]\nfor col in cat_cols:\n    X_train[col] = X_train[col].astype('category')\n    X_val[col] = X_val[col].astype('category')\n    X_test[col] = X_test[col].astype('category')\n\n# LightGBM Model\nmodel = lgb.LGBMRegressor(\n    n_estimators=1000,\n    learning_rate=0.05,\n    num_leaves=31,\n    max_depth=-1,\n    n_jobs=-1,\n    random_state=42,\n    importance_type='split'\n)\n\n# Train model with early stopping\nmodel.fit(\n    X_train, y_train,\n    eval_set=[(X_val, y_val)],\n    eval_metric='rmse',\n    callbacks=[lgb.early_stopping(stopping_rounds=50)]\n)\n\n# Predict\npreds = model.predict(X_test)\n\n# Save predictions\nsubmission = pd.DataFrame({'target': preds})\nsubmission.to_csv('/app/predictions.csv', index=False)\nprint('Predictions saved to /app/predictions.csv')\nEOF\n"] min_timeout_sec: 0.1 max_timeout_sec: 180.0
Sending keys: ['python3 solution.py\n'] min_timeout_sec: 10.0 max_timeout_sec: 180.0
Trajectory dumped to /var/essdata/s_chumakov/automl-journal/runs/autods-tabred/jobs/terminus-tabred-Mmid-20260829-185941/sberbank-housing__BaZHfLe/agent/trajectory.json
Failed to retrieve model info for 'openrouter/google/gemma-4-31b-it': This model isn't mapped yet. model=openrouter/google/gemma-4-31b-it, custom_llm_provider=openrouter. Add it here - https://github.com/BerriAI/litellm/blob/main/model_prices_and_context_window.json.. Using fallback context limit: 1000000
Parser warnings: - Extra text detected before JSON object
- Extra text detected after JSON object
Sending keys: ["cat << 'EOF' > solution.py\nimport pandas as pd\nimport lightgbm as lgb\nfrom sklearn.metrics import roc_auc_score\nimport numpy as np\n\ndef solve():\n    train = pd.read_csv('/app/data/train.csv')\n    val = pd.read_csv('/app/data/val.csv')\n    test = pd.read_csv('/app/data/test.csv')\n\n    # Identify feature types\n    all_cols = train.columns.tolist()\n    target = 'target'\n    features = [c for c in all_cols if c != target]\n    \n    cat_features = [c for c in features if c.startswith('cat_')]\n    \n    # LightGBM handles NaNs and categorical features if specified\n    # Convert categorical features to 'category' dtype\n    for col in cat_features:\n        train[col] = train[col].astype('category')\n        val[col] = val[col].astype('category')\n        test[col] = test[col].astype('category')\n\n    X_train = train[features]\n    y_train = train[target]\n    X_val = val[features]\n    y_val = val[target]\n\n    # Create dataset for LightGBM\n    train_data = lgb.Dataset(X_train, label=y_train)\n    val_data = lgb.Dataset(X_val, label=y_val, reference=train_data)\n\n    params = {\n        'objective': 'binary',\n        'metric': 'auc',\n        'verbosity': -1,\n        'boosting_type': 'gbdt',\n        'random_state': 42,\n        'learning_rate': 0.05,\n        'num_leaves': 31,\n        'feature_fraction': 0.8,\n        'bagging_fraction': 0.8,\n        'bagging_freq': 5\n    }\n\n    model = lgb.train(\n        params,\n        train_data,\n        valid_sets=[train_data, val_data],\n        num_boost_round=1000,\n        callbacks=[lgb.early_stopping(stopping_rounds=50), lgb.log_evaluation(period=100)]\n    )\n\n    # Predict on test set\n    preds = model.predict(test, num_iteration=model.best_iteration)\n    \n    # Write to CSV\n    pd.DataFrame({'target': preds}).to_csv('/app/predictions.csv', index=False)\n    print('Predictions saved to /app/predictions.csv')\n\nif __name__ == '__main__':\n    solve()\nEOF\n"] min_timeout_sec: 0.1 max_timeout_sec: 180.0
Sending keys: ['python3 solution.py\n'] min_timeout_sec: 10.0 max_timeout_sec: 180.0
Parser warnings: - Extra text detected before JSON object
- Extra text detected after JSON object
Sending keys: ['ls -la /app/predictions.csv\n'] min_timeout_sec: 0.1 max_timeout_sec: 180.0
Sending keys: ['head -n 5 /app/predictions.csv\n'] min_timeout_sec: 0.1 max_timeout_sec: 180.0
Sending keys: ['wc -l /app/predictions.csv\n'] min_timeout_sec: 0.1 max_timeout_sec: 180.0
Trajectory dumped to /var/essdata/s_chumakov/automl-journal/runs/autods-tabred/jobs/terminus-tabred-Mmid-20260829-185941/sberbank-housing__BaZHfLe/agent/trajectory.json
Failed to retrieve model info for 'openrouter/google/gemma-4-31b-it': This model isn't mapped yet. model=openrouter/google/gemma-4-31b-it, custom_llm_provider=openrouter. Add it here - https://github.com/BerriAI/litellm/blob/main/model_prices_and_context_window.json.. Using fallback context limit: 1000000
Parser warnings: - Extra text detected before JSON object
- Extra text detected after JSON object
Trajectory dumped to /var/essdata/s_chumakov/automl-journal/runs/autods-tabred/jobs/terminus-tabred-Mmid-20260829-185941/sberbank-housing__BaZHfLe/agent/trajectory.json
Failed to retrieve model info for 'openrouter/google/gemma-4-31b-it': This model isn't mapped yet. model=openrouter/google/gemma-4-31b-it, custom_llm_provider=openrouter. Add it here - https://github.com/BerriAI/litellm/blob/main/model_prices_and_context_window.json.. Using fallback context limit: 1000000
Skipping image OS validation for hb__cdeb1b31d9d574133ed516844dac0264: docker inspect returned 1
Trajectory dumped to /var/essdata/s_chumakov/automl-journal/runs/autods-tabred/jobs/terminus-tabred-Mmid-20260829-185941/homesite-insurance__sAMsNrm/agent/trajectory.json
Failed to retrieve model info for 'openrouter/google/gemma-4-31b-it': This model isn't mapped yet. model=openrouter/google/gemma-4-31b-it, custom_llm_provider=openrouter. Add it here - https://github.com/BerriAI/litellm/blob/main/model_prices_and_context_window.json.. Using fallback context limit: 1000000
Parser warnings: - Extra text detected before JSON object
- Extra text detected after JSON object
Trajectory dumped to /var/essdata/s_chumakov/automl-journal/runs/autods-tabred/jobs/terminus-tabred-Mmid-20260829-185941/sberbank-housing__BaZHfLe/agent/trajectory.json
Trajectory dumped to /var/essdata/s_chumakov/automl-journal/runs/autods-tabred/jobs/terminus-tabred-Mmid-20260829-185941/sberbank-housing__BaZHfLe/agent/trajectory.json
Collecting main service artifacts
Parser warnings: - Extra text detected before JSON object
- Extra text detected after JSON object
Sending keys: [''] min_timeout_sec: 30.0 max_timeout_sec: 180.0
Installing: tmux, asciinema
Detected system: {'os': 'debian-based', 'package_manager': 'apt-get', 'update_command': None}
Installing tools using apt-get: DEBIAN_FRONTEND=noninteractive apt-get update && DEBIAN_FRONTEND=noninteractive apt-get install -y tmux asciinema
Starting recording.
Sending keys: ['asciinema rec --stdin /logs/agent/recording.cast', 'Enter'] min_timeout_sec: 1.0 max_timeout_sec: 180.0
Sending keys: ['clear', 'Enter'] min_timeout_sec: 0.0 max_timeout_sec: 180.0
Failed to retrieve model info for 'openrouter/google/gemma-4-31b-it': This model isn't mapped yet. model=openrouter/google/gemma-4-31b-it, custom_llm_provider=openrouter. Add it here - https://github.com/BerriAI/litellm/blob/main/model_prices_and_context_window.json.. Using fallback context limit: 1000000
Skipping image OS validation for hb__510af71948abf0411e34a4fffcdcc268: docker inspect returned 1
Parser warnings: - Extra text detected before JSON object
- Extra text detected after JSON object
Sending keys: ['ls -la /app/data\n'] min_timeout_sec: 0.1 max_timeout_sec: 180.0
Sending keys: ['head -n 5 /app/data/train.csv\n'] min_timeout_sec: 0.1 max_timeout_sec: 180.0
Trajectory dumped to /var/essdata/s_chumakov/automl-journal/runs/autods-tabred/jobs/terminus-tabred-Mmid-20260829-185941/homecredit-default__yC6G5BG/agent/trajectory.json
Failed to retrieve model info for 'openrouter/google/gemma-4-31b-it': This model isn't mapped yet. model=openrouter/google/gemma-4-31b-it, custom_llm_provider=openrouter. Add it here - https://github.com/BerriAI/litellm/blob/main/model_prices_and_context_window.json.. Using fallback context limit: 1000000
Trajectory dumped to /var/essdata/s_chumakov/automl-journal/runs/autods-tabred/jobs/terminus-tabred-Mmid-20260829-185941/maps-routing__xxF7ELi/agent/trajectory.json
Failed to retrieve model info for 'openrouter/google/gemma-4-31b-it': This model isn't mapped yet. model=openrouter/google/gemma-4-31b-it, custom_llm_provider=openrouter. Add it here - https://github.com/BerriAI/litellm/blob/main/model_prices_and_context_window.json.. Using fallback context limit: 1000000
Parser warnings: - Extra text detected before JSON object
- Extra text detected after JSON object
Sending keys: ['ls -l /app/predictions.csv\n'] min_timeout_sec: 0.1 max_timeout_sec: 180.0
Sending keys: ['wc -l /app/predictions.csv\n'] min_timeout_sec: 0.1 max_timeout_sec: 180.0
Trajectory dumped to /var/essdata/s_chumakov/automl-journal/runs/autods-tabred/jobs/terminus-tabred-Mmid-20260829-185941/maps-routing__xxF7ELi/agent/trajectory.json
Failed to retrieve model info for 'openrouter/google/gemma-4-31b-it': This model isn't mapped yet. model=openrouter/google/gemma-4-31b-it, custom_llm_provider=openrouter. Add it here - https://github.com/BerriAI/litellm/blob/main/model_prices_and_context_window.json.. Using fallback context limit: 1000000
Installing: tmux, asciinema
Detected system: {'os': 'debian-based', 'package_manager': 'apt-get', 'update_command': None}
Installing tools using apt-get: DEBIAN_FRONTEND=noninteractive apt-get update && DEBIAN_FRONTEND=noninteractive apt-get install -y tmux asciinema
Trajectory dumped to /var/essdata/s_chumakov/automl-journal/runs/autods-tabred/jobs/terminus-tabred-Mmid-20260829-185941/homesite-insurance__sAMsNrm/agent/trajectory.json
Failed to retrieve model info for 'openrouter/google/gemma-4-31b-it': This model isn't mapped yet. model=openrouter/google/gemma-4-31b-it, custom_llm_provider=openrouter. Add it here - https://github.com/BerriAI/litellm/blob/main/model_prices_and_context_window.json.. Using fallback context limit: 1000000
Parser warnings: - Extra text detected before JSON object
- Extra text detected after JSON object
Sending keys: [''] min_timeout_sec: 30.0 max_timeout_sec: 180.0
Parser warnings: - Extra text detected before JSON object
- Extra text detected after JSON object
Sending keys: ['ls -l /app/predictions.csv\n'] min_timeout_sec: 2.0 max_timeout_sec: 180.0
Sending keys: ['wc -l /app/predictions.csv\n'] min_timeout_sec: 2.0 max_timeout_sec: 180.0
Starting recording.
Sending keys: ['asciinema rec --stdin /logs/agent/recording.cast', 'Enter'] min_timeout_sec: 1.0 max_timeout_sec: 180.0
Trajectory dumped to /var/essdata/s_chumakov/automl-journal/runs/autods-tabred/jobs/terminus-tabred-Mmid-20260829-185941/maps-routing__xxF7ELi/agent/trajectory.json
Sending keys: ['clear', 'Enter'] min_timeout_sec: 0.0 max_timeout_sec: 180.0
Failed to retrieve model info for 'openrouter/google/gemma-4-31b-it': This model isn't mapped yet. model=openrouter/google/gemma-4-31b-it, custom_llm_provider=openrouter. Add it here - https://github.com/BerriAI/litellm/blob/main/model_prices_and_context_window.json.. Using fallback context limit: 1000000
Failed to retrieve model info for 'openrouter/google/gemma-4-31b-it': This model isn't mapped yet. model=openrouter/google/gemma-4-31b-it, custom_llm_provider=openrouter. Add it here - https://github.com/BerriAI/litellm/blob/main/model_prices_and_context_window.json.. Using fallback context limit: 1000000
Parser warnings: - Extra text detected before JSON object
- Extra text detected after JSON object
Sending keys: ["cat << 'EOF' > solution.py\nimport pandas as pd\nimport lightgbm as lgb\nfrom sklearn.metrics import roc_auc_score\nimport numpy as np\n\ndef solve():\n    train = pd.read_csv('/app/data/train.csv')\n    val = pd.read_csv('/app/data/val.csv')\n    test = pd.read_csv('/app/data/test.csv')\n    \n    target_col = 'target'\n    \n    # Identify column types\n    cols = train.columns.tolist()\n    num_cols = [c for c in cols if c.startswith('num_')]\n    bin_cols = [c for c in cols if c.startswith('bin_')]\n    cat_cols = [c for c in cols if c.startswith('cat_')]\n    \n    # Prepare training data\n    X_train = train.drop(columns=[target_col])\n    y_train = train[target_col]\n    \n    X_val = val.drop(columns=[target_col])\n    y_val = val[target_col]\n    \n    X_test = test\n    \n    # Convert categorical columns to category type for LightGBM\n    for col in cat_cols:\n        X_train[col] = X_train[col].astype('category')\n        X_val[col] = X_val[col].astype('category')\n        X_test[col] = X_test[col].astype('category')\n\n    # LightGBM model\n    model = lgb.LGBMClassifier(\n        n_estimators=1000,\n        learning_rate=0.05,\n        num_leaves=31,\n        colsample_bytree=0.8,\n        subsample=0.8,\n        random_state=42,\n        n_jobs=-1\n    )\n    \n    model.fit(\n        X_train, y_train,\n        eval_set=[(X_val, y_val)],\n        eval_metric='auc',\n        callbacks=[lgb.early_stopping(stopping_rounds=50)]\n    )\n    \n    # Predictions\n    probs = model.predict_proba(X_test)[:, 1]\n    \n    predictions = pd.DataFrame({'target': probs})\n    predictions.to_csv('/app/predictions.csv', index=False)\n\nif __name__ == '__main__':\n    solve()\nEOF\n"] min_timeout_sec: 0.1 max_timeout_sec: 180.0
Sending keys: ['python3 solution.py\n'] min_timeout_sec: 10.0 max_timeout_sec: 180.0
Parser warnings: - Extra text detected before JSON object
- Extra text detected after JSON object
Sending keys: ['ps aux | grep solution.py\n'] min_timeout_sec: 1.0 max_timeout_sec: 180.0
Sending keys: ["echo 'Checking file...'; ls -l /app/predictions.csv && wc -l /app/predictions.csv\n"] min_timeout_sec: 2.0 max_timeout_sec: 180.0
Trajectory dumped to /var/essdata/s_chumakov/automl-journal/runs/autods-tabred/jobs/terminus-tabred-Mmid-20260829-185941/maps-routing__xxF7ELi/agent/trajectory.json
Trajectory dumped to /var/essdata/s_chumakov/automl-journal/runs/autods-tabred/jobs/terminus-tabred-Mmid-20260829-185941/homecredit-default__yC6G5BG/agent/trajectory.json
Failed to retrieve model info for 'openrouter/google/gemma-4-31b-it': This model isn't mapped yet. model=openrouter/google/gemma-4-31b-it, custom_llm_provider=openrouter. Add it here - https://github.com/BerriAI/litellm/blob/main/model_prices_and_context_window.json.. Using fallback context limit: 1000000
Failed to retrieve model info for 'openrouter/google/gemma-4-31b-it': This model isn't mapped yet. model=openrouter/google/gemma-4-31b-it, custom_llm_provider=openrouter. Add it here - https://github.com/BerriAI/litellm/blob/main/model_prices_and_context_window.json.. Using fallback context limit: 1000000
Parser warnings: - Extra text detected before JSON object
- Extra text detected after JSON object
Sending keys: ['\n\n\n'] min_timeout_sec: 0.1 max_timeout_sec: 180.0
Sending keys: ['sh -c "echo \'--- START CHECK ---\'; ls -l /app/predictions.csv; wc -l /app/predictions.csv; echo \'--- END CHECK ---\'\n'] min_timeout_sec: 5.0 max_timeout_sec: 180.0
Parser warnings: - Extra text detected before JSON object
- Extra text detected after JSON object
Sending keys: [''] min_timeout_sec: 30.0 max_timeout_sec: 180.0
Parser warnings: - Extra text detected before JSON object
- Extra text detected after JSON object
Sending keys: ['ls -la /app/data\n'] min_timeout_sec: 0.1 max_timeout_sec: 180.0
Sending keys: ['pip install xgboost pandas numpy scikit-learn\n'] min_timeout_sec: 10.0 max_timeout_sec: 180.0
Trajectory dumped to /var/essdata/s_chumakov/automl-journal/runs/autods-tabred/jobs/terminus-tabred-Mmid-20260829-185941/maps-routing__xxF7ELi/agent/trajectory.json
Failed to retrieve model info for 'openrouter/google/gemma-4-31b-it': This model isn't mapped yet. model=openrouter/google/gemma-4-31b-it, custom_llm_provider=openrouter. Add it here - https://github.com/BerriAI/litellm/blob/main/model_prices_and_context_window.json.. Using fallback context limit: 1000000
Trajectory dumped to /var/essdata/s_chumakov/automl-journal/runs/autods-tabred/jobs/terminus-tabred-Mmid-20260829-185941/homesite-insurance__sAMsNrm/agent/trajectory.json
Failed to retrieve model info for 'openrouter/google/gemma-4-31b-it': This model isn't mapped yet. model=openrouter/google/gemma-4-31b-it, custom_llm_provider=openrouter. Add it here - https://github.com/BerriAI/litellm/blob/main/model_prices_and_context_window.json.. Using fallback context limit: 1000000
Parser warnings: - Extra text detected before JSON object
- Extra text detected after JSON object
Sending keys: ['python3 solution.py && ls -l /app/predictions.csv && wc -l /app/predictions.csv\n'] min_timeout_sec: 60.0 max_timeout_sec: 180.0
Sending keys: ["cat <<EOF > solution.py\nimport pandas as pd\nimport numpy as np\nfrom xgboost import XGBRegressor\n\n# Load data\ntrain = pd.read_csv('/app/data/train.csv')\nval = pd.read_csv('/app/data/val.csv')\ntest = pd.read_csv('/app/data/test.csv')\n\n# Separate target\ny_train = train['target']\ny_val = val['target']\n\n# Remove target from features\nX_train = train.drop(columns=['target'])\nX_val = val.drop(columns=['target'])\n\n# Basic preprocessing: fill numerical NaNs with median\n# Since features are prefixed, we can easily identify them\nnum_cols = [col for col in X_train.columns if col.startswith('num_')]\ncat_cols = [col for col in X_train.columns if col.startswith('cat_') or col.startswith('bin_')]\n\nfor col in num_cols:\n    median = X_train[col].median()\n    X_train[col] = X_train[col].fillna(median)\n    X_val[col] = X_val[col].fillna(median)\n    test[col] = test[col].fillna(median)\n\n# For categorical/binary, treat them as categories or fill NaNs\nfor col in cat_cols:\n    X_train[col] = X_train[col].fillna(-1)\n    X_val[col] = X_val[col].fillna(-1)\n    test[col] = test[col].fillna(-1)\n\n# Initialize and train XGBoost\nmodel = XGBRegressor(n_estimators=100, learning_rate=0.1, max_depth=6, random_state=42)\nmodel.fit(X_train, y_train, eval_set=[(X_val, y_val)], verbose=False)\n\n# Predict\npreds = model.predict(test)\n\n# Save to CSV\nsubmission = pd.DataFrame({'target': preds})\nsubmission.to_csv('/app/predictions.csv', index=False)\nEOF\n"] min_timeout_sec: 0.1 max_timeout_sec: 180.0
Sending keys: ['python3 solution.py\n'] min_timeout_sec: 60.0 max_timeout_sec: 180.0
Parser warnings: - Extra text detected before JSON object
- Extra text detected after JSON object
Sending keys: [''] min_timeout_sec: 60.0 max_timeout_sec: 180.0
Sending keys: ['ls -l /app/predictions.csv\n'] min_timeout_sec: 0.1 max_timeout_sec: 180.0
Sending keys: ['head -n 5 /app/predictions.csv\n'] min_timeout_sec: 0.1 max_timeout_sec: 180.0
Sending keys: ['wc -l /app/predictions.csv\n'] min_timeout_sec: 0.1 max_timeout_sec: 180.0
Trajectory dumped to /var/essdata/s_chumakov/automl-journal/runs/autods-tabred/jobs/terminus-tabred-Mmid-20260829-185941/homecredit-default__yC6G5BG/agent/trajectory.json
Failed to retrieve model info for 'openrouter/google/gemma-4-31b-it': This model isn't mapped yet. model=openrouter/google/gemma-4-31b-it, custom_llm_provider=openrouter. Add it here - https://github.com/BerriAI/litellm/blob/main/model_prices_and_context_window.json.. Using fallback context limit: 1000000
Parser warnings: - Extra text detected before JSON object
- Extra text detected after JSON object
Sending keys: ['python3 solution.py\n'] min_timeout_sec: 60.0 max_timeout_sec: 180.0
Trajectory dumped to /var/essdata/s_chumakov/automl-journal/runs/autods-tabred/jobs/terminus-tabred-Mmid-20260829-185941/maps-routing__xxF7ELi/agent/trajectory.json
Failed to retrieve model info for 'openrouter/google/gemma-4-31b-it': This model isn't mapped yet. model=openrouter/google/gemma-4-31b-it, custom_llm_provider=openrouter. Add it here - https://github.com/BerriAI/litellm/blob/main/model_prices_and_context_window.json.. Using fallback context limit: 1000000
Trajectory dumped to /var/essdata/s_chumakov/automl-journal/runs/autods-tabred/jobs/terminus-tabred-Mmid-20260829-185941/cooking-time__7cDmNYB/agent/trajectory.json
Failed to retrieve model info for 'openrouter/google/gemma-4-31b-it': This model isn't mapped yet. model=openrouter/google/gemma-4-31b-it, custom_llm_provider=openrouter. Add it here - https://github.com/BerriAI/litellm/blob/main/model_prices_and_context_window.json.. Using fallback context limit: 1000000
Trajectory dumped to /var/essdata/s_chumakov/automl-journal/runs/autods-tabred/jobs/terminus-tabred-Mmid-20260829-185941/homesite-insurance__sAMsNrm/agent/trajectory.json
Failed to retrieve model info for 'openrouter/google/gemma-4-31b-it': This model isn't mapped yet. model=openrouter/google/gemma-4-31b-it, custom_llm_provider=openrouter. Add it here - https://github.com/BerriAI/litellm/blob/main/model_prices_and_context_window.json.. Using fallback context limit: 1000000
Parser warnings: - Extra text detected before JSON object
- Extra text detected after JSON object
Trajectory dumped to /var/essdata/s_chumakov/automl-journal/runs/autods-tabred/jobs/terminus-tabred-Mmid-20260829-185941/maps-routing__xxF7ELi/agent/trajectory.json
Trajectory dumped to /var/essdata/s_chumakov/automl-journal/runs/autods-tabred/jobs/terminus-tabred-Mmid-20260829-185941/maps-routing__xxF7ELi/agent/trajectory.json
Parser warnings: - Extra text detected before JSON object
- Extra text detected after JSON object
Sending keys: [''] min_timeout_sec: 60.0 max_timeout_sec: 180.0
Collecting main service artifacts
Parser warnings: - Extra text detected before JSON object
- Extra text detected after JSON object
Sending keys: ['ls -l /app/predictions.csv\n'] min_timeout_sec: 0.1 max_timeout_sec: 180.0
Sending keys: ['head -n 5 /app/predictions.csv\n'] min_timeout_sec: 0.1 max_timeout_sec: 180.0
Sending keys: ['wc -l /app/predictions.csv\n'] min_timeout_sec: 0.1 max_timeout_sec: 180.0
Trajectory dumped to /var/essdata/s_chumakov/automl-journal/runs/autods-tabred/jobs/terminus-tabred-Mmid-20260829-185941/cooking-time__7cDmNYB/agent/trajectory.json
Failed to retrieve model info for 'openrouter/google/gemma-4-31b-it': This model isn't mapped yet. model=openrouter/google/gemma-4-31b-it, custom_llm_provider=openrouter. Add it here - https://github.com/BerriAI/litellm/blob/main/model_prices_and_context_window.json.. Using fallback context limit: 1000000
Parser warnings: - Extra text detected before JSON object
- Extra text detected after JSON object
Trajectory dumped to /var/essdata/s_chumakov/automl-journal/runs/autods-tabred/jobs/terminus-tabred-Mmid-20260829-185941/cooking-time__7cDmNYB/agent/trajectory.json
Failed to retrieve model info for 'openrouter/google/gemma-4-31b-it': This model isn't mapped yet. model=openrouter/google/gemma-4-31b-it, custom_llm_provider=openrouter. Add it here - https://github.com/BerriAI/litellm/blob/main/model_prices_and_context_window.json.. Using fallback context limit: 1000000
Parser warnings: - Extra text detected before JSON object
- Extra text detected after JSON object
Trajectory dumped to /var/essdata/s_chumakov/automl-journal/runs/autods-tabred/jobs/terminus-tabred-Mmid-20260829-185941/cooking-time__7cDmNYB/agent/trajectory.json
Trajectory dumped to /var/essdata/s_chumakov/automl-journal/runs/autods-tabred/jobs/terminus-tabred-Mmid-20260829-185941/cooking-time__7cDmNYB/agent/trajectory.json
Collecting main service artifacts
Skipping image OS validation for hb__bedbcf202e03f615e42812f0f64f327f: docker inspect returned 1
Sending keys: ['ls -l /app/predictions.csv\n'] min_timeout_sec: 0.1 max_timeout_sec: 180.0
Sending keys: ['head -n 5 /app/predictions.csv\n'] min_timeout_sec: 0.1 max_timeout_sec: 180.0
Sending keys: ['wc -l /app/predictions.csv\n'] min_timeout_sec: 0.1 max_timeout_sec: 180.0
Trajectory dumped to /var/essdata/s_chumakov/automl-journal/runs/autods-tabred/jobs/terminus-tabred-Mmid-20260829-185941/homecredit-default__yC6G5BG/agent/trajectory.json
Failed to retrieve model info for 'openrouter/google/gemma-4-31b-it': This model isn't mapped yet. model=openrouter/google/gemma-4-31b-it, custom_llm_provider=openrouter. Add it here - https://github.com/BerriAI/litellm/blob/main/model_prices_and_context_window.json.. Using fallback context limit: 1000000
Installing: tmux, asciinema
Detected system: {'os': 'debian-based', 'package_manager': 'apt-get', 'update_command': None}
Installing tools using apt-get: DEBIAN_FRONTEND=noninteractive apt-get update && DEBIAN_FRONTEND=noninteractive apt-get install -y tmux asciinema
Skipping image OS validation for hb__fe87ed56be4ccc47d6527e641c3270f3: docker inspect returned 1
Parser warnings: - Extra text detected before JSON object
- Extra text detected after JSON object
Trajectory dumped to /var/essdata/s_chumakov/automl-journal/runs/autods-tabred/jobs/terminus-tabred-Mmid-20260829-185941/homecredit-default__yC6G5BG/agent/trajectory.json
Failed to retrieve model info for 'openrouter/google/gemma-4-31b-it': This model isn't mapped yet. model=openrouter/google/gemma-4-31b-it, custom_llm_provider=openrouter. Add it here - https://github.com/BerriAI/litellm/blob/main/model_prices_and_context_window.json.. Using fallback context limit: 1000000
Installing: tmux, asciinema
Detected system: {'os': 'debian-based', 'package_manager': 'apt-get', 'update_command': None}
Installing tools using apt-get: DEBIAN_FRONTEND=noninteractive apt-get update && DEBIAN_FRONTEND=noninteractive apt-get install -y tmux asciinema
Parser warnings: - Extra text detected before JSON object
- Extra text detected after JSON object
Trajectory dumped to /var/essdata/s_chumakov/automl-journal/runs/autods-tabred/jobs/terminus-tabred-Mmid-20260829-185941/homecredit-default__yC6G5BG/agent/trajectory.json
Trajectory dumped to /var/essdata/s_chumakov/automl-journal/runs/autods-tabred/jobs/terminus-tabred-Mmid-20260829-185941/homecredit-default__yC6G5BG/agent/trajectory.json
Collecting main service artifacts
Starting recording.
Sending keys: ['asciinema rec --stdin /logs/agent/recording.cast', 'Enter'] min_timeout_sec: 1.0 max_timeout_sec: 180.0
Sending keys: ['clear', 'Enter'] min_timeout_sec: 0.0 max_timeout_sec: 180.0
Failed to retrieve model info for 'openrouter/google/gemma-4-31b-it': This model isn't mapped yet. model=openrouter/google/gemma-4-31b-it, custom_llm_provider=openrouter. Add it here - https://github.com/BerriAI/litellm/blob/main/model_prices_and_context_window.json.. Using fallback context limit: 1000000
Starting recording.
Sending keys: ['asciinema rec --stdin /logs/agent/recording.cast', 'Enter'] min_timeout_sec: 1.0 max_timeout_sec: 180.0
Sending keys: ['clear', 'Enter'] min_timeout_sec: 0.0 max_timeout_sec: 180.0
Failed to retrieve model info for 'openrouter/google/gemma-4-31b-it': This model isn't mapped yet. model=openrouter/google/gemma-4-31b-it, custom_llm_provider=openrouter. Add it here - https://github.com/BerriAI/litellm/blob/main/model_prices_and_context_window.json.. Using fallback context limit: 1000000
Parser warnings: - Extra text detected before JSON object
- Extra text detected after JSON object
Sending keys: ['ls -la /app/data\n'] min_timeout_sec: 0.1 max_timeout_sec: 180.0
Sending keys: ['cat /app/data/schema.json\n'] min_timeout_sec: 0.1 max_timeout_sec: 180.0
Sending keys: ['head -n 5 /app/data/train.csv\n'] min_timeout_sec: 0.1 max_timeout_sec: 180.0
Trajectory dumped to /var/essdata/s_chumakov/automl-journal/runs/autods-tabred/jobs/terminus-tabred-Mmid-20260829-185941/weather__HanqYfg/agent/trajectory.json
Failed to retrieve model info for 'openrouter/google/gemma-4-31b-it': This model isn't mapped yet. model=openrouter/google/gemma-4-31b-it, custom_llm_provider=openrouter. Add it here - https://github.com/BerriAI/litellm/blob/main/model_prices_and_context_window.json.. Using fallback context limit: 1000000
Parser warnings: - Extra text detected before JSON object
- Extra text detected after JSON object
Sending keys: ['ls -la /app/data\n'] min_timeout_sec: 0.1 max_timeout_sec: 180.0
Sending keys: ['head -n 5 /app/data/train.csv\n'] min_timeout_sec: 0.1 max_timeout_sec: 180.0
Trajectory dumped to /var/essdata/s_chumakov/automl-journal/runs/autods-tabred/jobs/terminus-tabred-Mmid-20260829-185941/ecom-offers__tfiKbB5/agent/trajectory.json
Failed to retrieve model info for 'openrouter/google/gemma-4-31b-it': This model isn't mapped yet. model=openrouter/google/gemma-4-31b-it, custom_llm_provider=openrouter. Add it here - https://github.com/BerriAI/litellm/blob/main/model_prices_and_context_window.json.. Using fallback context limit: 1000000
Skipping image OS validation for hb__a68bb1b9a885efa968f3bdbbe5d805f3: docker inspect returned 1
Parser warnings: - Extra text detected before JSON object
- Extra text detected after JSON object
Sending keys: ["cat << 'EOF' > solution.py\nimport pandas as pd\nimport lightgbm as lgb\nimport numpy as np\n\n# Load data\ntrain = pd.read_csv('/app/data/train.csv')\nval = pd.read_csv('/app/data/val.csv')\ntest = pd.read_csv('/app/data/test.csv')\n\nX_train = train.drop(columns=['target'])\ny_train = train['target']\nX_val = val.drop(columns=['target'])\ny_val = val['target']\n\n# Use LightGBM regression model\n# We use a simple set of hyperparameters for efficiency\nmodel = lgb.LGBMRegressor(\n    n_estimators=1000,\n    learning_rate=0.05,\n    num_leaves=31,\n    random_state=42,\n    n_jobs=-1\n)\n\n# Fit model with early stopping\nmodel.fit(\n    X_train, y_train,\n    eval_set=[(X_val, y_val)],\n    eval_metric='rmse',\n    callbacks=[lgb.early_stopping(stopping_rounds=50)]\n)\n\n# Predict on test set\npreds = model.predict(test)\n\n# Save predictions\npred_df = pd.DataFrame({'target': preds})\npred_df.to_csv('/app/predictions.csv', index=False)\nEOF\n"] min_timeout_sec: 0.1 max_timeout_sec: 180.0
Sending keys: ['python3 solution.py\n'] min_timeout_sec: 10.0 max_timeout_sec: 180.0
Trajectory dumped to /var/essdata/s_chumakov/automl-journal/runs/autods-tabred/jobs/terminus-tabred-Mmid-20260829-185941/homesite-insurance__sAMsNrm/agent/trajectory.json
Installing: tmux, asciinema
Failed to retrieve model info for 'openrouter/google/gemma-4-31b-it': This model isn't mapped yet. model=openrouter/google/gemma-4-31b-it, custom_llm_provider=openrouter. Add it here - https://github.com/BerriAI/litellm/blob/main/model_prices_and_context_window.json.. Using fallback context limit: 1000000
Detected system: {'os': 'debian-based', 'package_manager': 'apt-get', 'update_command': None}
Installing tools using apt-get: DEBIAN_FRONTEND=noninteractive apt-get update && DEBIAN_FRONTEND=noninteractive apt-get install -y tmux asciinema
Parser warnings: - Extra text detected before JSON object
- Extra text detected after JSON object
Sending keys: [''] min_timeout_sec: 60.0 max_timeout_sec: 180.0
Trajectory dumped to /var/essdata/s_chumakov/automl-journal/runs/autods-tabred/jobs/terminus-tabred-Mmid-20260829-185941/weather__HanqYfg/agent/trajectory.json
Failed to retrieve model info for 'openrouter/google/gemma-4-31b-it': This model isn't mapped yet. model=openrouter/google/gemma-4-31b-it, custom_llm_provider=openrouter. Add it here - https://github.com/BerriAI/litellm/blob/main/model_prices_and_context_window.json.. Using fallback context limit: 1000000
Parser warnings: - Extra text detected before JSON object
- Extra text detected after JSON object
Sending keys: ["cat << 'EOF' > solution.py\nimport pandas as pd\nimport xgboost as xgb\nfrom sklearn.metrics import roc_auc_score\nimport numpy as np\n\n# Load data\ntrain = pd.read_csv('/app/data/train.csv')\nval = pd.read_csv('/app/data/val.csv')\ntest = pd.read_csv('/app/data/test.csv')\n\n# Separate features and target\nX_train = train.drop(columns=['target'])\ny_train = train['target']\nX_val = val.drop(columns=['target'])\ny_val = val['target']\n\n# Identify feature types\nall_cols = X_train.columns\nnum_cols = [c for c in all_cols if c.startswith('num_')]\nbin_cols = [c for c in all_cols if c.startswith('bin_')]\ncat_cols = [c for c in all_cols if c.startswith('cat_')]\n\n# Simple Label Encoding for categorical features if they exist\nfor col in cat_cols:\n    X_train[col] = X_train[col].astype(str).fillna('nan').astype('category').cat.codes\n    X_val[col] = X_val[col].astype(str).fillna('nan').astype('category').cat.codes\n    test[col] = test[col].astype(str).fillna('nan').astype('category').cat.codes\n\n# Train XGBoost\nmodel = xgb.XGBClassifier(\n    n_estimators=1000,\n    max_depth=6,\n    learning_rate=0.05,\n    subsample=0.8,\n    colsample_bytree=0.8,\n    n_jobs=-1,\n    random_state=42,\n    eval_metric='auc',\n    early_stopping_rounds=50\n)\n\nmodel.fit(\n    X_train, y_train,\n    eval_set=[(X_val, y_val)],\n    verbose=False\n)\n\n# Validate\nval_probs = model.predict_proba(X_val)[:, 1]\nauc = roc_auc_score(y_val, val_probs)\nprint(f'Validation ROC-AUC: {auc}')\n\n# Predict\ntest_probs = model.predict_proba(test)[:, 1]\n\n# Save predictions\npred_df = pd.DataFrame({'target': test_probs})\npred_df.to_csv('/app/predictions.csv', index=False)\nEOF\n"] min_timeout_sec: 0.1 max_timeout_sec: 180.0
Sending keys: ['python3 solution.py\n'] min_timeout_sec: 5.0 max_timeout_sec: 180.0
Parser warnings: - Extra text detected before JSON object
- Extra text detected after JSON object
Sending keys: [''] min_timeout_sec: 60.0 max_timeout_sec: 180.0
Starting recording.
Sending keys: ['asciinema rec --stdin /logs/agent/recording.cast', 'Enter'] min_timeout_sec: 1.0 max_timeout_sec: 180.0
Sending keys: ['clear', 'Enter'] min_timeout_sec: 0.0 max_timeout_sec: 180.0
Failed to retrieve model info for 'openrouter/google/gemma-4-31b-it': This model isn't mapped yet. model=openrouter/google/gemma-4-31b-it, custom_llm_provider=openrouter. Add it here - https://github.com/BerriAI/litellm/blob/main/model_prices_and_context_window.json.. Using fallback context limit: 1000000
Trajectory dumped to /var/essdata/s_chumakov/automl-journal/runs/autods-tabred/jobs/terminus-tabred-Mmid-20260829-185941/ecom-offers__tfiKbB5/agent/trajectory.json
Failed to retrieve model info for 'openrouter/google/gemma-4-31b-it': This model isn't mapped yet. model=openrouter/google/gemma-4-31b-it, custom_llm_provider=openrouter. Add it here - https://github.com/BerriAI/litellm/blob/main/model_prices_and_context_window.json.. Using fallback context limit: 1000000
Parser warnings: - Extra text detected before JSON object
- Extra text detected after JSON object
Sending keys: ['ls -l /app/data\n'] min_timeout_sec: 0.1 max_timeout_sec: 180.0
Sending keys: ['head -n 5 /app/data/train.csv\n'] min_timeout_sec: 0.1 max_timeout_sec: 180.0
Sending keys: ['cat /app/data/schema.json\n'] min_timeout_sec: 0.1 max_timeout_sec: 180.0
Trajectory dumped to /var/essdata/s_chumakov/automl-journal/runs/autods-tabred/jobs/terminus-tabred-Mmid-20260829-185941/delivery-eta__KLFxfkh/agent/trajectory.json
Failed to retrieve model info for 'openrouter/google/gemma-4-31b-it': This model isn't mapped yet. model=openrouter/google/gemma-4-31b-it, custom_llm_provider=openrouter. Add it here - https://github.com/BerriAI/litellm/blob/main/model_prices_and_context_window.json.. Using fallback context limit: 1000000
Parser warnings: - Extra text detected before JSON object
- Extra text detected after JSON object
Sending keys: [''] min_timeout_sec: 10.0 max_timeout_sec: 180.0
Sending keys: ['ls -l /app/predictions.csv\n'] min_timeout_sec: 0.1 max_timeout_sec: 180.0
Sending keys: ['wc -l /app/predictions.csv\n'] min_timeout_sec: 0.1 max_timeout_sec: 180.0
Trajectory dumped to /var/essdata/s_chumakov/automl-journal/runs/autods-tabred/jobs/terminus-tabred-Mmid-20260829-185941/ecom-offers__tfiKbB5/agent/trajectory.json
Failed to retrieve model info for 'openrouter/google/gemma-4-31b-it': This model isn't mapped yet. model=openrouter/google/gemma-4-31b-it, custom_llm_provider=openrouter. Add it here - https://github.com/BerriAI/litellm/blob/main/model_prices_and_context_window.json.. Using fallback context limit: 1000000
Parser warnings: - Extra text detected before JSON object
- Extra text detected after JSON object
Sending keys: ["cat << 'EOF' > solution.py\nimport pandas as pd\nimport lightgbm as lgb\nimport numpy as np\nfrom sklearn.metrics import mean_squared_error\n\ndef solve():\n    train_df = pd.read_csv('/app/data/train.csv')\n    val_df = pd.read_csv('/app/data/val.csv')\n    test_df = pd.read_csv('/app/data/test.csv')\n\n    target_col = 'target'\n    features = [col for col in train_df.columns if col != target_col]\n    \n    X_train = train_df[features]\n    y_train = train_df[target_col]\n    X_val = val_df[features]\n    y_val = val_df[target_col]\n    X_test = test_df[features]\n\n    # Identify categorical features\n    cat_features = [col for col in features if col.startswith('cat_') or col.startswith('bin_')]\n    \n    # LightGBM handles NaNs automatically. We just need to ensure categorical columns are typed as 'category'\n    for col in cat_features:\n        X_train[col] = X_train[col].astype('category')\n        X_val[col] = X_val[col].astype('category')\n        X_test[col] = X_test[col].astype('category')\n\n    model = lgb.LGBMRegressor(\n        n_estimators=1000,\n        learning_rate=0.05,\n        num_leaves=31,\n        random_state=42,\n        n_jobs=-1\n    )\n\n    model.fit(\n        X_train, y_train,\n        eval_set=[(X_val, y_val)],\n        eval_metric='rmse',\n        callbacks=[lgb.early_stopping(stopping_rounds=50)]\n    )\n\n    preds = model.predict(X_test)\n    \n    output = pd.DataFrame({'target': preds})\n    output.to_csv('/app/predictions.csv', index=False)\n    print('Predictions saved to /app/predictions.csv')\n\nif __name__ == '__main__':\n    solve()\nEOF\n"] min_timeout_sec: 0.1 max_timeout_sec: 180.0
Sending keys: ['python3 solution.py\n'] min_timeout_sec: 10.0 max_timeout_sec: 180.0
Parser warnings: - Extra text detected before JSON object
- Extra text detected after JSON object
Trajectory dumped to /var/essdata/s_chumakov/automl-journal/runs/autods-tabred/jobs/terminus-tabred-Mmid-20260829-185941/ecom-offers__tfiKbB5/agent/trajectory.json
Failed to retrieve model info for 'openrouter/google/gemma-4-31b-it': This model isn't mapped yet. model=openrouter/google/gemma-4-31b-it, custom_llm_provider=openrouter. Add it here - https://github.com/BerriAI/litellm/blob/main/model_prices_and_context_window.json.. Using fallback context limit: 1000000
Parser warnings: - Extra text detected before JSON object
- Extra text detected after JSON object
Trajectory dumped to /var/essdata/s_chumakov/automl-journal/runs/autods-tabred/jobs/terminus-tabred-Mmid-20260829-185941/ecom-offers__tfiKbB5/agent/trajectory.json
Trajectory dumped to /var/essdata/s_chumakov/automl-journal/runs/autods-tabred/jobs/terminus-tabred-Mmid-20260829-185941/ecom-offers__tfiKbB5/agent/trajectory.json
Collecting main service artifacts
Trajectory dumped to /var/essdata/s_chumakov/automl-journal/runs/autods-tabred/jobs/terminus-tabred-Mmid-20260829-185941/delivery-eta__KLFxfkh/agent/trajectory.json
Failed to retrieve model info for 'openrouter/google/gemma-4-31b-it': This model isn't mapped yet. model=openrouter/google/gemma-4-31b-it, custom_llm_provider=openrouter. Add it here - https://github.com/BerriAI/litellm/blob/main/model_prices_and_context_window.json.. Using fallback context limit: 1000000
Parser warnings: - Extra text detected before JSON object
- Extra text detected after JSON object
Sending keys: ['ls -l /app/predictions.csv\n'] min_timeout_sec: 0.1 max_timeout_sec: 180.0
Sending keys: ['wc -l /app/predictions.csv\n'] min_timeout_sec: 0.1 max_timeout_sec: 180.0
Trajectory dumped to /var/essdata/s_chumakov/automl-journal/runs/autods-tabred/jobs/terminus-tabred-Mmid-20260829-185941/delivery-eta__KLFxfkh/agent/trajectory.json
Failed to retrieve model info for 'openrouter/google/gemma-4-31b-it': This model isn't mapped yet. model=openrouter/google/gemma-4-31b-it, custom_llm_provider=openrouter. Add it here - https://github.com/BerriAI/litellm/blob/main/model_prices_and_context_window.json.. Using fallback context limit: 1000000
Parser warnings: - Extra text detected before JSON object
- Extra text detected after JSON object
Sending keys: ['ls -l /app/predictions.csv\n'] min_timeout_sec: 0.1 max_timeout_sec: 180.0
Sending keys: ['wc -l /app/predictions.csv\n'] min_timeout_sec: 0.1 max_timeout_sec: 180.0
Trajectory dumped to /var/essdata/s_chumakov/automl-journal/runs/autods-tabred/jobs/terminus-tabred-Mmid-20260829-185941/homesite-insurance__sAMsNrm/agent/trajectory.json
Failed to retrieve model info for 'openrouter/google/gemma-4-31b-it': This model isn't mapped yet. model=openrouter/google/gemma-4-31b-it, custom_llm_provider=openrouter. Add it here - https://github.com/BerriAI/litellm/blob/main/model_prices_and_context_window.json.. Using fallback context limit: 1000000
Trajectory dumped to /var/essdata/s_chumakov/automl-journal/runs/autods-tabred/jobs/terminus-tabred-Mmid-20260829-185941/delivery-eta__KLFxfkh/agent/trajectory.json
Failed to retrieve model info for 'openrouter/google/gemma-4-31b-it': This model isn't mapped yet. model=openrouter/google/gemma-4-31b-it, custom_llm_provider=openrouter. Add it here - https://github.com/BerriAI/litellm/blob/main/model_prices_and_context_window.json.. Using fallback context limit: 1000000
Sending keys: ['ls -la /app/predictions.csv\n'] min_timeout_sec: 0.1 max_timeout_sec: 180.0
Sending keys: ['head -n 5 /app/predictions.csv\n'] min_timeout_sec: 0.1 max_timeout_sec: 180.0
Parser warnings: - Extra text detected before JSON object
- Extra text detected after JSON object
Sending keys: ['wc -l /app/predictions.csv\n'] min_timeout_sec: 0.1 max_timeout_sec: 180.0
Trajectory dumped to /var/essdata/s_chumakov/automl-journal/runs/autods-tabred/jobs/terminus-tabred-Mmid-20260829-185941/weather__HanqYfg/agent/trajectory.json
Failed to retrieve model info for 'openrouter/google/gemma-4-31b-it': This model isn't mapped yet. model=openrouter/google/gemma-4-31b-it, custom_llm_provider=openrouter. Add it here - https://github.com/BerriAI/litellm/blob/main/model_prices_and_context_window.json.. Using fallback context limit: 1000000
Trajectory dumped to /var/essdata/s_chumakov/automl-journal/runs/autods-tabred/jobs/terminus-tabred-Mmid-20260829-185941/delivery-eta__KLFxfkh/agent/trajectory.json
Failed to retrieve model info for 'openrouter/google/gemma-4-31b-it': This model isn't mapped yet. model=openrouter/google/gemma-4-31b-it, custom_llm_provider=openrouter. Add it here - https://github.com/BerriAI/litellm/blob/main/model_prices_and_context_window.json.. Using fallback context limit: 1000000
Parser warnings: - Extra text detected before JSON object
- Extra text detected after JSON object
Sending keys: ['ls -l /app/predictions.csv\n'] min_timeout_sec: 0.1 max_timeout_sec: 180.0
Sending keys: ['head -n 5 /app/predictions.csv\n'] min_timeout_sec: 0.1 max_timeout_sec: 180.0
Sending keys: ['wc -l /app/predictions.csv\n'] min_timeout_sec: 0.1 max_timeout_sec: 180.0
Trajectory dumped to /var/essdata/s_chumakov/automl-journal/runs/autods-tabred/jobs/terminus-tabred-Mmid-20260829-185941/homesite-insurance__sAMsNrm/agent/trajectory.json
Failed to retrieve model info for 'openrouter/google/gemma-4-31b-it': This model isn't mapped yet. model=openrouter/google/gemma-4-31b-it, custom_llm_provider=openrouter. Add it here - https://github.com/BerriAI/litellm/blob/main/model_prices_and_context_window.json.. Using fallback context limit: 1000000
Parser warnings: - Extra text detected before JSON object
- Extra text detected after JSON object
Trajectory dumped to /var/essdata/s_chumakov/automl-journal/runs/autods-tabred/jobs/terminus-tabred-Mmid-20260829-185941/delivery-eta__KLFxfkh/agent/trajectory.json
Parser warnings: - Extra text detected before JSON object
- Extra text detected after JSON object
Sending keys: ['wc -l /app/predictions.csv\n'] min_timeout_sec: 0.1 max_timeout_sec: 180.0
Failed to retrieve model info for 'openrouter/google/gemma-4-31b-it': This model isn't mapped yet. model=openrouter/google/gemma-4-31b-it, custom_llm_provider=openrouter. Add it here - https://github.com/BerriAI/litellm/blob/main/model_prices_and_context_window.json.. Using fallback context limit: 1000000
Trajectory dumped to /var/essdata/s_chumakov/automl-journal/runs/autods-tabred/jobs/terminus-tabred-Mmid-20260829-185941/weather__HanqYfg/agent/trajectory.json
Failed to retrieve model info for 'openrouter/google/gemma-4-31b-it': This model isn't mapped yet. model=openrouter/google/gemma-4-31b-it, custom_llm_provider=openrouter. Add it here - https://github.com/BerriAI/litellm/blob/main/model_prices_and_context_window.json.. Using fallback context limit: 1000000
Parser warnings: - Extra text detected before JSON object
- Extra text detected after JSON object
Trajectory dumped to /var/essdata/s_chumakov/automl-journal/runs/autods-tabred/jobs/terminus-tabred-Mmid-20260829-185941/homesite-insurance__sAMsNrm/agent/trajectory.json
Failed to retrieve model info for 'openrouter/google/gemma-4-31b-it': This model isn't mapped yet. model=openrouter/google/gemma-4-31b-it, custom_llm_provider=openrouter. Add it here - https://github.com/BerriAI/litellm/blob/main/model_prices_and_context_window.json.. Using fallback context limit: 1000000
Parser warnings: - Extra text detected before JSON object
- Extra text detected after JSON object
Parser warnings: - Extra text detected before JSON object
- Extra text detected after JSON object
Trajectory dumped to /var/essdata/s_chumakov/automl-journal/runs/autods-tabred/jobs/terminus-tabred-Mmid-20260829-185941/weather__HanqYfg/agent/trajectory.json
Trajectory dumped to /var/essdata/s_chumakov/automl-journal/runs/autods-tabred/jobs/terminus-tabred-Mmid-20260829-185941/delivery-eta__KLFxfkh/agent/trajectory.json
Trajectory dumped to /var/essdata/s_chumakov/automl-journal/runs/autods-tabred/jobs/terminus-tabred-Mmid-20260829-185941/delivery-eta__KLFxfkh/agent/trajectory.json
Failed to retrieve model info for 'openrouter/google/gemma-4-31b-it': This model isn't mapped yet. model=openrouter/google/gemma-4-31b-it, custom_llm_provider=openrouter. Add it here - https://github.com/BerriAI/litellm/blob/main/model_prices_and_context_window.json.. Using fallback context limit: 1000000
Collecting main service artifacts
Parser warnings: - Extra text detected before JSON object
- Extra text detected after JSON object
Trajectory dumped to /var/essdata/s_chumakov/automl-journal/runs/autods-tabred/jobs/terminus-tabred-Mmid-20260829-185941/homesite-insurance__sAMsNrm/agent/trajectory.json
Trajectory dumped to /var/essdata/s_chumakov/automl-journal/runs/autods-tabred/jobs/terminus-tabred-Mmid-20260829-185941/homesite-insurance__sAMsNrm/agent/trajectory.json
Collecting main service artifacts
Parser warnings: - Extra text detected before JSON object
- Extra text detected after JSON object
Trajectory dumped to /var/essdata/s_chumakov/automl-journal/runs/autods-tabred/jobs/terminus-tabred-Mmid-20260829-185941/weather__HanqYfg/agent/trajectory.json
Trajectory dumped to /var/essdata/s_chumakov/automl-journal/runs/autods-tabred/jobs/terminus-tabred-Mmid-20260829-185941/weather__HanqYfg/agent/trajectory.json
Collecting main service artifacts
Skipping image OS validation for hb__1555665de9382897e5b671202cdfec67: docker inspect returned 1
Skipping image OS validation for hb__c1e077a1b126740b5b97886b4c84a2bb: docker inspect returned 1
Installing: tmux, asciinema
Detected system: {'os': 'debian-based', 'package_manager': 'apt-get', 'update_command': None}
Installing tools using apt-get: DEBIAN_FRONTEND=noninteractive apt-get update && DEBIAN_FRONTEND=noninteractive apt-get install -y tmux asciinema
Installing: tmux, asciinema
Skipping image OS validation for hb__a17abc1fec03fe69f280527c03c41533: docker inspect returned 1
Detected system: {'os': 'debian-based', 'package_manager': 'apt-get', 'update_command': None}
Installing tools using apt-get: DEBIAN_FRONTEND=noninteractive apt-get update && DEBIAN_FRONTEND=noninteractive apt-get install -y tmux asciinema
Skipping image OS validation for hb__cdeb1b31d9d574133ed516844dac0264: docker inspect returned 1
Installing: tmux, asciinema
Detected system: {'os': 'debian-based', 'package_manager': 'apt-get', 'update_command': None}
Installing tools using apt-get: DEBIAN_FRONTEND=noninteractive apt-get update && DEBIAN_FRONTEND=noninteractive apt-get install -y tmux asciinema
Starting recording.
Sending keys: ['asciinema rec --stdin /logs/agent/recording.cast', 'Enter'] min_timeout_sec: 1.0 max_timeout_sec: 180.0
Sending keys: ['clear', 'Enter'] min_timeout_sec: 0.0 max_timeout_sec: 180.0
Failed to retrieve model info for 'openrouter/google/gemma-4-31b-it': This model isn't mapped yet. model=openrouter/google/gemma-4-31b-it, custom_llm_provider=openrouter. Add it here - https://github.com/BerriAI/litellm/blob/main/model_prices_and_context_window.json.. Using fallback context limit: 1000000
Installing: tmux, asciinema
Detected system: {'os': 'debian-based', 'package_manager': 'apt-get', 'update_command': None}
Installing tools using apt-get: DEBIAN_FRONTEND=noninteractive apt-get update && DEBIAN_FRONTEND=noninteractive apt-get install -y tmux asciinema
Starting recording.
Sending keys: ['asciinema rec --stdin /logs/agent/recording.cast', 'Enter'] min_timeout_sec: 1.0 max_timeout_sec: 180.0
Sending keys: ['clear', 'Enter'] min_timeout_sec: 0.0 max_timeout_sec: 180.0
Failed to retrieve model info for 'openrouter/google/gemma-4-31b-it': This model isn't mapped yet. model=openrouter/google/gemma-4-31b-it, custom_llm_provider=openrouter. Add it here - https://github.com/BerriAI/litellm/blob/main/model_prices_and_context_window.json.. Using fallback context limit: 1000000
Starting recording.
Sending keys: ['asciinema rec --stdin /logs/agent/recording.cast', 'Enter'] min_timeout_sec: 1.0 max_timeout_sec: 180.0
Sending keys: ['clear', 'Enter'] min_timeout_sec: 0.0 max_timeout_sec: 180.0
Failed to retrieve model info for 'openrouter/google/gemma-4-31b-it': This model isn't mapped yet. model=openrouter/google/gemma-4-31b-it, custom_llm_provider=openrouter. Add it here - https://github.com/BerriAI/litellm/blob/main/model_prices_and_context_window.json.. Using fallback context limit: 1000000
Starting recording.
Sending keys: ['asciinema rec --stdin /logs/agent/recording.cast', 'Enter'] min_timeout_sec: 1.0 max_timeout_sec: 180.0
Sending keys: ['clear', 'Enter'] min_timeout_sec: 0.0 max_timeout_sec: 180.0
Failed to retrieve model info for 'openrouter/google/gemma-4-31b-it': This model isn't mapped yet. model=openrouter/google/gemma-4-31b-it, custom_llm_provider=openrouter. Add it here - https://github.com/BerriAI/litellm/blob/main/model_prices_and_context_window.json.. Using fallback context limit: 1000000
Parser warnings: - Extra text detected before JSON object
- Extra text detected after JSON object
Sending keys: ['ls -la /app/data\n'] min_timeout_sec: 0.1 max_timeout_sec: 180.0
Sending keys: ['pip install lightgbm pandas scikit-learn\n'] min_timeout_sec: 1.0 max_timeout_sec: 180.0
Sending keys: ["cat << 'EOF' > solution.py\nimport pandas as pd\nimport lightgbm as lgb\nfrom sklearn.metrics import mean_squared_error\nimport numpy as np\n\n# Load data\ntrain = pd.read_csv('/app/data/train.csv')\nval = pd.read_csv('/app/data/val.csv')\ntest = pd.read_csv('/app/data/test.csv')\n\n# Separate target\ny_train = train['target']\ny_val = val['target']\n\n# Drop target from features\nX_train = train.drop(columns=['target'])\nX_val = val.drop(columns=['target'])\n\n# Identify feature types based on prefixes\nnum_cols = [c for c in X_train.columns if c.startswith('num_')]\nbin_cols = [c for c in X_train.columns if c.startswith('bin_')]\ncat_cols = [c for c in X_train.columns if c.startswith('cat_')]\n\n# Convert categorical to 'category' dtype for LightGBM\nfor col in cat_cols:\n    X_train[col] = X_train[col].astype('category')\n    X_val[col] = X_val[col].astype('category')\n    test[col] = test[col].astype('category')\n\n# Train model\nmodel = lgb.LGBMRegressor(n_estimators=1000, learning_rate=0.05, random_state=42)\nmodel.fit(\n    X_train, y_train,\n    eval_set=[(X_val, y_val)],\n    eval_metric='rmse',\n    callbacks=[lgb.early_stopping(stopping_rounds=50)]\n)\n\n# Predict\npreds = model.predict(test)\n\n# Save predictions\nsubmission = pd.DataFrame({'target': preds})\nsubmission.to_csv('/app/predictions.csv', index=False)\nprint('Predictions saved to /app/predictions.csv')\nEOF\n"] min_timeout_sec: 0.1 max_timeout_sec: 180.0
Sending keys: ['python3 solution.py\n'] min_timeout_sec: 10.0 max_timeout_sec: 180.0
Parser warnings: - Extra text detected before JSON object
- Extra text detected after JSON object
Sending keys: ['ls -la /app/data\n'] min_timeout_sec: 0.1 max_timeout_sec: 180.0
Sending keys: ['pip install catboost pandas scikit-learn\n'] min_timeout_sec: 10.0 max_timeout_sec: 180.0
Parser warnings: - Extra text detected before JSON object
- Extra text detected after JSON object
Sending keys: ['ls -la /app/data\n'] min_timeout_sec: 0.1 max_timeout_sec: 180.0
Sending keys: ['pip install lightgbm pandas scikit-learn\n'] min_timeout_sec: 10.0 max_timeout_sec: 180.0
Trajectory dumped to /var/essdata/s_chumakov/automl-journal/runs/autods-tabred/jobs/terminus-tabred-Mmid-20260829-185941/maps-routing__5tqT8fA/agent/trajectory.json
Failed to retrieve model info for 'openrouter/google/gemma-4-31b-it': This model isn't mapped yet. model=openrouter/google/gemma-4-31b-it, custom_llm_provider=openrouter. Add it here - https://github.com/BerriAI/litellm/blob/main/model_prices_and_context_window.json.. Using fallback context limit: 1000000
Sending keys: ["cat <<EOF > solution.py\nimport pandas as pd\nimport numpy as np\nfrom catboost import CatBoostRegressor\n\n# Load data\ntrain = pd.read_csv('/app/data/train.csv')\nval = pd.read_csv('/app/data/val.csv')\ntest = pd.read_csv('/app/data/test.csv')\n\nX_train = train.drop('target', axis=1)\ny_train = train['target']\n\nX_val = val.drop('target', axis=1)\ny_val = val['target']\n\n# Identify feature types\ncat_features = [col for col in X_train.columns if col.startswith('cat_') or col.startswith('bin_')]\n\n# Fill missing values for numerical features (though CatBoost handles NaNs)\n# For simplicity, we let CatBoost handle the NaNs\n\nmodel = CatBoostRegressor(\n    iterations=1000,\n    learning_rate=0.05,\n    depth=6,\n    eval_metric='RMSE',\n    random_seed=42,\n    verbose=100\n)\n\nmodel.fit(\n    X_train, y_train, \n    eval_set=(X_val, y_val), \n    cat_features=cat_features, \n    early_stopping_rounds=50\n)\n\n# Predict\npreds = model.predict(test)\n\n# Save predictions\noutput = pd.DataFrame({'target': preds})\noutput.to_csv('/app/predictions.csv', index=False)\nEOF\n"] min_timeout_sec: 0.1 max_timeout_sec: 180.0
Sending keys: ['python3 solution.py\n'] min_timeout_sec: 60 max_timeout_sec: 180.0
Parser warnings: - Extra text detected before JSON object
- Extra text detected after JSON object
Sending keys: [''] min_timeout_sec: 60.0 max_timeout_sec: 180.0
Parser warnings: - Extra text detected before JSON object
- Extra text detected after JSON object
Sending keys: ['ls -lh /app/data\n'] min_timeout_sec: 0.1 max_timeout_sec: 180.0
Sending keys: ['pip install lightgbm pandas scikit-learn\n'] min_timeout_sec: 10.0 max_timeout_sec: 180.0
Sending keys: ["cat << 'EOF' > solution.py\nimport pandas as pd\nimport lightgbm as lgb\nfrom sklearn.metrics import roc_auc_score\nimport numpy as np\n\n# Load data\ntrain = pd.read_csv('/app/data/train.csv')\nval = pd.read_csv('/app/data/val.csv')\ntest = pd.read_csv('/app/data/test.csv')\n\n# Identify feature types\nnumeric_cols = [col for col in train.columns if col.startswith('num_')]\nbinary_cols = [col for col in train.columns if col.startswith('bin_')]\ncategorical_cols = [col for col in train.columns if col.startswith('cat_')]\n\n# Prepare target\ny_train = train['target']\ny_val = val['target']\nX_train = train.drop(columns=['target'])\nX_val = val.drop(columns=['target'])\n\n# LightGBM handles NaNs and categorical features if specified\n# We specify which columns are categorical\ncat_features = categorical_cols\n\n# Convert categorical columns to 'category' dtype for LightGBM\nfor col in cat_features:\n    X_train[col] = X_train[col].astype('category')\n    X_val[col] = X_val[col].astype('category')\n    test[col] = test[col].astype('category')\n\n# Train model\nmodel = lgb.LGBMClassifier(\n    n_estimators=1000,\n    learning_rate=0.05,\n    num_leaves=31,\n    objective='binary',\n    metric='auc',\n    random_state=42,\n    n_jobs=-1\n)\n\nmodel.fit(\n    X_train, y_train,\n    eval_set=[(X_val, y_val)],\n    eval_metric='auc',\n    callbacks=[lgb.early_stopping(stopping_rounds=50)]\n)\n\n# Predict probabilities\nprobs = model.predict_proba(test)[:, 1]\n\n# Save predictions\npred_df = pd.DataFrame({'target': probs})\npred_df.to_csv('/app/predictions.csv', index=False)\nprint('Predictions saved to /app/predictions.csv')\nEOF\n"] min_timeout_sec: 0.1 max_timeout_sec: 180.0
Sending keys: ['python3 solution.py\n'] min_timeout_sec: 60 max_timeout_sec: 180.0
Sending keys: ["cat << 'EOF' > solution.py\nimport pandas as pd\nimport lightgbm as lgb\nimport numpy as np\n\n# Load data\ntrain = pd.read_csv('/app/data/train.csv')\nval = pd.read_csv('/app/data/val.csv')\ntest = pd.read_csv('/app/data/test.csv')\n\ntarget_col = 'target'\n\n# Separate features and target\nX_train = train.drop(columns=[target_col])\ny_train = train[target_col]\nX_val = val.drop(columns=[target_col])\ny_val = val[target_col]\n\n# Identify feature types\nnum_cols = [c for c in X_train.columns if c.startswith('num_')]\nbin_cols = [c for c in X_train.columns if c.startswith('bin_')]\ncat_cols = [c for c in X_train.columns if c.startswith('cat_')]\n\n# Simple preprocessing\n# For LightGBM, we can handle NaNs and categorical features if we specify them\n# For simplicity, we'll treat categorical columns as categories\nfor col in cat_cols:\n    X_train[col] = X_train[col].astype('category')\n    X_val[col] = X_val[col].astype('category')\n    test[col] = test[col].astype('category')\n\n# Model training\nmodel = lgb.LGBMClassifier(n_estimators=1000, learning_rate=0.05, random_state=42, verbose=-1)\nmodel.fit(\n    X_train, y_train,\n    eval_set=[(X_val, y_val)],\n    eval_metric='auc',\n    callbacks=[lgb.early_stopping(stopping_rounds=50)]\n)\n\n# Predictions\npreds = model.predict_proba(test)[:, 1]\npreds_df = pd.DataFrame({'target': preds})\npreds_df.to_csv('/app/predictions.csv', index=False)\nEOF\n"] min_timeout_sec: 0.1 max_timeout_sec: 180.0
Sending keys: ['python3 solution.py\n'] min_timeout_sec: 60 max_timeout_sec: 180.0
Trajectory dumped to /var/essdata/s_chumakov/automl-journal/runs/autods-tabred/jobs/terminus-tabred-Mmid-20260829-185941/sberbank-housing__qaL4AEA/agent/trajectory.json
Failed to retrieve model info for 'openrouter/google/gemma-4-31b-it': This model isn't mapped yet. model=openrouter/google/gemma-4-31b-it, custom_llm_provider=openrouter. Add it here - https://github.com/BerriAI/litellm/blob/main/model_prices_and_context_window.json.. Using fallback context limit: 1000000
Trajectory dumped to /var/essdata/s_chumakov/automl-journal/runs/autods-tabred/jobs/terminus-tabred-Mmid-20260829-185941/maps-routing__5tqT8fA/agent/trajectory.json
Failed to retrieve model info for 'openrouter/google/gemma-4-31b-it': This model isn't mapped yet. model=openrouter/google/gemma-4-31b-it, custom_llm_provider=openrouter. Add it here - https://github.com/BerriAI/litellm/blob/main/model_prices_and_context_window.json.. Using fallback context limit: 1000000
Trajectory dumped to /var/essdata/s_chumakov/automl-journal/runs/autods-tabred/jobs/terminus-tabred-Mmid-20260829-185941/homesite-insurance__BXQ2X47/agent/trajectory.json
Failed to retrieve model info for 'openrouter/google/gemma-4-31b-it': This model isn't mapped yet. model=openrouter/google/gemma-4-31b-it, custom_llm_provider=openrouter. Add it here - https://github.com/BerriAI/litellm/blob/main/model_prices_and_context_window.json.. Using fallback context limit: 1000000
Parser warnings: - Extra text detected before JSON object
- Extra text detected after JSON object
Sending keys: [''] min_timeout_sec: 60.0 max_timeout_sec: 180.0
Parser warnings: - Extra text detected before JSON object
- Extra text detected after JSON object
Sending keys: ['ls -l /app/predictions.csv\n'] min_timeout_sec: 0.1 max_timeout_sec: 180.0
Sending keys: ['head -n 5 /app/predictions.csv\n'] min_timeout_sec: 0.1 max_timeout_sec: 180.0
Sending keys: ['wc -l /app/predictions.csv\n'] min_timeout_sec: 0.1 max_timeout_sec: 180.0
Trajectory dumped to /var/essdata/s_chumakov/automl-journal/runs/autods-tabred/jobs/terminus-tabred-Mmid-20260829-185941/sberbank-housing__qaL4AEA/agent/trajectory.json
Failed to retrieve model info for 'openrouter/google/gemma-4-31b-it': This model isn't mapped yet. model=openrouter/google/gemma-4-31b-it, custom_llm_provider=openrouter. Add it here - https://github.com/BerriAI/litellm/blob/main/model_prices_and_context_window.json.. Using fallback context limit: 1000000
Parser warnings: - Extra text detected before JSON object
- Extra text detected after JSON object
Sending keys: ['head -n 5 /app/predictions.csv\n'] min_timeout_sec: 0.1 max_timeout_sec: 180.0
Sending keys: ['wc -l /app/predictions.csv\n'] min_timeout_sec: 0.1 max_timeout_sec: 180.0
Trajectory dumped to /var/essdata/s_chumakov/automl-journal/runs/autods-tabred/jobs/terminus-tabred-Mmid-20260829-185941/homesite-insurance__BXQ2X47/agent/trajectory.json
Failed to retrieve model info for 'openrouter/google/gemma-4-31b-it': This model isn't mapped yet. model=openrouter/google/gemma-4-31b-it, custom_llm_provider=openrouter. Add it here - https://github.com/BerriAI/litellm/blob/main/model_prices_and_context_window.json.. Using fallback context limit: 1000000
Parser warnings: - Extra text detected before JSON object
- Extra text detected after JSON object
Trajectory dumped to /var/essdata/s_chumakov/automl-journal/runs/autods-tabred/jobs/terminus-tabred-Mmid-20260829-185941/sberbank-housing__qaL4AEA/agent/trajectory.json
Failed to retrieve model info for 'openrouter/google/gemma-4-31b-it': This model isn't mapped yet. model=openrouter/google/gemma-4-31b-it, custom_llm_provider=openrouter. Add it here - https://github.com/BerriAI/litellm/blob/main/model_prices_and_context_window.json.. Using fallback context limit: 1000000
Trajectory dumped to /var/essdata/s_chumakov/automl-journal/runs/autods-tabred/jobs/terminus-tabred-Mmid-20260829-185941/homecredit-default__RD8ZmXD/agent/trajectory.json
Failed to retrieve model info for 'openrouter/google/gemma-4-31b-it': This model isn't mapped yet. model=openrouter/google/gemma-4-31b-it, custom_llm_provider=openrouter. Add it here - https://github.com/BerriAI/litellm/blob/main/model_prices_and_context_window.json.. Using fallback context limit: 1000000
Parser warnings: - Extra text detected before JSON object
- Extra text detected after JSON object
Trajectory dumped to /var/essdata/s_chumakov/automl-journal/runs/autods-tabred/jobs/terminus-tabred-Mmid-20260829-185941/homesite-insurance__BXQ2X47/agent/trajectory.json
Failed to retrieve model info for 'openrouter/google/gemma-4-31b-it': This model isn't mapped yet. model=openrouter/google/gemma-4-31b-it, custom_llm_provider=openrouter. Add it here - https://github.com/BerriAI/litellm/blob/main/model_prices_and_context_window.json.. Using fallback context limit: 1000000
Parser warnings: - Extra text detected before JSON object
- Extra text detected after JSON object
Trajectory dumped to /var/essdata/s_chumakov/automl-journal/runs/autods-tabred/jobs/terminus-tabred-Mmid-20260829-185941/sberbank-housing__qaL4AEA/agent/trajectory.json
Trajectory dumped to /var/essdata/s_chumakov/automl-journal/runs/autods-tabred/jobs/terminus-tabred-Mmid-20260829-185941/sberbank-housing__qaL4AEA/agent/trajectory.json
Collecting main service artifacts
Parser warnings: - Extra text detected before JSON object
- Extra text detected after JSON object
Sending keys: ['ls -l /app/predictions.csv\n'] min_timeout_sec: 0.1 max_timeout_sec: 180.0
Sending keys: ['head -n 5 /app/predictions.csv\n'] min_timeout_sec: 0.1 max_timeout_sec: 180.0
Parser warnings: - Extra text detected before JSON object
- Extra text detected after JSON object
Sending keys: ['wc -l /app/predictions.csv\n'] min_timeout_sec: 0.1 max_timeout_sec: 180.0
Trajectory dumped to /var/essdata/s_chumakov/automl-journal/runs/autods-tabred/jobs/terminus-tabred-Mmid-20260829-185941/homesite-insurance__BXQ2X47/agent/trajectory.json
Trajectory dumped to /var/essdata/s_chumakov/automl-journal/runs/autods-tabred/jobs/terminus-tabred-Mmid-20260829-185941/homesite-insurance__BXQ2X47/agent/trajectory.json
Trajectory dumped to /var/essdata/s_chumakov/automl-journal/runs/autods-tabred/jobs/terminus-tabred-Mmid-20260829-185941/homecredit-default__RD8ZmXD/agent/trajectory.json
Failed to retrieve model info for 'openrouter/google/gemma-4-31b-it': This model isn't mapped yet. model=openrouter/google/gemma-4-31b-it, custom_llm_provider=openrouter. Add it here - https://github.com/BerriAI/litellm/blob/main/model_prices_and_context_window.json.. Using fallback context limit: 1000000
Collecting main service artifacts
Parser warnings: - Extra text detected before JSON object
- Extra text detected after JSON object
Trajectory dumped to /var/essdata/s_chumakov/automl-journal/runs/autods-tabred/jobs/terminus-tabred-Mmid-20260829-185941/homecredit-default__RD8ZmXD/agent/trajectory.json
Failed to retrieve model info for 'openrouter/google/gemma-4-31b-it': This model isn't mapped yet. model=openrouter/google/gemma-4-31b-it, custom_llm_provider=openrouter. Add it here - https://github.com/BerriAI/litellm/blob/main/model_prices_and_context_window.json.. Using fallback context limit: 1000000
Parser warnings: - Extra text detected before JSON object
- Extra text detected after JSON object
Trajectory dumped to /var/essdata/s_chumakov/automl-journal/runs/autods-tabred/jobs/terminus-tabred-Mmid-20260829-185941/homecredit-default__RD8ZmXD/agent/trajectory.json
Trajectory dumped to /var/essdata/s_chumakov/automl-journal/runs/autods-tabred/jobs/terminus-tabred-Mmid-20260829-185941/homecredit-default__RD8ZmXD/agent/trajectory.json
Collecting main service artifacts
Skipping image OS validation for hb__bedbcf202e03f615e42812f0f64f327f: docker inspect returned 1
Skipping image OS validation for hb__510af71948abf0411e34a4fffcdcc268: docker inspect returned 1
Installing: tmux, asciinema
Detected system: {'os': 'debian-based', 'package_manager': 'apt-get', 'update_command': None}
Installing tools using apt-get: DEBIAN_FRONTEND=noninteractive apt-get update && DEBIAN_FRONTEND=noninteractive apt-get install -y tmux asciinema
Skipping image OS validation for hb__fe87ed56be4ccc47d6527e641c3270f3: docker inspect returned 1
Installing: tmux, asciinema
Detected system: {'os': 'debian-based', 'package_manager': 'apt-get', 'update_command': None}
Installing tools using apt-get: DEBIAN_FRONTEND=noninteractive apt-get update && DEBIAN_FRONTEND=noninteractive apt-get install -y tmux asciinema
Installing: tmux, asciinema
Detected system: {'os': 'debian-based', 'package_manager': 'apt-get', 'update_command': None}
Installing tools using apt-get: DEBIAN_FRONTEND=noninteractive apt-get update && DEBIAN_FRONTEND=noninteractive apt-get install -y tmux asciinema
Starting recording.
Sending keys: ['asciinema rec --stdin /logs/agent/recording.cast', 'Enter'] min_timeout_sec: 1.0 max_timeout_sec: 180.0
Sending keys: ['clear', 'Enter'] min_timeout_sec: 0.0 max_timeout_sec: 180.0
Failed to retrieve model info for 'openrouter/google/gemma-4-31b-it': This model isn't mapped yet. model=openrouter/google/gemma-4-31b-it, custom_llm_provider=openrouter. Add it here - https://github.com/BerriAI/litellm/blob/main/model_prices_and_context_window.json.. Using fallback context limit: 1000000
Starting recording.
Sending keys: ['asciinema rec --stdin /logs/agent/recording.cast', 'Enter'] min_timeout_sec: 1.0 max_timeout_sec: 180.0
Sending keys: ['clear', 'Enter'] min_timeout_sec: 0.0 max_timeout_sec: 180.0
Starting recording.
Sending keys: ['asciinema rec --stdin /logs/agent/recording.cast', 'Enter'] min_timeout_sec: 1.0 max_timeout_sec: 180.0
Failed to retrieve model info for 'openrouter/google/gemma-4-31b-it': This model isn't mapped yet. model=openrouter/google/gemma-4-31b-it, custom_llm_provider=openrouter. Add it here - https://github.com/BerriAI/litellm/blob/main/model_prices_and_context_window.json.. Using fallback context limit: 1000000
Sending keys: ['clear', 'Enter'] min_timeout_sec: 0.0 max_timeout_sec: 180.0
Failed to retrieve model info for 'openrouter/google/gemma-4-31b-it': This model isn't mapped yet. model=openrouter/google/gemma-4-31b-it, custom_llm_provider=openrouter. Add it here - https://github.com/BerriAI/litellm/blob/main/model_prices_and_context_window.json.. Using fallback context limit: 1000000
Trajectory dumped to /var/essdata/s_chumakov/automl-journal/runs/autods-tabred/jobs/terminus-tabred-Mmid-20260829-185941/maps-routing__5tqT8fA/agent/trajectory.json
Failed to retrieve model info for 'openrouter/google/gemma-4-31b-it': This model isn't mapped yet. model=openrouter/google/gemma-4-31b-it, custom_llm_provider=openrouter. Add it here - https://github.com/BerriAI/litellm/blob/main/model_prices_and_context_window.json.. Using fallback context limit: 1000000
Parser warnings: - Extra text detected before JSON object
- Extra text detected after JSON object
Sending keys: ['ls -l /app/data\n'] min_timeout_sec: 0.1 max_timeout_sec: 180.0
Sending keys: ['head -n 5 /app/data/train.csv\n'] min_timeout_sec: 0.1 max_timeout_sec: 180.0
Sending keys: ['cat /app/data/schema.json\n'] min_timeout_sec: 0.1 max_timeout_sec: 180.0
Trajectory dumped to /var/essdata/s_chumakov/automl-journal/runs/autods-tabred/jobs/terminus-tabred-Mmid-20260829-185941/weather__4WufQT2/agent/trajectory.json
Failed to retrieve model info for 'openrouter/google/gemma-4-31b-it': This model isn't mapped yet. model=openrouter/google/gemma-4-31b-it, custom_llm_provider=openrouter. Add it here - https://github.com/BerriAI/litellm/blob/main/model_prices_and_context_window.json.. Using fallback context limit: 1000000
Parser warnings: - Extra text detected before JSON object
- Extra text detected after JSON object
Sending keys: ['ls -la /app/predictions.csv\n'] min_timeout_sec: 0.1 max_timeout_sec: 180.0
Parser warnings: - Extra text detected before JSON object
- Extra text detected after JSON object
Sending keys: ['ls -la /app/data\n'] min_timeout_sec: 0.1 max_timeout_sec: 180.0
Sending keys: ['head -n 5 /app/predictions.csv\n'] min_timeout_sec: 0.1 max_timeout_sec: 180.0
Sending keys: ['cat /app/data/schema.json\n'] min_timeout_sec: 0.1 max_timeout_sec: 180.0
Sending keys: ['wc -l /app/predictions.csv\n'] min_timeout_sec: 0.1 max_timeout_sec: 180.0
Sending keys: ['head -n 5 /app/data/train.csv\n'] min_timeout_sec: 0.1 max_timeout_sec: 180.0
Trajectory dumped to /var/essdata/s_chumakov/automl-journal/runs/autods-tabred/jobs/terminus-tabred-Mmid-20260829-185941/maps-routing__5tqT8fA/agent/trajectory.json
Trajectory dumped to /var/essdata/s_chumakov/automl-journal/runs/autods-tabred/jobs/terminus-tabred-Mmid-20260829-185941/ecom-offers__AzykMxm/agent/trajectory.json
Failed to retrieve model info for 'openrouter/google/gemma-4-31b-it': This model isn't mapped yet. model=openrouter/google/gemma-4-31b-it, custom_llm_provider=openrouter. Add it here - https://github.com/BerriAI/litellm/blob/main/model_prices_and_context_window.json.. Using fallback context limit: 1000000
Failed to retrieve model info for 'openrouter/google/gemma-4-31b-it': This model isn't mapped yet. model=openrouter/google/gemma-4-31b-it, custom_llm_provider=openrouter. Add it here - https://github.com/BerriAI/litellm/blob/main/model_prices_and_context_window.json.. Using fallback context limit: 1000000
Parser warnings: - Extra text detected before JSON object
- Extra text detected after JSON object
Trajectory dumped to /var/essdata/s_chumakov/automl-journal/runs/autods-tabred/jobs/terminus-tabred-Mmid-20260829-185941/maps-routing__5tqT8fA/agent/trajectory.json
Failed to retrieve model info for 'openrouter/google/gemma-4-31b-it': This model isn't mapped yet. model=openrouter/google/gemma-4-31b-it, custom_llm_provider=openrouter. Add it here - https://github.com/BerriAI/litellm/blob/main/model_prices_and_context_window.json.. Using fallback context limit: 1000000
Parser warnings: - Extra text detected before JSON object
- Extra text detected after JSON object
Trajectory dumped to /var/essdata/s_chumakov/automl-journal/runs/autods-tabred/jobs/terminus-tabred-Mmid-20260829-185941/maps-routing__5tqT8fA/agent/trajectory.json
Trajectory dumped to /var/essdata/s_chumakov/automl-journal/runs/autods-tabred/jobs/terminus-tabred-Mmid-20260829-185941/maps-routing__5tqT8fA/agent/trajectory.json
Collecting main service artifacts
Parser warnings: - Extra text detected before JSON object
- Extra text detected after JSON object
Sending keys: ["cat << 'EOF' > model_train.py\nimport pandas as pd\nimport lightgbm as lgb\nimport numpy as np\nfrom sklearn.metrics import mean_squared_error\n\n# Load data\nprint('Loading data...')\ntrain = pd.read_csv('/app/data/train.csv')\nval = pd.read_csv('/app/data/val.csv')\ntest = pd.read_csv('/app/data/test.csv')\n\n# Split features and target\nX_train = train.drop(columns=['target'])\ny_train = train['target']\nX_val = val.drop(columns=['target'])\ny_val = val['target']\nX_test = test\n\n# Train LightGBM\nprint('Training model...')\nmodel = lgb.LGBMRegressor(n_estimators=1000, learning_rate=0.05, num_leaves=31, random_state=42)\nmodel.fit(\n    X_train, y_train, \n    eval_set=[(X_val, y_val)],\n    eval_metric='rmse',\n    callbacks=[lgb.early_stopping(stopping_rounds=50)]\n)\n\n# Evaluate\npreds_val = model.predict(X_val)\nrmse = np.sqrt(mean_squared_error(y_val, preds_val))\nprint(f'Validation RMSE: {rmse}')\n\n# Predict and save\nprint('Predicting on test set...')\npreds_test = model.predict(X_test)\npreds_df = pd.DataFrame({'target': preds_test})\npreds_df.to_csv('/app/predictions.csv', index=False)\nprint('Predictions saved to /app/predictions.csv')\nEOF\n"] min_timeout_sec: 0.1 max_timeout_sec: 180.0
Sending keys: ['python3 model_train.py\n'] min_timeout_sec: 10.0 max_timeout_sec: 180.0
Parser warnings: - Extra text detected before JSON object
- Extra text detected after JSON object
Sending keys: ['ls -la /app/data\n'] min_timeout_sec: 0.1 max_timeout_sec: 180.0
Sending keys: ['pip install lightgbm pandas scikit-learn\n'] min_timeout_sec: 10.0 max_timeout_sec: 180.0
Parser warnings: - Extra text detected before JSON object
- Extra text detected after JSON object
Sending keys: ["cat << 'EOF' > solution.py\nimport pandas as pd\nimport xgboost as xgb\nfrom sklearn.metrics import roc_auc_score\nimport numpy as np\n\n# Load data\ntrain_df = pd.read_csv('/app/data/train.csv')\nval_df = pd.read_csv('/app/data/val.csv')\ntest_df = pd.read_csv('/app/data/test.csv')\n\nX_train = train_df.drop(columns=['target'])\ny_train = train_df['target']\nX_val = val_df.drop(columns=['target'])\ny_val = val_df['target']\nX_test = test_df\n\n# XGBoost can handle NaNs internally, but we ensure the data type is correct\n# No categorical encoding needed as schema says cat: 0\n\n# Model parameters\nmodel = xgb.XGBClassifier(\n    n_estimators=1000,\n    learning_rate=0.05,\n    max_depth=6,\n    subsample=0.8,\n    colsample_bytree=0.8,\n    n_jobs=-1,\n    random_state=42,\n    eval_metric='auc',\n    early_stopping_rounds=50\n)\n\n# Train with early stopping\nmodel.fit(\n    X_train, y_train,\n    eval_set=[(X_val, y_val)],\n    verbose=100\n)\n\n# Validate\nval_preds = model.predict_proba(X_val)[:, 1]\nauc_score = roc_auc_score(y_val, val_preds)\nprint(f'Validation ROC-AUC: {auc_score}')\n\n# Predict test set\ntest_preds = model.predict_proba(X_test)[:, 1]\npredictions_df = pd.DataFrame({'target': test_preds})\npredictions_df.to_csv('/app/predictions.csv', index=False)\nprint('Predictions saved to /app/predictions.csv')\nEOF\n"] min_timeout_sec: 0.1 max_timeout_sec: 180.0
Sending keys: ['python3 solution.py\n'] min_timeout_sec: 10.0 max_timeout_sec: 180.0
Sending keys: ['ls -l /app/predictions.csv\n'] min_timeout_sec: 0.1 max_timeout_sec: 180.0
Sending keys: ['head -n 5 /app/predictions.csv\n'] min_timeout_sec: 0.1 max_timeout_sec: 180.0
Sending keys: ["cat << 'EOF' > solution.py\nimport pandas as pd\nimport lightgbm as lgb\nfrom sklearn.metrics import mean_squared_error\nimport numpy as np\n\n# Load data\ntrain = pd.read_csv('/app/data/train.csv')\nval = pd.read_csv('/app/data/val.csv')\ntest = pd.read_csv('/app/data/test.csv')\n\n# Identify feature types\nnum_cols = [c for c in train.columns if c.startswith('num_')]\nbin_cols = [c for c in train.columns if c.startswith('bin_')]\ncat_cols = [c for c in train.columns if c.startswith('cat_')]\n\n# Target\ny_train = train['target']\ny_val = val['target']\n\n# Features\nX_train = train.drop(columns=['target'])\nX_val = val.drop(columns=['target'])\n\n# Simple preprocessing: fill numerical NaNs with median\nfor col in num_cols:\n    median_val = X_train[col].median()\n    X_train[col] = X_train[col].fillna(median_val)\n    X_val[col] = X_val[col].fillna(median_val)\n    test[col] = test[col].fillna(median_val)\n\n# Convert categorical columns to category type for LightGBM\nfor col in cat_cols:\n    X_train[col] = X_train[col].astype('category')\n    X_val[col] = X_val[col].astype('category')\n    test[col] = test[col].astype('category')\n\n# Train LightGBM\nmodel = lgb.LGBMRegressor(n_estimators=1000, learning_rate=0.05, random_state=42)\nmodel.fit(\n    X_train, y_train,\n    eval_set=[(X_val, y_val)],\n    eval_metric='rmse',\n    callbacks=[lgb.early_stopping(stopping_rounds=50)]\n)\n\n# Predict\npreds = model.predict(test)\n\n# Write predictions\nsubmission = pd.DataFrame({'target': preds})\nsubmission.to_csv('/app/predictions.csv', index=False)\nEOF\n"] min_timeout_sec: 0.1 max_timeout_sec: 180.0
Sending keys: ['python3 solution.py\n'] min_timeout_sec: 60.0 max_timeout_sec: 180.0
Trajectory dumped to /var/essdata/s_chumakov/automl-journal/runs/autods-tabred/jobs/terminus-tabred-Mmid-20260829-185941/weather__4WufQT2/agent/trajectory.json
Failed to retrieve model info for 'openrouter/google/gemma-4-31b-it': This model isn't mapped yet. model=openrouter/google/gemma-4-31b-it, custom_llm_provider=openrouter. Add it here - https://github.com/BerriAI/litellm/blob/main/model_prices_and_context_window.json.. Using fallback context limit: 1000000
Trajectory dumped to /var/essdata/s_chumakov/automl-journal/runs/autods-tabred/jobs/terminus-tabred-Mmid-20260829-185941/ecom-offers__AzykMxm/agent/trajectory.json
Failed to retrieve model info for 'openrouter/google/gemma-4-31b-it': This model isn't mapped yet. model=openrouter/google/gemma-4-31b-it, custom_llm_provider=openrouter. Add it here - https://github.com/BerriAI/litellm/blob/main/model_prices_and_context_window.json.. Using fallback context limit: 1000000
Parser warnings: - Extra text detected before JSON object
- Extra text detected after JSON object
Sending keys: ['python3 model_train.py\n'] min_timeout_sec: 60.0 max_timeout_sec: 180.0
Parser warnings: - Extra text detected before JSON object
- Extra text detected after JSON object
Sending keys: ['head -n 5 /app/predictions.csv\n'] min_timeout_sec: 0.1 max_timeout_sec: 180.0
Sending keys: ['wc -l /app/predictions.csv\n'] min_timeout_sec: 0.1 max_timeout_sec: 180.0
Trajectory dumped to /var/essdata/s_chumakov/automl-journal/runs/autods-tabred/jobs/terminus-tabred-Mmid-20260829-185941/ecom-offers__AzykMxm/agent/trajectory.json
Failed to retrieve model info for 'openrouter/google/gemma-4-31b-it': This model isn't mapped yet. model=openrouter/google/gemma-4-31b-it, custom_llm_provider=openrouter. Add it here - https://github.com/BerriAI/litellm/blob/main/model_prices_and_context_window.json.. Using fallback context limit: 1000000
Parser warnings: - Extra text detected before JSON object
- Extra text detected after JSON object
Trajectory dumped to /var/essdata/s_chumakov/automl-journal/runs/autods-tabred/jobs/terminus-tabred-Mmid-20260829-185941/ecom-offers__AzykMxm/agent/trajectory.json
Failed to retrieve model info for 'openrouter/google/gemma-4-31b-it': This model isn't mapped yet. model=openrouter/google/gemma-4-31b-it, custom_llm_provider=openrouter. Add it here - https://github.com/BerriAI/litellm/blob/main/model_prices_and_context_window.json.. Using fallback context limit: 1000000
Parser warnings: - Extra text detected before JSON object
- Extra text detected after JSON object
Trajectory dumped to /var/essdata/s_chumakov/automl-journal/runs/autods-tabred/jobs/terminus-tabred-Mmid-20260829-185941/ecom-offers__AzykMxm/agent/trajectory.json
Trajectory dumped to /var/essdata/s_chumakov/automl-journal/runs/autods-tabred/jobs/terminus-tabred-Mmid-20260829-185941/ecom-offers__AzykMxm/agent/trajectory.json
Collecting main service artifacts
Skipping image OS validation for hb__a68bb1b9a885efa968f3bdbbe5d805f3: docker inspect returned 1
Installing: tmux, asciinema
Detected system: {'os': 'debian-based', 'package_manager': 'apt-get', 'update_command': None}
Installing tools using apt-get: DEBIAN_FRONTEND=noninteractive apt-get update && DEBIAN_FRONTEND=noninteractive apt-get install -y tmux asciinema
Starting recording.
Sending keys: ['asciinema rec --stdin /logs/agent/recording.cast', 'Enter'] min_timeout_sec: 1.0 max_timeout_sec: 180.0
Sending keys: ['clear', 'Enter'] min_timeout_sec: 0.0 max_timeout_sec: 180.0
Failed to retrieve model info for 'openrouter/google/gemma-4-31b-it': This model isn't mapped yet. model=openrouter/google/gemma-4-31b-it, custom_llm_provider=openrouter. Add it here - https://github.com/BerriAI/litellm/blob/main/model_prices_and_context_window.json.. Using fallback context limit: 1000000
Parser warnings: - Extra text detected before JSON object
- Extra text detected after JSON object
Sending keys: ['ls -la /app/data\n'] min_timeout_sec: 0.1 max_timeout_sec: 180.0
Sending keys: ['pip install lightgbm pandas scikit-learn\n'] min_timeout_sec: 10.0 max_timeout_sec: 180.0
Trajectory dumped to /var/essdata/s_chumakov/automl-journal/runs/autods-tabred/jobs/terminus-tabred-Mmid-20260829-185941/cooking-time__ihCJa4Z/agent/trajectory.json
Skipping image OS validation for hb__1555665de9382897e5b671202cdfec67: docker inspect returned 1
Failed to retrieve model info for 'openrouter/google/gemma-4-31b-it': This model isn't mapped yet. model=openrouter/google/gemma-4-31b-it, custom_llm_provider=openrouter. Add it here - https://github.com/BerriAI/litellm/blob/main/model_prices_and_context_window.json.. Using fallback context limit: 1000000
Sending keys: ["cat <<EOF > solution.py\nimport pandas as pd\nimport numpy as np\nfrom lightgbm import LGBMRegressor\n\n# Load data\ntrain = pd.read_csv('/app/data/train.csv')\nval = pd.read_csv('/app/data/val.csv')\ntest = pd.read_csv('/app/data/test.csv')\n\nX_train = train.drop(columns=['target'])\ny_train = train['target']\nX_val = val.drop(columns=['target'])\ny_val = val['target']\n\n# Identify feature types\nnum_cols = [c for c in X_train.columns if c.startswith('num_')]\ncat_cols = [c for c in X_train.columns if c.startswith('cat_')]\nbin_cols = [c for c in X_train.columns if c.startswith('bin_')]\n\n# Simple preprocessing: Fill NaNs for numerical, convert categorical to codes\nfor col in num_cols:\n    X_train[col] = X_train[col].fillna(X_train[col].median())\n    X_val[col] = X_val[col].fillna(X_train[col].median())\n    test[col] = test[col].fillna(X_train[col].median())\n\nfor col in cat_cols:\n    X_train[col] = X_train[col].astype('category')\n    X_val[col] = X_val[col].astype('category')\n    test[col] = test[col].astype('category')\n\n# Train model\nmodel = LGBMRegressor(n_estimators=1000, learning_rate=0.05, random_state=42)\nmodel.fit(X_train, y_train, eval_set=[(X_val, y_val)], eval_metric='rmse', callbacks=[])\n\n# Predict\npreds = model.predict(test)\npreds_df = pd.DataFrame({'target': preds})\npreds_df.to_csv('/app/predictions.csv', index=False)\nEOF\n"] min_timeout_sec: 0.1 max_timeout_sec: 180.0
Sending keys: ['python3 solution.py\n'] min_timeout_sec: 60 max_timeout_sec: 180.0
Parser warnings: - Extra text detected before JSON object
- Extra text detected after JSON object
Sending keys: ['ls -la /app/predictions.csv\n'] min_timeout_sec: 0.1 max_timeout_sec: 180.0
Sending keys: ['wc -l /app/predictions.csv\n'] min_timeout_sec: 0.1 max_timeout_sec: 180.0
Sending keys: ['head -n 5 /app/predictions.csv\n'] min_timeout_sec: 0.1 max_timeout_sec: 180.0
Trajectory dumped to /var/essdata/s_chumakov/automl-journal/runs/autods-tabred/jobs/terminus-tabred-Mmid-20260829-185941/cooking-time__ihCJa4Z/agent/trajectory.json
Failed to retrieve model info for 'openrouter/google/gemma-4-31b-it': This model isn't mapped yet. model=openrouter/google/gemma-4-31b-it, custom_llm_provider=openrouter. Add it here - https://github.com/BerriAI/litellm/blob/main/model_prices_and_context_window.json.. Using fallback context limit: 1000000
Sending keys: ['ls -l /app/predictions.csv\n'] min_timeout_sec: 0.1 max_timeout_sec: 180.0
Sending keys: ['wc -l /app/predictions.csv\n'] min_timeout_sec: 0.1 max_timeout_sec: 180.0
Sending keys: ['head -n 5 /app/predictions.csv\n'] min_timeout_sec: 0.1 max_timeout_sec: 180.0
Trajectory dumped to /var/essdata/s_chumakov/automl-journal/runs/autods-tabred/jobs/terminus-tabred-Mmid-20260829-185941/weather__4WufQT2/agent/trajectory.json
Failed to retrieve model info for 'openrouter/google/gemma-4-31b-it': This model isn't mapped yet. model=openrouter/google/gemma-4-31b-it, custom_llm_provider=openrouter. Add it here - https://github.com/BerriAI/litellm/blob/main/model_prices_and_context_window.json.. Using fallback context limit: 1000000
Parser warnings: - Extra text detected before JSON object
- Extra text detected after JSON object
Trajectory dumped to /var/essdata/s_chumakov/automl-journal/runs/autods-tabred/jobs/terminus-tabred-Mmid-20260829-185941/cooking-time__ihCJa4Z/agent/trajectory.json
Failed to retrieve model info for 'openrouter/google/gemma-4-31b-it': This model isn't mapped yet. model=openrouter/google/gemma-4-31b-it, custom_llm_provider=openrouter. Add it here - https://github.com/BerriAI/litellm/blob/main/model_prices_and_context_window.json.. Using fallback context limit: 1000000
Parser warnings: - Extra text detected before JSON object
- Extra text detected after JSON object
Trajectory dumped to /var/essdata/s_chumakov/automl-journal/runs/autods-tabred/jobs/terminus-tabred-Mmid-20260829-185941/weather__4WufQT2/agent/trajectory.json
Failed to retrieve model info for 'openrouter/google/gemma-4-31b-it': This model isn't mapped yet. model=openrouter/google/gemma-4-31b-it, custom_llm_provider=openrouter. Add it here - https://github.com/BerriAI/litellm/blob/main/model_prices_and_context_window.json.. Using fallback context limit: 1000000
Parser warnings: - Extra text detected before JSON object
- Extra text detected after JSON object
Installing: tmux, asciinema
Trajectory dumped to /var/essdata/s_chumakov/automl-journal/runs/autods-tabred/jobs/terminus-tabred-Mmid-20260829-185941/weather__4WufQT2/agent/trajectory.json
Trajectory dumped to /var/essdata/s_chumakov/automl-journal/runs/autods-tabred/jobs/terminus-tabred-Mmid-20260829-185941/weather__4WufQT2/agent/trajectory.json
Detected system: {'os': 'debian-based', 'package_manager': 'apt-get', 'update_command': None}
Installing tools using apt-get: DEBIAN_FRONTEND=noninteractive apt-get update && DEBIAN_FRONTEND=noninteractive apt-get install -y tmux asciinema
Parser warnings: - Extra text detected before JSON object
- Extra text detected after JSON object
Collecting main service artifacts
Trajectory dumped to /var/essdata/s_chumakov/automl-journal/runs/autods-tabred/jobs/terminus-tabred-Mmid-20260829-185941/cooking-time__ihCJa4Z/agent/trajectory.json
Trajectory dumped to /var/essdata/s_chumakov/automl-journal/runs/autods-tabred/jobs/terminus-tabred-Mmid-20260829-185941/cooking-time__ihCJa4Z/agent/trajectory.json
Collecting main service artifacts
Starting recording.
Sending keys: ['asciinema rec --stdin /logs/agent/recording.cast', 'Enter'] min_timeout_sec: 1.0 max_timeout_sec: 180.0
Sending keys: ['clear', 'Enter'] min_timeout_sec: 0.0 max_timeout_sec: 180.0
Failed to retrieve model info for 'openrouter/google/gemma-4-31b-it': This model isn't mapped yet. model=openrouter/google/gemma-4-31b-it, custom_llm_provider=openrouter. Add it here - https://github.com/BerriAI/litellm/blob/main/model_prices_and_context_window.json.. Using fallback context limit: 1000000
Skipping image OS validation for hb__c1e077a1b126740b5b97886b4c84a2bb: docker inspect returned 1
Skipping image OS validation for hb__a17abc1fec03fe69f280527c03c41533: docker inspect returned 1
Parser warnings: - Extra text detected before JSON object
- Extra text detected after JSON object
Sending keys: ['ls -l /app/data\n'] min_timeout_sec: 0.1 max_timeout_sec: 180.0
Sending keys: ['head -n 5 /app/data/train.csv\n'] min_timeout_sec: 0.1 max_timeout_sec: 180.0
Sending keys: ['cat /app/data/schema.json\n'] min_timeout_sec: 0.1 max_timeout_sec: 180.0
Trajectory dumped to /var/essdata/s_chumakov/automl-journal/runs/autods-tabred/jobs/terminus-tabred-Mmid-20260829-185941/maps-routing__b3ygCmX/agent/trajectory.json
Failed to retrieve model info for 'openrouter/google/gemma-4-31b-it': This model isn't mapped yet. model=openrouter/google/gemma-4-31b-it, custom_llm_provider=openrouter. Add it here - https://github.com/BerriAI/litellm/blob/main/model_prices_and_context_window.json.. Using fallback context limit: 1000000
Installing: tmux, asciinema
Detected system: {'os': 'debian-based', 'package_manager': 'apt-get', 'update_command': None}
Installing tools using apt-get: DEBIAN_FRONTEND=noninteractive apt-get update && DEBIAN_FRONTEND=noninteractive apt-get install -y tmux asciinema
Installing: tmux, asciinema
Detected system: {'os': 'debian-based', 'package_manager': 'apt-get', 'update_command': None}
Installing tools using apt-get: DEBIAN_FRONTEND=noninteractive apt-get update && DEBIAN_FRONTEND=noninteractive apt-get install -y tmux asciinema
Parser warnings: - Extra text detected before JSON object
- Extra text detected after JSON object
Sending keys: ["cat << 'EOF' > model.py\nimport pandas as pd\nimport lightgbm as lgb\nfrom sklearn.metrics import mean_squared_error\nimport numpy as np\n\n# Load data\nprint('Loading data...')\ntrain = pd.read_csv('/app/data/train.csv')\nval = pd.read_csv('/app/data/val.csv')\ntest = pd.read_csv('/app/data/test.csv')\n\n# Identify features\nnum_features = [c for c in train.columns if c.startswith('num_')]\ncat_features = [c for c in train.columns if c.startswith('cat_')]\ntarget = 'target'\n\n# Split X and y\nX_train = train[num_features + cat_features]\ny_train = train[target]\nX_val = val[num_features + cat_features]\ny_val = val[target]\nX_test = test[num_features + cat_features]\n\n# Handle categoricals: LightGBM can handle them if they are cast to category dtype\nfor col in cat_features:\n    X_train[col] = X_train[col].astype('category')\n    X_val[col] = X_val[col].astype('category')\n    X_test[col] = X_test[col].astype('category')\n\n# Build model\nprint('Training model...')\nmodel = lgb.LGBMRegressor(\n    n_estimators=1000,\n    learning_rate=0.05,\n    num_leaves=31,\n    random_state=42,\n    n_jobs=-1\n)\n\nmodel.fit(\n    X_train, y_train,\n    eval_set=[(X_val, y_val)],\n    eval_metric='rmse',\n    callbacks=[lgb.early_stopping(stopping_rounds=50)]\n)\n\n# Predict\nprint('Generating predictions...')\npreds = model.predict(X_test)\n\n# Save to csv\noutput = pd.DataFrame({'target': preds})\noutput.to_csv('/app/predictions.csv', index=False)\nprint('Predictions saved to /app/predictions.csv')\nEOF\n"] min_timeout_sec: 0.1 max_timeout_sec: 180.0
Sending keys: ['python3 model.py\n'] min_timeout_sec: 60 max_timeout_sec: 180.0
Starting recording.
Sending keys: ['asciinema rec --stdin /logs/agent/recording.cast', 'Enter'] min_timeout_sec: 1.0 max_timeout_sec: 180.0
Sending keys: ['clear', 'Enter'] min_timeout_sec: 0.0 max_timeout_sec: 180.0
Failed to retrieve model info for 'openrouter/google/gemma-4-31b-it': This model isn't mapped yet. model=openrouter/google/gemma-4-31b-it, custom_llm_provider=openrouter. Add it here - https://github.com/BerriAI/litellm/blob/main/model_prices_and_context_window.json.. Using fallback context limit: 1000000
Starting recording.
Sending keys: ['asciinema rec --stdin /logs/agent/recording.cast', 'Enter'] min_timeout_sec: 1.0 max_timeout_sec: 180.0
Sending keys: ['clear', 'Enter'] min_timeout_sec: 0.0 max_timeout_sec: 180.0
Failed to retrieve model info for 'openrouter/google/gemma-4-31b-it': This model isn't mapped yet. model=openrouter/google/gemma-4-31b-it, custom_llm_provider=openrouter. Add it here - https://github.com/BerriAI/litellm/blob/main/model_prices_and_context_window.json.. Using fallback context limit: 1000000
Parser warnings: - Extra text detected before JSON object
- Extra text detected after JSON object
Sending keys: ['ls -la /app/data\n'] min_timeout_sec: 0.1 max_timeout_sec: 180.0
Sending keys: ['head -n 5 /app/data/train.csv\n'] min_timeout_sec: 0.1 max_timeout_sec: 180.0
Sending keys: ['pip install catboost pandas scikit-learn\n'] min_timeout_sec: 10.0 max_timeout_sec: 180.0
Trajectory dumped to /var/essdata/s_chumakov/automl-journal/runs/autods-tabred/jobs/terminus-tabred-Mmid-20260829-185941/delivery-eta__dMj3P68/agent/trajectory.json
Failed to retrieve model info for 'openrouter/google/gemma-4-31b-it': This model isn't mapped yet. model=openrouter/google/gemma-4-31b-it, custom_llm_provider=openrouter. Add it here - https://github.com/BerriAI/litellm/blob/main/model_prices_and_context_window.json.. Using fallback context limit: 1000000
Trajectory dumped to /var/essdata/s_chumakov/automl-journal/runs/autods-tabred/jobs/terminus-tabred-Mmid-20260829-185941/sberbank-housing__UkQtgp8/agent/trajectory.json
Failed to retrieve model info for 'openrouter/google/gemma-4-31b-it': This model isn't mapped yet. model=openrouter/google/gemma-4-31b-it, custom_llm_provider=openrouter. Add it here - https://github.com/BerriAI/litellm/blob/main/model_prices_and_context_window.json.. Using fallback context limit: 1000000
Parser warnings: - Extra text detected before JSON object
- Extra text detected after JSON object
Sending keys: ['ls -l /app/predictions.csv\n'] min_timeout_sec: 0.1 max_timeout_sec: 180.0
Sending keys: ['wc -l /app/predictions.csv\n'] min_timeout_sec: 0.1 max_timeout_sec: 180.0
Trajectory dumped to /var/essdata/s_chumakov/automl-journal/runs/autods-tabred/jobs/terminus-tabred-Mmid-20260829-185941/delivery-eta__dMj3P68/agent/trajectory.json
Failed to retrieve model info for 'openrouter/google/gemma-4-31b-it': This model isn't mapped yet. model=openrouter/google/gemma-4-31b-it, custom_llm_provider=openrouter. Add it here - https://github.com/BerriAI/litellm/blob/main/model_prices_and_context_window.json.. Using fallback context limit: 1000000
Parser warnings: - Extra text detected before JSON object
- Extra text detected after JSON object
Sending keys: ['ls -la /app/data\n'] min_timeout_sec: 0.1 max_timeout_sec: 180.0
Sending keys: ['pip install xgboost pandas scikit-learn\n'] min_timeout_sec: 5.0 max_timeout_sec: 180.0
Parser warnings: - Extra text detected before JSON object
- Extra text detected after JSON object
Trajectory dumped to /var/essdata/s_chumakov/automl-journal/runs/autods-tabred/jobs/terminus-tabred-Mmid-20260829-185941/delivery-eta__dMj3P68/agent/trajectory.json
Failed to retrieve model info for 'openrouter/google/gemma-4-31b-it': This model isn't mapped yet. model=openrouter/google/gemma-4-31b-it, custom_llm_provider=openrouter. Add it here - https://github.com/BerriAI/litellm/blob/main/model_prices_and_context_window.json.. Using fallback context limit: 1000000
Sending keys: ["cat << 'EOF' > solution.py\nimport pandas as pd\nimport xgboost as xgb\nfrom sklearn.metrics import roc_auc_score\nimport numpy as np\n\n# Load data\ntrain = pd.read_csv('/app/data/train.csv')\nval = pd.read_csv('/app/data/val.csv')\ntest = pd.read_csv('/app/data/test.csv')\n\n# Identify feature types\nnum_cols = [c for c in train.columns if c.startswith('num_')]\nbin_cols = [c for c in train.columns if c.startswith('bin_')]\ncat_cols = [c for c in train.columns if c.startswith('cat_')]\n\nX_train = train.drop(columns=['target'])\ny_train = train['target']\nX_val = val.drop(columns=['target'])\ny_val = val['target']\n\n# Basic preprocessing: Fill numeric NaNs with median, cat NaNs with a constant\nfor col in num_cols:\n    X_train[col] = X_train[col].fillna(X_train[col].median())\n    X_val[col] = X_val[col].fillna(X_train[col].median())\n    test[col] = test[col].fillna(X_train[col].median())\n\nfor col in cat_cols:\n    X_train[col] = X_train[col].fillna(-1)\n    X_val[col] = X_val[col].fillna(-1)\n    test[col] = test[col].fillna(-1)\n\n# Convert categories to numeric if they aren't already\nfor col in cat_cols:\n    X_train[col] = X_train[col].astype('category').cat.codes\n    X_val[col] = X_val[col].astype('category').cat.codes\n    test[col] = test[col].astype('category').cat.codes\n\n# Train XGBoost\nmodel = xgb.XGBClassifier(n_estimators=500, learning_rate=0.05, max_depth=6, random_state=42, tree_method='hist', device='cuda' if xgb.BSTR_VERSION else 'cpu')\nmodel.fit(X_train, y_train, eval_set=[(X_val, y_val)], early_stopping_rounds=50, verbose=False)\n\n# Predict\npreds = model.predict_proba(test)[:, 1]\n\n# Save predictions\npreds_df = pd.DataFrame({'target': preds})\npreds_df.to_csv('/app/predictions.csv', index=False)\nprint('Predictions saved to /app/predictions.csv')\nEOF\n"] min_timeout_sec: 0.1 max_timeout_sec: 180.0
Sending keys: ['python3 solution.py\n'] min_timeout_sec: 10.0 max_timeout_sec: 180.0
Parser warnings: - Extra text detected before JSON object
- Extra text detected after JSON object
Trajectory dumped to /var/essdata/s_chumakov/automl-journal/runs/autods-tabred/jobs/terminus-tabred-Mmid-20260829-185941/delivery-eta__dMj3P68/agent/trajectory.json
Trajectory dumped to /var/essdata/s_chumakov/automl-journal/runs/autods-tabred/jobs/terminus-tabred-Mmid-20260829-185941/delivery-eta__dMj3P68/agent/trajectory.json
Collecting main service artifacts
Parser warnings: - Extra text detected before JSON object
- Extra text detected after JSON object
Sending keys: ['cat << \'EOF\' > solution.py\nimport pandas as pd\nfrom catboost import CatBoostRegressor\n\ndef solve():\n    train_df = pd.read_csv(\'/app/data/train.csv\')\n    val_df = pd.read_csv(\'/app/data/val.csv\')\n    test_df = pd.read_csv(\'/app/data/test.csv\')\n\n    X_train = train_df.drop(columns=[\'target\'])\n    y_train = train_df[\'target\']\n    X_val = val_df.drop(columns=[\'target\'])\n    y_val = val_df[\'target\']\n\n    cat_features = [col for col in X_train.columns if col.startswith(\'cat_\')]\n\n    model = CatBoostRegressor(\n        iterations=2000,\n        learning_rate=0.05,\n        depth=6,\n        eval_metric=\'RMSE\',\n        random_seed=42,\n        verbose=100\n    )\n\n    model.fit(\n        X_train, y_train, \n        eval_set=(X_val, y_val), \n        cat_features=cat_features, \n        early_stopping_rounds=100\n    )\n\n    preds = model.predict(test_df)\n    \n    predictions_df = pd.DataFrame({\'target\': preds})\n    predictions_df.to_csv(\'/app/predictions.csv\', index=False)\n    print("Predictions saved to /app/predictions.csv")\n\nif __name__ == \'__main__\':\n    solve()\nEOF\n'] min_timeout_sec: 0.1 max_timeout_sec: 180.0
Sending keys: ['python3 solution.py\n'] min_timeout_sec: 10.0 max_timeout_sec: 180.0
Trajectory dumped to /var/essdata/s_chumakov/automl-journal/runs/autods-tabred/jobs/terminus-tabred-Mmid-20260829-185941/homesite-insurance__e2bCihD/agent/trajectory.json
Failed to retrieve model info for 'openrouter/google/gemma-4-31b-it': This model isn't mapped yet. model=openrouter/google/gemma-4-31b-it, custom_llm_provider=openrouter. Add it here - https://github.com/BerriAI/litellm/blob/main/model_prices_and_context_window.json.. Using fallback context limit: 1000000
Trajectory dumped to /var/essdata/s_chumakov/automl-journal/runs/autods-tabred/jobs/terminus-tabred-Mmid-20260829-185941/sberbank-housing__UkQtgp8/agent/trajectory.json
Failed to retrieve model info for 'openrouter/google/gemma-4-31b-it': This model isn't mapped yet. model=openrouter/google/gemma-4-31b-it, custom_llm_provider=openrouter. Add it here - https://github.com/BerriAI/litellm/blob/main/model_prices_and_context_window.json.. Using fallback context limit: 1000000
Parser warnings: - Extra text detected before JSON object
- Extra text detected after JSON object
Sending keys: [''] min_timeout_sec: 30.0 max_timeout_sec: 180.0
Trajectory dumped to /var/essdata/s_chumakov/automl-journal/runs/autods-tabred/jobs/terminus-tabred-Mmid-20260829-185941/maps-routing__b3ygCmX/agent/trajectory.json
Failed to retrieve model info for 'openrouter/google/gemma-4-31b-it': This model isn't mapped yet. model=openrouter/google/gemma-4-31b-it, custom_llm_provider=openrouter. Add it here - https://github.com/BerriAI/litellm/blob/main/model_prices_and_context_window.json.. Using fallback context limit: 1000000
Parser warnings: - Extra text detected before JSON object
- Extra text detected after JSON object
Sending keys: ["cat << 'EOF' > solution.py\nimport pandas as pd\nimport xgboost as xgb\nimport numpy as np\n\n# Load data\ntrain = pd.read_csv('/app/data/train.csv')\nval = pd.read_csv('/app/data/val.csv')\ntest = pd.read_csv('/app/data/test.csv')\n\n# Identify feature types\nnum_cols = [c for c in train.columns if c.startswith('num_')]\ncat_cols = [c for c in train.columns if c.startswith('cat_')]\nbin_cols = [c for c in train.columns if c.startswith('bin_')]\n\nX_train = train.drop(columns=['target'])\ny_train = train['target']\nX_val = val.drop(columns=['target'])\ny_val = val['target']\n\n# Handle numerical NaNs\nfor col in num_cols:\n    median = X_train[col].median()\n    X_train[col] = X_train[col].fillna(median)\n    X_val[col] = X_val[col].fillna(median)\n    test[col] = test[col].fillna(median)\n\n# Handle categorical features\n# To ensure consistency, we map categories based on train\nfor col in cat_cols:\n    # Fill NaNs first\n    X_train[col] = X_train[col].fillna(-1)\n    X_val[col] = X_val[col].fillna(-1)\n    test[col] = test[col].fillna(-1)\n    \n    # Create mapping\n    unique_cats = X_train[col].unique()\n    mapping = {cat: i for i, cat in enumerate(unique_cats)}\n    \n    X_train[col] = X_train[col].map(mapping).fillna(len(unique_cats)).astype(int)\n    X_val[col] = X_val[col].map(mapping).fillna(len(unique_cats)).astype(int)\n    test[col] = test[col].map(mapping).fillna(len(unique_cats)).astype(int)\n\n# Train XGBoost\n# We use tree_method='hist' for speed\nmodel = xgb.XGBClassifier(\n    n_estimators=1000,\n    learning_rate=0.05,\n    max_depth=6,\n    random_state=42,\n    tree_method='hist',\n    device='cpu'\n)\n\n# Fit with early stopping\nmodel.fit(\n    X_train, y_train,\n    eval_set=[(X_val, y_val)],\n    early_stopping_rounds=50,\n    verbose=False\n)\n\n# Predict\npreds = model.predict_proba(test)[:, 1]\n\n# Save predictions\npreds_df = pd.DataFrame({'target': preds})\npreds_df.to_csv('/app/predictions.csv', index=False)\nprint('Predictions saved to /app/predictions.csv')\nEOF\n"] min_timeout_sec: 0.1 max_timeout_sec: 180.0
Sending keys: ['python3 solution.py\n'] min_timeout_sec: 10.0 max_timeout_sec: 180.0
Parser warnings: - Extra text detected before JSON object
- Extra text detected after JSON object
Sending keys: [''] min_timeout_sec: 60 max_timeout_sec: 180.0
Trajectory dumped to /var/essdata/s_chumakov/automl-journal/runs/autods-tabred/jobs/terminus-tabred-Mmid-20260829-185941/homesite-insurance__e2bCihD/agent/trajectory.json
Failed to retrieve model info for 'openrouter/google/gemma-4-31b-it': This model isn't mapped yet. model=openrouter/google/gemma-4-31b-it, custom_llm_provider=openrouter. Add it here - https://github.com/BerriAI/litellm/blob/main/model_prices_and_context_window.json.. Using fallback context limit: 1000000
Sending keys: ['ls -l /app/predictions.csv\n'] min_timeout_sec: 0.1 max_timeout_sec: 180.0
Sending keys: ['wc -l /app/predictions.csv\n'] min_timeout_sec: 0.1 max_timeout_sec: 180.0
Trajectory dumped to /var/essdata/s_chumakov/automl-journal/runs/autods-tabred/jobs/terminus-tabred-Mmid-20260829-185941/sberbank-housing__UkQtgp8/agent/trajectory.json
Failed to retrieve model info for 'openrouter/google/gemma-4-31b-it': This model isn't mapped yet. model=openrouter/google/gemma-4-31b-it, custom_llm_provider=openrouter. Add it here - https://github.com/BerriAI/litellm/blob/main/model_prices_and_context_window.json.. Using fallback context limit: 1000000
Parser warnings: - Extra text detected before JSON object
- Extra text detected after JSON object
Sending keys: ['head -n 5 /app/predictions.csv\n'] min_timeout_sec: 0.1 max_timeout_sec: 180.0
Trajectory dumped to /var/essdata/s_chumakov/automl-journal/runs/autods-tabred/jobs/terminus-tabred-Mmid-20260829-185941/sberbank-housing__UkQtgp8/agent/trajectory.json
Failed to retrieve model info for 'openrouter/google/gemma-4-31b-it': This model isn't mapped yet. model=openrouter/google/gemma-4-31b-it, custom_llm_provider=openrouter. Add it here - https://github.com/BerriAI/litellm/blob/main/model_prices_and_context_window.json.. Using fallback context limit: 1000000
Parser warnings: - Extra text detected before JSON object
- Extra text detected after JSON object
Trajectory dumped to /var/essdata/s_chumakov/automl-journal/runs/autods-tabred/jobs/terminus-tabred-Mmid-20260829-185941/sberbank-housing__UkQtgp8/agent/trajectory.json
Trajectory dumped to /var/essdata/s_chumakov/automl-journal/runs/autods-tabred/jobs/terminus-tabred-Mmid-20260829-185941/sberbank-housing__UkQtgp8/agent/trajectory.json
Collecting main service artifacts
Parser warnings: - Extra text detected before JSON object
- Extra text detected after JSON object
Sending keys: ["cat << 'EOF' > solution.py\nimport pandas as pd\nimport xgboost as xgb\nimport numpy as np\n\n# Load data\ntrain = pd.read_csv('/app/data/train.csv')\nval = pd.read_csv('/app/data/val.csv')\ntest = pd.read_csv('/app/data/test.csv')\n\n# Identify feature types\nnum_cols = [c for c in train.columns if c.startswith('num_')]\ncat_cols = [c for c in train.columns if c.startswith('cat_')]\nbin_cols = [c for c in train.columns if c.startswith('bin_')]\n\nX_train = train.drop(columns=['target'])\ny_train = train['target']\nX_val = val.drop(columns=['target'])\ny_val = val['target']\n\n# Handle numerical NaNs\nfor col in num_cols:\n    median = X_train[col].median()\n    X_train[col] = X_train[col].fillna(median)\n    X_val[col] = X_val[col].fillna(median)\n    test[col] = test[col].fillna(median)\n\n# Handle categorical features\nfor col in cat_cols:\n    X_train[col] = X_train[col].fillna(-1)\n    X_val[col] = X_val[col].fillna(-1)\n    test[col] = test[col].fillna(-1)\n    \n    unique_cats = X_train[col].unique()\n    mapping = {cat: i for i, cat in enumerate(unique_cats)}\n    \n    X_train[col] = X_train[col].map(mapping).fillna(len(unique_cats)).astype(int)\n    X_val[col] = X_val[col].map(mapping).fillna(len(unique_cats)).astype(int)\n    test[col] = test[col].map(mapping).fillna(len(unique_cats)).astype(int)\n\n# Train XGBoost\nmodel = xgb.XGBClassifier(\n    n_estimators=1000,\n    learning_rate=0.05,\n    max_depth=6,\n    random_state=42,\n    tree_method='hist',\n    device='cpu',\n    early_stopping_rounds=50\n)\n\n# Fit\nmodel.fit(\n    X_train, y_train,\n    eval_set=[(X_val, y_val)],\n    verbose=False\n)\n\n# Predict\npreds = model.predict_proba(test)[:, 1]\n\n# Save predictions\npreds_df = pd.DataFrame({'target': preds})\npreds_df.to_csv('/app/predictions.csv', index=False)\nprint('Predictions saved to /app/predictions.csv')\nEOF\n"] min_timeout_sec: 0.1 max_timeout_sec: 180.0
Sending keys: ['python3 solution.py\n'] min_timeout_sec: 10.0 max_timeout_sec: 180.0
Trajectory dumped to /var/essdata/s_chumakov/automl-journal/runs/autods-tabred/jobs/terminus-tabred-Mmid-20260829-185941/homesite-insurance__e2bCihD/agent/trajectory.json
Failed to retrieve model info for 'openrouter/google/gemma-4-31b-it': This model isn't mapped yet. model=openrouter/google/gemma-4-31b-it, custom_llm_provider=openrouter. Add it here - https://github.com/BerriAI/litellm/blob/main/model_prices_and_context_window.json.. Using fallback context limit: 1000000
Parser warnings: - Extra text detected before JSON object
- Extra text detected after JSON object
Sending keys: ['ls -la /app/predictions.csv\n'] min_timeout_sec: 0.1 max_timeout_sec: 180.0
Sending keys: ['wc -l /app/predictions.csv\n'] min_timeout_sec: 0.1 max_timeout_sec: 180.0
Sending keys: ['head -n 5 /app/predictions.csv\n'] min_timeout_sec: 0.1 max_timeout_sec: 180.0
Trajectory dumped to /var/essdata/s_chumakov/automl-journal/runs/autods-tabred/jobs/terminus-tabred-Mmid-20260829-185941/homesite-insurance__e2bCihD/agent/trajectory.json
Failed to retrieve model info for 'openrouter/google/gemma-4-31b-it': This model isn't mapped yet. model=openrouter/google/gemma-4-31b-it, custom_llm_provider=openrouter. Add it here - https://github.com/BerriAI/litellm/blob/main/model_prices_and_context_window.json.. Using fallback context limit: 1000000
Parser warnings: - Extra text detected before JSON object
- Extra text detected after JSON object
Sending keys: ['ls -la /app/predictions.csv\n'] min_timeout_sec: 0.1 max_timeout_sec: 180.0
Sending keys: ['wc -l /app/predictions.csv\n'] min_timeout_sec: 0.1 max_timeout_sec: 180.0
Sending keys: ['head -n 5 /app/predictions.csv\n'] min_timeout_sec: 0.1 max_timeout_sec: 180.0
Trajectory dumped to /var/essdata/s_chumakov/automl-journal/runs/autods-tabred/jobs/terminus-tabred-Mmid-20260829-185941/homesite-insurance__e2bCihD/agent/trajectory.json
Failed to retrieve model info for 'openrouter/google/gemma-4-31b-it': This model isn't mapped yet. model=openrouter/google/gemma-4-31b-it, custom_llm_provider=openrouter. Add it here - https://github.com/BerriAI/litellm/blob/main/model_prices_and_context_window.json.. Using fallback context limit: 1000000
Parser warnings: - Extra text detected before JSON object
- Extra text detected after JSON object
Trajectory dumped to /var/essdata/s_chumakov/automl-journal/runs/autods-tabred/jobs/terminus-tabred-Mmid-20260829-185941/homesite-insurance__e2bCihD/agent/trajectory.json
Failed to retrieve model info for 'openrouter/google/gemma-4-31b-it': This model isn't mapped yet. model=openrouter/google/gemma-4-31b-it, custom_llm_provider=openrouter. Add it here - https://github.com/BerriAI/litellm/blob/main/model_prices_and_context_window.json.. Using fallback context limit: 1000000
Parser warnings: - Extra text detected before JSON object
- Extra text detected after JSON object
Trajectory dumped to /var/essdata/s_chumakov/automl-journal/runs/autods-tabred/jobs/terminus-tabred-Mmid-20260829-185941/homesite-insurance__e2bCihD/agent/trajectory.json
Trajectory dumped to /var/essdata/s_chumakov/automl-journal/runs/autods-tabred/jobs/terminus-tabred-Mmid-20260829-185941/homesite-insurance__e2bCihD/agent/trajectory.json
Collecting main service artifacts
Sending keys: ['ls -l /app/predictions.csv\n'] min_timeout_sec: 0.1 max_timeout_sec: 180.0
Sending keys: ['wc -l /app/predictions.csv\n'] min_timeout_sec: 0.1 max_timeout_sec: 180.0
Trajectory dumped to /var/essdata/s_chumakov/automl-journal/runs/autods-tabred/jobs/terminus-tabred-Mmid-20260829-185941/maps-routing__b3ygCmX/agent/trajectory.json
Failed to retrieve model info for 'openrouter/google/gemma-4-31b-it': This model isn't mapped yet. model=openrouter/google/gemma-4-31b-it, custom_llm_provider=openrouter. Add it here - https://github.com/BerriAI/litellm/blob/main/model_prices_and_context_window.json.. Using fallback context limit: 1000000
Parser warnings: - Extra text detected before JSON object
- Extra text detected after JSON object
Trajectory dumped to /var/essdata/s_chumakov/automl-journal/runs/autods-tabred/jobs/terminus-tabred-Mmid-20260829-185941/maps-routing__b3ygCmX/agent/trajectory.json
Failed to retrieve model info for 'openrouter/google/gemma-4-31b-it': This model isn't mapped yet. model=openrouter/google/gemma-4-31b-it, custom_llm_provider=openrouter. Add it here - https://github.com/BerriAI/litellm/blob/main/model_prices_and_context_window.json.. Using fallback context limit: 1000000
Parser warnings: - Extra text detected before JSON object
- Extra text detected after JSON object
Trajectory dumped to /var/essdata/s_chumakov/automl-journal/runs/autods-tabred/jobs/terminus-tabred-Mmid-20260829-185941/maps-routing__b3ygCmX/agent/trajectory.json
Trajectory dumped to /var/essdata/s_chumakov/automl-journal/runs/autods-tabred/jobs/terminus-tabred-Mmid-20260829-185941/maps-routing__b3ygCmX/agent/trajectory.json
Collecting main service artifacts
